-- phpMyAdmin SQL Dump
-- version 5.2.2
-- https://www.phpmyadmin.net/
--
-- Gép: localhost
-- Létrehozás ideje: 2026. Ápr 22. 12:24
-- Kiszolgáló verziója: 8.0.42
-- PHP verzió: 8.2.29

SET SQL_MODE = "NO_AUTO_VALUE_ON_ZERO";
START TRANSACTION;
SET time_zone = "+00:00";


/*!40101 SET @OLD_CHARACTER_SET_CLIENT=@@CHARACTER_SET_CLIENT */;
/*!40101 SET @OLD_CHARACTER_SET_RESULTS=@@CHARACTER_SET_RESULTS */;
/*!40101 SET @OLD_COLLATION_CONNECTION=@@COLLATION_CONNECTION */;
/*!40101 SET NAMES utf8mb4 */;

--
-- Adatbázis: `kreativhobbi`
--

-- --------------------------------------------------------

--
-- Tábla szerkezet ehhez a táblához `cache`
--

CREATE TABLE `cache` (
  `key` varchar(255) COLLATE utf8mb4_unicode_ci NOT NULL,
  `value` mediumtext COLLATE utf8mb4_unicode_ci NOT NULL,
  `expiration` int NOT NULL
) ENGINE=InnoDB DEFAULT CHARSET=utf8mb4 COLLATE=utf8mb4_unicode_ci;

-- --------------------------------------------------------

--
-- Tábla szerkezet ehhez a táblához `cache_locks`
--

CREATE TABLE `cache_locks` (
  `key` varchar(255) COLLATE utf8mb4_unicode_ci NOT NULL,
  `owner` varchar(255) COLLATE utf8mb4_unicode_ci NOT NULL,
  `expiration` int NOT NULL
) ENGINE=InnoDB DEFAULT CHARSET=utf8mb4 COLLATE=utf8mb4_unicode_ci;

-- --------------------------------------------------------

--
-- Tábla szerkezet ehhez a táblához `cimkek`
--

CREATE TABLE `cimkek` (
  `id` int UNSIGNED NOT NULL,
  `nev` varchar(255) COLLATE utf8mb4_unicode_ci NOT NULL,
  `created_at` timestamp NULL DEFAULT NULL,
  `updated_at` timestamp NULL DEFAULT NULL
) ENGINE=InnoDB DEFAULT CHARSET=utf8mb4 COLLATE=utf8mb4_unicode_ci;

--
-- A tábla adatainak kiíratása `cimkek`
--

INSERT INTO `cimkek` (`id`, `nev`, `created_at`, `updated_at`) VALUES
(1, 'Horgolás', '2026-04-22 10:16:38', '2026-04-22 10:16:38'),
(2, 'Kötés', '2026-04-22 10:16:38', '2026-04-22 10:16:38'),
(3, 'Hímzés', '2026-04-22 10:16:38', '2026-04-22 10:16:38'),
(4, 'Barkácsolás', '2026-04-22 10:16:38', '2026-04-22 10:16:38'),
(5, 'DIY', '2026-04-22 10:16:38', '2026-04-22 10:16:38'),
(6, 'Lakás', '2026-04-22 10:16:38', '2026-04-22 10:16:38'),
(7, 'Kertészet', '2026-04-22 10:16:38', '2026-04-22 10:16:38'),
(8, 'Virágok', '2026-04-22 10:16:38', '2026-04-22 10:16:38'),
(9, 'quos', '2026-04-22 10:16:38', '2026-04-22 10:16:38'),
(10, 'minus', '2026-04-22 10:16:38', '2026-04-22 10:16:38'),
(11, 'aut', '2026-04-22 10:16:38', '2026-04-22 10:16:38'),
(12, 'nesciunt', '2026-04-22 10:16:38', '2026-04-22 10:16:38'),
(13, 'quidem', '2026-04-22 10:16:38', '2026-04-22 10:16:38'),
(14, 'possimus', '2026-04-22 10:16:38', '2026-04-22 10:16:38'),
(15, 'impedit', '2026-04-22 10:16:38', '2026-04-22 10:16:38'),
(16, 'maiores', '2026-04-22 10:16:38', '2026-04-22 10:16:38'),
(17, 'sit', '2026-04-22 10:16:38', '2026-04-22 10:16:38'),
(18, 'qui', '2026-04-22 10:16:38', '2026-04-22 10:16:38');

-- --------------------------------------------------------

--
-- Tábla szerkezet ehhez a táblához `felhasznaloadatok`
--

CREATE TABLE `felhasznaloadatok` (
  `felhasznalo_id` int UNSIGNED NOT NULL,
  `remember_token` varchar(100) COLLATE utf8mb4_unicode_ci DEFAULT NULL,
  `szerepkor` enum('admin','moderator','sima','felfuggesztett') COLLATE utf8mb4_unicode_ci NOT NULL DEFAULT 'sima',
  `vezeteknev` varchar(100) COLLATE utf8mb4_unicode_ci DEFAULT NULL,
  `keresztnev` varchar(100) COLLATE utf8mb4_unicode_ci DEFAULT NULL,
  `varos` int UNSIGNED DEFAULT NULL,
  `utca` varchar(255) COLLATE utf8mb4_unicode_ci DEFAULT NULL,
  `hazszam` int DEFAULT NULL,
  `emeletAjto` varchar(10) COLLATE utf8mb4_unicode_ci DEFAULT NULL,
  `telefonszam` varchar(20) COLLATE utf8mb4_unicode_ci DEFAULT NULL,
  `kartyaszam` text COLLATE utf8mb4_unicode_ci,
  `kartya_nev` varchar(100) COLLATE utf8mb4_unicode_ci DEFAULT NULL,
  `kartya_honap` tinyint UNSIGNED DEFAULT NULL,
  `kartya_ev` smallint UNSIGNED DEFAULT NULL
) ENGINE=InnoDB DEFAULT CHARSET=utf8mb4 COLLATE=utf8mb4_unicode_ci;

--
-- A tábla adatainak kiíratása `felhasznaloadatok`
--

INSERT INTO `felhasznaloadatok` (`felhasznalo_id`, `remember_token`, `szerepkor`, `vezeteknev`, `keresztnev`, `varos`, `utca`, `hazszam`, `emeletAjto`, `telefonszam`, `kartyaszam`, `kartya_nev`, `kartya_honap`, `kartya_ev`) VALUES
(1, NULL, 'admin', 'Test', 'Felhasznalo', 1, 'Admin Street', 1, '1/A', '+36304627699', 'eyJpdiI6IldqTDgxU2s4bVF0TlJnbEl5WDVJeFE9PSIsInZhbHVlIjoiWnVLTGlYTlN1WGF6RGFYNkJlSjhCM0dYQlE1aUFOTU9zbjVFN1gyMW1CZz0iLCJtYWMiOiI1MzUzZDFmZDNkNWVjYTgzYTAxMTcwYWE1MTBjYWFmNzY5NWI0NzZkYzI5ZmJiODAzYWIxMmUwNGZkYzg4ZDUwIiwidGFnIjoiIn0=', 'Test Felhasznalo', 1, 2024),
(2, NULL, 'moderator', 'Kovács', 'Edit', 2, 'Idk Street', 5, '1/A', '+36201578456', 'eyJpdiI6InV1cDhkWlZVMDRVQzZLT1Zsb0RyQ0E9PSIsInZhbHVlIjoiRVppOFI5VkRrYkJCbUtkRnBYK0lVU096UFRvTVZybjV3Y2ZnOHVUYmtrND0iLCJtYWMiOiIxYTg3NzhmNDM1NjUyNjgyMDM2MWVkMWYxY2IwZDY2YmM3NDdiY2YxMTkwMDc3NjhkZWNhZmUxZDQwOWY1NDQwIiwidGFnIjoiIn0=', 'Mr. Reagan Pouros', 7, 2029),
(3, NULL, 'moderator', 'Tóthpal', 'István', 2, 'Idk Street', 5, '1/A', '+36709512357', 'eyJpdiI6Iks0RzhDZUQ1V2d0RS9HaTQwekVlV2c9PSIsInZhbHVlIjoiWWQ3MUJ1VHFHblZhaXlUMkxPMGk2cmtpTTU1ejZNcTRkNXFpcjU5amU3cz0iLCJtYWMiOiI2NTUxZGJjNzZmY2NiYTczM2ZhMDA3ZGFkZjk4NjJmZjBiZTE4NzNhYjk1NGE1NzNlMzBhODkxZmM5MmFjMmZiIiwidGFnIjoiIn0=', 'Sherman Lind', 12, 2030),
(34, NULL, 'sima', 'Dibbert', 'Aurelie', 1391, 'Orion Point', 5441, '89gr', '12342778280', 'eyJpdiI6InNyUjczbG1ra2QxSVg5TmtBczRWb3c9PSIsInZhbHVlIjoiVHZvNW1yZ2NONW8zVnp2RDZhTEJ3OVhWN1NRcjcwdU9maUZ1aFBQM3dndz0iLCJtYWMiOiJkNmEzODk3NDY4ZGRiNjg5ZDdkN2YyMDljOWU4MDYxYWVlNDQyM2Q3YThmMzVmYmMxZTg1YzI3MWEwN2ZmMTNjIiwidGFnIjoiIn0=', 'Mr. Murray Leffler DVM', 1, 2025),
(35, NULL, 'sima', 'Bashirian', 'Kaylah', 615, 'Cole Knoll', 7077, '49zc', '16305049444', 'eyJpdiI6IkVnd2JxNnZtMkk1S0xENG52TElPeHc9PSIsInZhbHVlIjoiZUovYTNlaXNuUElIZCtpMXYwZHhGbkQ1WVk1WTNjWGVwRmxoMThmUVo0OD0iLCJtYWMiOiIxY2EwOWQ3MzMwNTQxN2E4NTRiNDdjYTcxMTRiMTBiYzlmNWI2MmEwZTkwZTM3YzRiMjdjMTRhYTA0NmM1ZTU4IiwidGFnIjoiIn0=', 'Prof. Clare Jones DVM', 9, 2024),
(36, NULL, 'sima', 'Cummerata', 'Shaina', 192, 'Anya Throughway', 44952, '70wq', '7546337532', 'eyJpdiI6Imx6Yks5VHc2NkcxcDZkblVsVW4rcUE9PSIsInZhbHVlIjoiTloyOXZzbkJLY1BrK1JCY2ZlYzE0U01ZeklzZmJ2dUFURjlQcUVFSTJpST0iLCJtYWMiOiI3Zjg3YTBmZDJiYmMzNjFiMzFlNzY4NDIzMTNmMDZhYmI4OGQ5NWEzN2QwZmQyNGRhODRlYWRiOTFlNDJkNDk0IiwidGFnIjoiIn0=', 'Sasha McCullough', 5, 2025),
(37, NULL, 'sima', 'Hudson', 'Reese', 354, 'Dee Villages', 9104, '98em', '2769679324', 'eyJpdiI6IkZPU2E5QTR4Rmx3aE9maEhkVHF6aFE9PSIsInZhbHVlIjoieDhHdlFkZGJrazgzMmdXdGgrN0JjMFo1c1dISWRRaitGRjUyV1JPcmFHcz0iLCJtYWMiOiIwOWM3OTNlODEzZDI3NGFiMjQzYzI3NTdjNWUwMmMyYjRkZmU5ZjQ3ZTY1MmYwZjcyMzNlNzEyMTJhMGUyODIyIiwidGFnIjoiIn0=', 'Danika Douglas II', 4, 2025),
(38, NULL, 'sima', 'Zboncak', 'Jon', 1052, 'Corkery Knolls', 600, '74wb', '6784570448', 'eyJpdiI6Iis4MDVxaVBqbzdUcE9VbUJBcmVURGc9PSIsInZhbHVlIjoieVh1VFNRRFlrcXBYa1dKS0o2dXZPdmYzNXlIQUFpZjRPZUFWdEl5NnlmVT0iLCJtYWMiOiIwYTJmOWFkMmNhN2E3OTE2MGE2NGIxYTVlMDJiZTg4ZTQ0OWIyYzdmMGQyMDdjNjEzMjc4ZjVkNmU0OGRlNzlhIiwidGFnIjoiIn0=', 'Pietro Lueilwitz', 9, 2029),
(39, NULL, 'sima', 'Ferry', 'Sherman', 1641, 'Missouri Skyway', 2359, '59ro', '7476927542', 'eyJpdiI6ImVDWkppMjlDNlJyK0NPNC9nWEZrbGc9PSIsInZhbHVlIjoiSmVuczRlRStWNWpnZm96Z2p0dklaMWlvS3EwOEtwcUpPanpDejNrb2hRcz0iLCJtYWMiOiIwNGFkY2RkYzUwNWU0MzQ2ZjI1ZjI4Y2I4OGUxZmQ3NzM4MTgyN2FlNjRmMGU0YjgwYzdlZDQ1ZTVmNTI1ZDMzIiwidGFnIjoiIn0=', 'Miss Nya Mann Sr.', 1, 2027),
(40, NULL, 'sima', 'O\'Keefe', 'Theodora', 2051, 'Larson Course', 777, '28rd', '6628452409', 'eyJpdiI6Im1xaEFkZ3VSWHhjUEk1RjNSckNQUXc9PSIsInZhbHVlIjoiMVd1alp6ZDQzanMwUkRyVnI1ak1jU3VwQjgxbGdWYUZ1alRjWEtaSXVCWT0iLCJtYWMiOiJmMDBjYzNlNmI1NmE5NjRlOTQ0YTMzZTdkNWU1YzI5NjU1MjlkNzA3MmI5MzI3MzA4OWRkY2YzYTU3NjBkYzQ5IiwidGFnIjoiIn0=', 'Celia Champlin', 6, 2027),
(41, NULL, 'sima', 'O\'Hara', 'Zechariah', 1152, 'Dietrich Isle', 7878, '48lh', '2695313714', 'eyJpdiI6IkpHZ2U2eU94UW8zYUNuRitLakpIZFE9PSIsInZhbHVlIjoiRDBpZytrRVZZdjIxRTFtZ29ZNDJwbjh5ZmdoY1AxbHZlc2J2QzNJaERHTT0iLCJtYWMiOiJhODljYzAwZjM0MTYxYTA1MTI2YjJjYWJjODUyNDBiMDdjODQ1NGUzZTRjNmZlNjI2YWQzY2Q1YmY4Zjk3N2JlIiwidGFnIjoiIn0=', 'Arno Hartmann', 10, 2023),
(42, NULL, 'sima', 'Schoen', 'Domenick', 1045, 'Austen Wells', 661, '64lz', '19252887158', 'eyJpdiI6IjVFZFE0K3RyOWxQYmU5M2NFQnRLZHc9PSIsInZhbHVlIjoiQU85eHpIRDJVck91SVkybmJSdGdTQ0Y5N3F1eDhOM3VFUEV2d2cyaVRIaz0iLCJtYWMiOiIwZTlmNzg0OTE3YjFlYzcwNmExOGVhZDYyNWM1MTJjOTkyMDc2ZTA5YTU2ZDBiZDA1N2Y3ZGFkNjI0YWI5MGVkIiwidGFnIjoiIn0=', 'Brionna O\'Conner', 7, 2023),
(43, NULL, 'sima', 'Corwin', 'Okey', 1757, 'Gwen Junctions', 8352, '69dq', '16789929014', 'eyJpdiI6IkJJblFkekZyVC95Z3ZHLzI1MXhBb2c9PSIsInZhbHVlIjoiM3NWYjVzcWJ0YTRRSG8zQUlVUzZiTmdyaGdHckVJWCtsTnNtZWszYWVuMD0iLCJtYWMiOiJjZDVmZDU4ODU5ZjVlY2E1YjlmN2JiZmQ2NzNjZjM1NWRlMjRhNGE3ZDA5Y2IzNzdjNmJjOTViM2UwZGJmNWE5IiwidGFnIjoiIn0=', 'Mrs. Natalie Mante', 5, 2026),
(44, NULL, 'sima', 'Luettgen', 'Lulu', 482, 'Reichert Curve', 376, '70ks', '12014338396', 'eyJpdiI6Iis3U2dsSHRrdUR6UzdrdUpYRStCUEE9PSIsInZhbHVlIjoiWm5sc2t3a0RzSUtnek9HdVBqZVE3YmswU1VuNWtiOFpRL0txWmdpSFNXUT0iLCJtYWMiOiI1MzIxN2I2MzkxYzNlYzdkMTQwYjJkNDc1NWE4ODQ5Yzk1M2E0MTJmOGE4Yzk4YzZjYzg1NDg1MjU1Y2U5MGVkIiwidGFnIjoiIn0=', 'Brielle Schowalter', 6, 2028),
(45, NULL, 'sima', 'O\'Hara', 'Juanita', 3554, 'Lynch Harbor', 9123, '22ln', '15415873202', 'eyJpdiI6IjZ3am1tbFpHSWJHTjVKK1VnYWVVamc9PSIsInZhbHVlIjoiUmthbVdYaTFrdFBxajh0UFpOclJjMmYwN0Y1YzdUMnB4R1RwVTlzMjVNQT0iLCJtYWMiOiJhYjJkMzQ4MjBhOWE3NTE4OGFjOTNmMWNjNmUyODYxYzIzMzJjMDI2ZTc4MDI4OTZkMzcxZDAwNmI3ZTQ4ODhhIiwidGFnIjoiIn0=', 'Concepcion Schneider MD', 9, 2024),
(46, NULL, 'sima', 'Reinger', 'Domenica', 3170, 'Greenholt Park', 56842, '19lz', '15316604998', 'eyJpdiI6IlY1SDIxU1ZCNzBIS2R3N1hsNG92OEE9PSIsInZhbHVlIjoiS0lnK2lrYWFleU5zUjRtZXEwbUJTeWlWaHdjVW1RR1JpZm44WmMvaThZQT0iLCJtYWMiOiJmMDkwNzkzODUxY2M4YzY0MjAyZDFmZDA1NmJmYjEyOTI4M2Y2N2IzMmQ3MmJmOThlYTI2YjUxODdkNzU2NGUwIiwidGFnIjoiIn0=', 'Marguerite McGlynn', 3, 2029),
(47, NULL, 'sima', 'Bechtelar', 'Mittie', 3279, 'Torp Islands', 93636, '71og', '2815280054', 'eyJpdiI6IjBTMTVQZUp3ZW1kK3hETDdLcHNqRnc9PSIsInZhbHVlIjoiZFIwUmw3b1pjSEpsdTdNKzdLTWxHTWQ1NGRjR1hJdE5ZbTRSK1ZySHpFST0iLCJtYWMiOiI5ODlhYmYyN2I1Y2Y5YzBmOTM1YjY5ODhhMzhhMjgxZDI2ZWI1MDk5OGZiM2Q0N2FmODUwOTdhNjQ2MTcyYzY0IiwidGFnIjoiIn0=', 'Maci Schuppe', 4, 2030),
(48, NULL, 'sima', 'Aufderhar', 'Geoffrey', 550, 'Walsh Viaduct', 413, '42xv', '9797981596', 'eyJpdiI6IkorQUpsM2lHc3hOTWRlNXNGaWU1QkE9PSIsInZhbHVlIjoid003M21MQmVhdVk3MnhEaE1ubnFDdVhvbFg0RWI4a29kQ2JacFJZb3lvMD0iLCJtYWMiOiJmMTllOWYzNGRkMTg4ODRiNDlhMzMwYjUwNjMyNzE0Yzc3YTM3NWVkMmE2NDE0NDdmNGYwZGViZjgyMWFlMTJhIiwidGFnIjoiIn0=', 'Flavie Flatley Sr.', 4, 2030),
(49, NULL, 'sima', 'Kunze', 'Marlee', 3017, 'Murphy Unions', 665, '73ao', '13012510294', 'eyJpdiI6IjBOakhJK2Jaam4wZEQ0TjJ3Mk1oQUE9PSIsInZhbHVlIjoicjdoZ3hwaUNkQm9MTDJLd0VJSC9hUmFkREtZSzNrdUQvS0FzSzZjZ1N0TT0iLCJtYWMiOiI0ZGQzYWU3MWI5OGI0YTExMTIwNDRmNDU2NGM1YzFmNjZmY2M1MzNlZWNjNzQ2OGM4NDNhOWJiYmYxZThlZTRlIiwidGFnIjoiIn0=', 'Brennon Brekke DVM', 1, 2025),
(50, NULL, 'sima', 'Mertz', 'Petra', 3086, 'Shaun Knoll', 213, '38pk', '17436434989', 'eyJpdiI6IkFSZXgwZkZWY3VSR0xmTXlIQ2JJMHc9PSIsInZhbHVlIjoiVFZTTnVsS01EMkhpdmM0UXRXTVJzc1luZ3NqOFBUMGViaU02YmNzQnRSWT0iLCJtYWMiOiJiYTIwOGNkMWE0ZmNiNDBjYWQ4OTliZjI3MzA4N2U0OTU2N2Y2NzBmNzEwY2M2OWVmNTBmMzAyNmQyY2M1YzkzIiwidGFnIjoiIn0=', 'Margie Rath', 12, 2027),
(51, NULL, 'sima', 'Parker', 'Ernestina', 963, 'Thiel Run', 49977, '31hf', '2346184415', 'eyJpdiI6InNKSGd4WUZiOU43ZFBwYk9wUUVZclE9PSIsInZhbHVlIjoiZ2tpZ2RUL016cFRxaHkwc2dDYm5rU3FHZ1E5M0w0MEtjdHVQY1Q2Mm85ND0iLCJtYWMiOiI3ZjRmZjlhNzFkODA3NzJhNTJjN2YzODZlNGU0NjNiMjUyNjRhN2ViNzBiY2FjNDk2NmJjYjk4ZWExMjlkZjhlIiwidGFnIjoiIn0=', 'Ottilie Keeling', 11, 2024),
(52, NULL, 'sima', 'Frami', 'Deondre', 1373, 'Landen Bypass', 7732, '73vj', '13194940329', 'eyJpdiI6IjlTN0g5VlBCaE1obHgzR0RzeEgzcGc9PSIsInZhbHVlIjoicmtYa1JUd2NLUXEwdXdEdjdtT2tnWUt4V1BGUFhKWjBsS1ZLbGtvbTBPVT0iLCJtYWMiOiI5MGE3YmMwYzIyNjM4Njg4ZTEyNTFlZTgxMTkzNzk1OGU1YTcxYzI3YjE0NTAwY2VlNjg1MTVhZTQ4ODY5Y2RlIiwidGFnIjoiIn0=', 'Celia Turner', 2, 2023),
(53, NULL, 'sima', 'Pagac', 'Aliza', 86, 'Kamren Skyway', 246, '66kl', '8789892921', 'eyJpdiI6ImNjR3VaVG5lWUN5V1BBbHZlMkI4WUE9PSIsInZhbHVlIjoicUpyNWxwYTRaMnNzK0VrOTVNSU1pSEl0UnhMdjhlc0dXbWRFUW1OQTdwbz0iLCJtYWMiOiI4MjI5MzBjMTE3MDE3NWYyZDU2YzU2MzlkOGI0ZDhlNjg3NmExY2RhYmQzYTY4YjgyMDlhYzljNTM1OTM0OGNkIiwidGFnIjoiIn0=', 'Camryn Romaguera', 11, 2023),
(54, NULL, 'sima', 'Ankunding', 'Noemie', 1512, 'Fae Groves', 8884, '48sl', '2016638844', 'eyJpdiI6Ik9jSHAwQTROeVp3NGlXbFE1bEkzb3c9PSIsInZhbHVlIjoiZkN4bTJwdkJ2b3QzVGRMcXVoM21JUXdHd0tzUE5ZWlhudGNYdmViMHlsWT0iLCJtYWMiOiJkMzlmZGE3M2NkZDA0NGVkZWUyYmU0YmY4YmZkNDk3MDkwM2FiNDk0YWYzZWU4MWE0OTVjMTdjYTQ5OWEzZmQ2IiwidGFnIjoiIn0=', 'David Bahringer Jr.', 5, 2024),
(55, NULL, 'sima', 'Schimmel', 'Alda', 3201, 'Feest Underpass', 97622, '28jo', '7739704909', 'eyJpdiI6IkVyRTd3NUg0WkF4M3RxbXpZUUx0cVE9PSIsInZhbHVlIjoiTEpCTDFRWFYvVmkycDk1UmxOM1NFOExGK1VxZEhaVEg4dE9XVXdLWkdZbz0iLCJtYWMiOiJmZTY1NDVlODdhZDkwNWM1OTJjNWVjNDg1ZDk1ZmVjOTBhNzE3YTZhZjI0Mzc1NmE4MzdmZmE3MTFjOWNhZmY3IiwidGFnIjoiIn0=', 'Dr. Kade Bergnaum', 3, 2026),
(56, NULL, 'sima', 'Huels', 'Bernadette', 32, 'Jones Field', 2638, '09uw', '3614662576', 'eyJpdiI6Imd5SlhLMDlDQTdaVG9rSGRDLzlLSHc9PSIsInZhbHVlIjoicG81QmxKeVlDOGhCcUFJNVpBdGJIVW5JYkpJREdnNytrT2ZuN3dQS05Oaz0iLCJtYWMiOiJjN2M5YTQwODE2MjVlMDFjMGE1NjdmMTFlYTZkNjA5NGVlZmY2NGFmZTYyY2JjNjlkNDdjYjJkYmM1ZmMzYjg1IiwidGFnIjoiIn0=', 'Trudie Upton', 5, 2030),
(57, NULL, 'sima', 'Beatty', 'Wilfredo', 1426, 'Sammy Freeway', 825, '07ul', '9847916975', 'eyJpdiI6IlJtWWFicWZJbUIvZDVuTzZ3U3ZVRmc9PSIsInZhbHVlIjoiZ3lhQ1grbWNRRVhQYkFUVDdNSDJhNFBOMmZrdEpwdmJybjQ0T05GbUFtOD0iLCJtYWMiOiJmZjExMDQ0OTM0MTVmM2Q2NGQ1NjUzMjE0OWFhYjNmMDExNDQyNWY4NDc5MDQwNjBiOWJjMDU1OThiNWMzMmVhIiwidGFnIjoiIn0=', 'Itzel Feest DDS', 10, 2028),
(58, NULL, 'sima', 'Mayer', 'Ashlynn', 3269, 'Misty Key', 4485, '84vg', '14783157306', 'eyJpdiI6IkxMKzNTSktEL1dyWEdCZSt5dFRWQWc9PSIsInZhbHVlIjoiWTFPU1VFU3BiSnNPYThURTlWZ0ZPeUlZSjQyblVYTEl4MkRVY3lUclI0cz0iLCJtYWMiOiJhY2M5MzcwMzUxNDFmMTMzMjc1ZTUxMGIwZGIwNGE3MTU1M2MwM2ZiY2Q4OGY1ZTdkYTdjODk1NGU4YmY0NzQwIiwidGFnIjoiIn0=', 'Eddie Anderson', 3, 2029),
(59, NULL, 'sima', 'Will', 'Ted', 2364, 'Kling Mission', 5980, '08hw', '19565128501', 'eyJpdiI6Imx5a3A4RWZsM3F0V29YbFdXUmpkN3c9PSIsInZhbHVlIjoiK0RPZ2Eydi9jQkdNanZJcC91V3A0VmwyTDJXRGxiWFVpM1RBM1ZOYnozWT0iLCJtYWMiOiJkODVlYjEwMzUyNWU5ZDc0MzU5ZjZiNTM4NjY4NDAyNzhkMjMyMDYxM2JkMmMwMTA2NzQwZjM2N2JmMGViZDU2IiwidGFnIjoiIn0=', 'Margie Towne', 12, 2028),
(60, NULL, 'sima', 'Goldner', 'Rodrick', 2613, 'Baumbach Points', 182, '99eq', '2189829084', 'eyJpdiI6Imd5aUdicHk3ak9ONUpXTjJjM3FGeEE9PSIsInZhbHVlIjoiSS9VY25ha1N5SE92WS94QWRXNWFBWFRSU3BlME9Lc1FpSVNWM3BkVVArUT0iLCJtYWMiOiI2YTQ1ZDcyZDNhZjc4YzJjZWQ1OGEwYTE4MGNmNzg4MTI4ZjdmNzY4NGE1MjZjMTcxNTg4YzIzZDhlODQzMzA2IiwidGFnIjoiIn0=', 'Dimitri Gutkowski PhD', 6, 2025),
(61, NULL, 'sima', 'Kreiger', 'Carolyne', 3348, 'Mosciski Harbors', 6204, '16st', '6199190108', 'eyJpdiI6IitxbU1iVzJpQkhMMW4zZ2NDbXpxTWc9PSIsInZhbHVlIjoibXVBTmt1SWRsVUNjSTlpa3dVUkpMQ1pqMlAwdEE3K201RFVYMnR6Y1NCVT0iLCJtYWMiOiI2MDU0MzUxNWY1NDUyZTA1MzhmZmE2YzY3MTA2NzNiMjExZTFjMDNmYmE3NzI2MDFjNGFkMWJkYmY2YzlmNWE3IiwidGFnIjoiIn0=', 'Dr. Oda Nicolas', 3, 2030),
(62, NULL, 'sima', 'Volkman', 'Katarina', 448, 'Konopelski Mews', 691, '23jf', '18489812106', 'eyJpdiI6IitIWjdKbW9hbG9xcGVBTFRUTVFMQnc9PSIsInZhbHVlIjoidUx1U0pjZFozM2pkb05uUDRTMGVSdUJVZHFDUE84UER2SjhqdHZLZFNicz0iLCJtYWMiOiI1YWU0YjIyNzdmYWU4ZTU1Nzk0Y2I0NDAzZDRhNjM3ZTQ1NWRiYjY0ZDQ2ZDlkZTE0NmZiN2Q1ZmZiODRhYWNkIiwidGFnIjoiIn0=', 'Talon Cole', 3, 2027),
(63, NULL, 'sima', 'Jast', 'Marianne', 1024, 'Mariane Turnpike', 43519, '63vj', '6035716185', 'eyJpdiI6IjVwVEF4OVQ4ZGdTM0tLZHhYcml2cGc9PSIsInZhbHVlIjoiRTR6UUw1SXg2ZllJc3I0U1ViUm1uT3F1MkdKaFJueWVuenNMc1UraUM1az0iLCJtYWMiOiJjZTExNjc1ZWM4MDUxYzJhNWU2Y2E3ODIwMGI4Yzk0ZGI1NzhhYjdmMTc0MGEyMDFjM2I5MjRkOGIxOThhMGI3IiwidGFnIjoiIn0=', 'Darrion Pollich', 10, 2030);

-- --------------------------------------------------------

--
-- Tábla szerkezet ehhez a táblához `felhasznalok`
--

CREATE TABLE `felhasznalok` (
  `id` int UNSIGNED NOT NULL,
  `felhasz_nev` varchar(100) COLLATE utf8mb4_unicode_ci NOT NULL,
  `email` varchar(150) COLLATE utf8mb4_unicode_ci NOT NULL,
  `email_verified_at` timestamp NULL DEFAULT NULL,
  `jelszo` varchar(255) COLLATE utf8mb4_unicode_ci NOT NULL,
  `profilKep_id` int UNSIGNED NOT NULL DEFAULT '1',
  `hatterKep_id` bigint UNSIGNED DEFAULT NULL,
  `statusz` tinyint(1) NOT NULL DEFAULT '1',
  `letrehozas_Datuma` timestamp NOT NULL DEFAULT CURRENT_TIMESTAMP,
  `utolso_Belepes` timestamp NULL DEFAULT CURRENT_TIMESTAMP ON UPDATE CURRENT_TIMESTAMP,
  `created_at` timestamp NULL DEFAULT NULL,
  `updated_at` timestamp NULL DEFAULT NULL
) ENGINE=InnoDB DEFAULT CHARSET=utf8mb4 COLLATE=utf8mb4_unicode_ci;

--
-- A tábla adatainak kiíratása `felhasznalok`
--

INSERT INTO `felhasznalok` (`id`, `felhasz_nev`, `email`, `email_verified_at`, `jelszo`, `profilKep_id`, `hatterKep_id`, `statusz`, `letrehozas_Datuma`, `utolso_Belepes`, `created_at`, `updated_at`) VALUES
(1, 'Teszt Felhasználó', 'test@example.com', '2026-04-22 10:16:24', '$2y$12$vAhGKtct25XvmN80j7IFROJzL3De1sxyNBDcaR3IRGbA9XDPEZnLG', 2, NULL, 1, '2022-12-31 23:00:00', '2026-04-22 10:16:24', '2026-04-22 10:16:24', '2026-04-22 10:16:24'),
(2, 'Kovács Edit', 'kovacs.edit@diak.szbi-pg.hu', NULL, '$2y$12$vORtsMDceWMfcIIsjHhOLOjg3ZB4ooegACj5gGRXa358QKEIb45jy', 2, NULL, 1, '2026-02-19 23:00:00', '2026-04-22 10:16:24', '2026-04-22 10:16:25', '2026-04-22 10:16:25'),
(3, 'Tóthpal István', 'tothpal.istvan@diak.szbi-pg.hu', NULL, '$2y$12$ttxlDm2NshwLUta4ExfKu.blSFC1YTpuOcXgvjrsMDB0CDyvuMMK.', 2, NULL, 1, '2026-02-19 23:00:00', '2026-04-22 10:16:25', '2026-04-22 10:16:25', '2026-04-22 10:16:25'),
(4, 'Ms. Kamille Witting DDS', 'jovani41@example.net', NULL, '$2y$12$pQ5T.INnjbbph7K73eXngunjks8M6i0HSBEgSytftqpQUUXGrNrHq', 2, NULL, 0, '2026-01-07 08:36:40', '2026-04-22 12:16:31', '2026-04-22 10:16:31', '2026-04-22 10:16:31'),
(5, 'Vernie Quigley', 'maynard64@example.net', NULL, '$2y$12$TfB6gPIt9CV49EGH0Ou6OOszunALg1xlTcTjv04gVFehQfGBqVQRC', 3, NULL, 1, '2026-04-05 10:30:44', '2026-04-22 12:16:31', '2026-04-22 10:16:31', '2026-04-22 10:16:31'),
(6, 'Myrtice Marquardt Sr.', 'ndicki@example.org', NULL, '$2y$12$k55/D6jXzt9RFYZOw4BChubLfTHepQZUqyU78dl7QQsQd71Zps1/2', 1, NULL, 0, '2026-03-11 23:52:11', '2026-04-22 12:16:31', '2026-04-22 10:16:31', '2026-04-22 10:16:31'),
(7, 'Dr. Abigayle Senger', 'tyler28@example.net', NULL, '$2y$12$1UxED3n7waUHv3uX3kQY/OggFMPYWmpAFTGX3HdbpLw6OL9EwvqxO', 3, NULL, 0, '2026-04-07 21:42:17', '2026-04-22 12:16:31', '2026-04-22 10:16:31', '2026-04-22 10:16:31'),
(8, 'Leanne Parisian DVM', 'hoppe.charlie@example.org', NULL, '$2y$12$ndVZPPof1L6beU78ks1ohebFA6hKMV1aFJXa6wsmPuRMLGic2QlN2', 3, NULL, 1, '2026-01-18 16:46:23', '2026-04-22 12:16:31', '2026-04-22 10:16:31', '2026-04-22 10:16:31'),
(9, 'Jaquelin Rippin II', 'shaun.trantow@example.net', NULL, '$2y$12$tGvs324UOHyp0CIha.uKeuORTeUhxG8SfGXqTPJ8JhHRSNLWH8tLq', 1, NULL, 0, '2026-01-01 00:07:44', '2026-04-22 12:16:31', '2026-04-22 10:16:31', '2026-04-22 10:16:31'),
(10, 'Audreanne O\'Keefe', 'rippin.wallace@example.com', NULL, '$2y$12$IlzOK9xEnt9esXsw9zwdY.wKsMaOtuyHWTffG7p.Rj6QEpWQC7FLO', 2, NULL, 1, '2026-02-21 04:17:53', '2026-04-22 12:16:31', '2026-04-22 10:16:31', '2026-04-22 10:16:31'),
(11, 'Mrs. Loraine Macejkovic', 'jabshire@example.net', NULL, '$2y$12$gZmN00xI9JU7NZRHlTTVcO8ErLn8OXhHoWHtccYwKhIkMcyfLl8m.', 2, NULL, 1, '2026-03-06 05:12:36', '2026-04-22 12:16:31', '2026-04-22 10:16:31', '2026-04-22 10:16:31'),
(12, 'Prof. Rey Ziemann', 'terry.andreanne@example.com', NULL, '$2y$12$Om0t.4OdkR0eGpbQUo/iB.EZt5j1DS0wupVy4cZERuzf6M/aow2py', 2, NULL, 0, '2026-01-10 16:22:58', '2026-04-22 12:16:31', '2026-04-22 10:16:31', '2026-04-22 10:16:31'),
(13, 'Jailyn Schroeder', 'shanahan.savanah@example.net', NULL, '$2y$12$ZVe2Fsyam0s0bgR40Ut61e4YI8.aJyNrWTv49Cx8uKWPtBb9Fg2DG', 3, NULL, 1, '2026-02-10 13:29:33', '2026-04-22 12:16:31', '2026-04-22 10:16:31', '2026-04-22 10:16:31'),
(14, 'Tierra Rutherford', 'rita68@example.net', NULL, '$2y$12$fZWbuuoKYST9/K8ALgc3tOHW672rBUU137J2pKv2zQqoKZ2lDbq0S', 2, NULL, 1, '2026-02-17 00:31:56', '2026-04-22 12:16:31', '2026-04-22 10:16:31', '2026-04-22 10:16:31'),
(15, 'Zechariah Hermann Jr.', 'cstehr@example.com', NULL, '$2y$12$S0FHgcWaK5v111KSShmtEu/Zxwowx2b9Tf0T9VlN2.ilRw4pKhFTq', 3, NULL, 0, '2026-01-26 07:27:44', '2026-04-22 12:16:31', '2026-04-22 10:16:31', '2026-04-22 10:16:31'),
(16, 'Alvah Reichel', 'bulah.hirthe@example.net', NULL, '$2y$12$5hFrH7o2NLFSptrpPWv1AebSiLV3mDSjDfTeXPiTF7bBVUNrZa3KO', 3, NULL, 1, '2026-03-29 13:31:59', '2026-04-22 12:16:31', '2026-04-22 10:16:31', '2026-04-22 10:16:31'),
(17, 'Mr. Horace Herzog', 'bradley26@example.com', NULL, '$2y$12$5Lh5XEKaopTDIzPurWB.0uHxWtaCuYOdUjA5j4rSjJjd9FjIjwhZC', 2, NULL, 1, '2026-03-10 18:24:09', '2026-04-22 12:16:31', '2026-04-22 10:16:31', '2026-04-22 10:16:31'),
(18, 'Connor Feest', 'maverick55@example.org', NULL, '$2y$12$20PeS0.oRL1Cu0iev7t20eFooqcnkyLMz2JRooSJNCHU8acSs26me', 1, NULL, 1, '2026-01-25 15:16:46', '2026-04-22 12:16:31', '2026-04-22 10:16:31', '2026-04-22 10:16:31'),
(19, 'Crystel Feest', 'vkunze@example.com', NULL, '$2y$12$xw1JJZxfEYAh4S3vHYdGwu521pKACkoUN2ngg92R7u0E4baEfpJNe', 1, NULL, 0, '2026-04-02 17:25:49', '2026-04-22 12:16:31', '2026-04-22 10:16:31', '2026-04-22 10:16:31'),
(20, 'Joshuah Kilback', 'rylee24@example.net', NULL, '$2y$12$GvHaPemIAGb8XjD267zdAOQtASREfX6NND0urn24MSqU0Uf2cXNcC', 2, NULL, 1, '2026-03-14 11:53:24', '2026-04-22 12:16:31', '2026-04-22 10:16:31', '2026-04-22 10:16:31'),
(21, 'Haskell Carter', 'bria20@example.net', NULL, '$2y$12$fLaYOchia/WV4XbeEKDkCuwt9M.vM5EIDCgEMvK5i.nQijxQAJ2jy', 3, NULL, 1, '2026-02-05 23:38:49', '2026-04-22 12:16:31', '2026-04-22 10:16:31', '2026-04-22 10:16:31'),
(22, 'Ruthie Metz', 'kenneth.senger@example.org', NULL, '$2y$12$A6CPwD22FXH6OJQQOB1G1OUY13gCEsRAOcolKHDhGKmgM4I9se9Uq', 2, NULL, 1, '2026-04-05 09:05:30', '2026-04-22 12:16:31', '2026-04-22 10:16:31', '2026-04-22 10:16:31'),
(23, 'Josefa Boyer', 'moen.janet@example.com', NULL, '$2y$12$F.IVAHK6EDTLA5U7Q3ZIXeBxCoSo.hEk7jIW8C0OQ1DFtPW7qP8ca', 1, NULL, 1, '2026-01-19 22:01:40', '2026-04-22 12:16:31', '2026-04-22 10:16:31', '2026-04-22 10:16:31'),
(24, 'Aliza Dooley', 'rlittel@example.net', NULL, '$2y$12$pzmD0UIBfogZxe64nhIlDO2/L.k2nClvbYFlE5rT5A727Le3MVnDi', 2, NULL, 1, '2026-01-02 16:30:07', '2026-04-22 12:16:31', '2026-04-22 10:16:31', '2026-04-22 10:16:31'),
(25, 'Margarita Grady DVM', 'isai.rowe@example.com', NULL, '$2y$12$8eE4QoXq39FNS8mVDl9Cp.ofRLQJC8rZzFfRPoFgzrKatKsofc1DO', 2, NULL, 1, '2026-01-02 21:23:59', '2026-04-22 12:16:31', '2026-04-22 10:16:31', '2026-04-22 10:16:31'),
(26, 'Russel Kessler', 'nbarrows@example.com', NULL, '$2y$12$AhRCKln1U5wLeDFI5J7qGOMckUghAFlbMrMZSCMPTzqYcfJmYclGe', 1, NULL, 1, '2026-04-21 16:00:49', '2026-04-22 12:16:31', '2026-04-22 10:16:31', '2026-04-22 10:16:31'),
(27, 'Miss Francesca Mosciski', 'srobel@example.net', NULL, '$2y$12$G/fUy5WSOyfoA1bzJwiTJugZuHC0jEx55UTcCaxiRXQNHKHYb9RBu', 1, NULL, 1, '2026-02-27 10:43:30', '2026-04-22 12:16:31', '2026-04-22 10:16:31', '2026-04-22 10:16:31'),
(28, 'Gunner Dickinson', 'dion29@example.org', NULL, '$2y$12$.19toJZjO0FC/XG53JGD.erdnC3SCc8WEnNUK77OmNpkwbYQo1d1C', 3, NULL, 0, '2026-02-21 13:19:33', '2026-04-22 12:16:31', '2026-04-22 10:16:31', '2026-04-22 10:16:31'),
(29, 'Prof. Bridie Hudson', 'durward76@example.net', NULL, '$2y$12$MA2tvjLpo69YpL3PWFn5BuvXI7tvRn9gf69kbdKuJFUF1bNIBPeY.', 3, NULL, 1, '2026-03-08 12:54:34', '2026-04-22 12:16:31', '2026-04-22 10:16:31', '2026-04-22 10:16:31'),
(30, 'Dr. Khalil Turner', 'terrance.von@example.net', NULL, '$2y$12$MVizzt3tjjXc2Udnji1u3...uyF1xROuny5bZUGYoXS4bpAINnL0.', 1, NULL, 0, '2026-01-22 05:42:23', '2026-04-22 12:16:31', '2026-04-22 10:16:31', '2026-04-22 10:16:31'),
(31, 'Dr. Timmy Homenick DDS', 'fhansen@example.com', NULL, '$2y$12$/OrrMocp9g5FRu8bB8Jake3g4dsHG/KSWvoL/a5OvWWTNR2S8QWJu', 2, NULL, 0, '2026-03-05 23:38:17', '2026-04-22 12:16:31', '2026-04-22 10:16:31', '2026-04-22 10:16:31'),
(32, 'Ashly Mayer', 'cody.feeney@example.org', NULL, '$2y$12$eELqoOzCgI.AgDu.MzA9YOP/BWOgxxtvqkgfDvbwIIIjgyvVCahsS', 2, NULL, 1, '2026-01-01 09:35:24', '2026-04-22 12:16:31', '2026-04-22 10:16:31', '2026-04-22 10:16:31'),
(33, 'Seth Johns', 'ivah02@example.com', NULL, '$2y$12$GZkVlxbU9YSDxniX55IAge0738R7vE2EENO7F1WQs9Y.yLgOM9jli', 2, NULL, 0, '2026-04-16 21:05:37', '2026-04-22 12:16:31', '2026-04-22 10:16:31', '2026-04-22 10:16:31'),
(34, 'Logan Schamberger', 'wilderman.braeden@example.com', NULL, '$2y$12$nvMsgwnOGkvYZmvEQJTMCu90Zj5IAwe462ZZxOnj7JpY/7xxDbGuy', 1, NULL, 1, '2026-02-19 07:08:44', '2026-04-22 12:16:31', '2026-04-22 10:16:31', '2026-04-22 10:16:31'),
(35, 'Reid Mann', 'zoie.howe@example.com', NULL, '$2y$12$ZEtMYYkhQqaQHJVT9lRY7.T7LniTQt7AaG3i8uKYoMlh1DAQgWYjW', 3, NULL, 1, '2026-03-23 05:04:33', '2026-04-22 12:16:31', '2026-04-22 10:16:31', '2026-04-22 10:16:31'),
(36, 'Nichole Walker', 'baumbach.ashly@example.com', NULL, '$2y$12$RWSx3gBosTc3CcTQERS7mOvSaFzCEmGoBSbAQjDO4C0yWI7DPp1JC', 1, NULL, 0, '2026-04-03 05:37:03', '2026-04-22 12:16:32', '2026-04-22 10:16:32', '2026-04-22 10:16:32'),
(37, 'Darrell Marvin', 'lockman.sage@example.com', NULL, '$2y$12$y.CAXa4TR/AmWl5PqJ6NleuVNl6LkRdJgGorNSf6/fuExorLVKn4K', 1, NULL, 1, '2026-03-09 16:05:29', '2026-04-22 12:16:32', '2026-04-22 10:16:32', '2026-04-22 10:16:32'),
(38, 'Roxane Stiedemann', 'schuppe.lowell@example.org', NULL, '$2y$12$9WFNkCFarhev2aHVLYHmtOLZoKYxuw7mQGs/b9RNGLlcYOlIkX2ei', 3, NULL, 1, '2026-02-12 01:32:10', '2026-04-22 12:16:32', '2026-04-22 10:16:32', '2026-04-22 10:16:32'),
(39, 'Electa Jenkins', 'reichel.lupe@example.net', NULL, '$2y$12$kR8kmbhQyA2WpVtw5TpIeOzeccOTIvoGqjzDs9ev7Z85m8tfFmOmW', 1, NULL, 0, '2026-03-22 03:06:45', '2026-04-22 12:16:32', '2026-04-22 10:16:32', '2026-04-22 10:16:32'),
(40, 'Francisco Runolfsson', 'ophelia36@example.com', NULL, '$2y$12$OF82y/s1hFUeXxjK2a7lROH4AvlfnRwiubJSuywgOSigVKHuBtt8a', 3, NULL, 0, '2026-03-10 06:26:32', '2026-04-22 12:16:32', '2026-04-22 10:16:32', '2026-04-22 10:16:32'),
(41, 'Hosea Sporer', 'debert@example.com', NULL, '$2y$12$geqALFQlWk.lxtVwe6qV2OoO6kzERTNxwsGcIEKsz/Vh2hG2joPKu', 3, NULL, 0, '2026-03-17 19:33:30', '2026-04-22 12:16:33', '2026-04-22 10:16:33', '2026-04-22 10:16:33'),
(42, 'Chad Hoeger', 'fgulgowski@example.org', NULL, '$2y$12$i.2w0KR6xmeUDC7dWMwO0uqmw4h9kJFWf1dwABLiFq8kJT2kbe76G', 2, NULL, 1, '2026-04-10 07:34:24', '2026-04-22 12:16:33', '2026-04-22 10:16:33', '2026-04-22 10:16:33'),
(43, 'Allison Howe', 'norbert.bernhard@example.net', NULL, '$2y$12$kShG3zwAtXJtk2zFSgqzzOvEUyFJgcwZefnDVE2xlvLByqUZjac56', 2, NULL, 1, '2026-02-07 20:16:34', '2026-04-22 12:16:33', '2026-04-22 10:16:33', '2026-04-22 10:16:33'),
(44, 'Lyda Bailey', 'myrtle.mueller@example.com', NULL, '$2y$12$eBx3TI3o/x1XI95NhqphP.Ux5UjQ4TzwmgWYTyHXzxPznjaNHa92y', 3, NULL, 1, '2026-02-25 00:20:19', '2026-04-22 12:16:33', '2026-04-22 10:16:33', '2026-04-22 10:16:33'),
(45, 'Iva Robel', 'graham.sawayn@example.com', NULL, '$2y$12$RbJWu2KUzpop59MwathIXeDlGXkf46.Jk67KwhWkHf2B28DtPKRti', 3, NULL, 1, '2026-04-02 18:45:35', '2026-04-22 12:16:34', '2026-04-22 10:16:34', '2026-04-22 10:16:34'),
(46, 'Noemy Osinski', 'alexander49@example.org', NULL, '$2y$12$be3KBwOktaLM00D2DTkg7uTkLj4sYLwJH4QV77ryfEkNPRlFSzOQ.', 3, NULL, 1, '2026-03-18 14:05:48', '2026-04-22 12:16:34', '2026-04-22 10:16:34', '2026-04-22 10:16:34'),
(47, 'Davon Monahan PhD', 'roselyn.damore@example.net', NULL, '$2y$12$KBSBvKgVpI9595rMYqZwuelSozrXh3gZNWsxxTH.6I0KlyTp5z5x.', 1, NULL, 0, '2026-01-11 04:32:56', '2026-04-22 12:16:34', '2026-04-22 10:16:34', '2026-04-22 10:16:34'),
(48, 'Fabiola Gleichner', 'judge.okuneva@example.net', NULL, '$2y$12$uYf6dAAuqzWnm7fxhFXS3Obt8uOeYXGmEt3iKS7pEK9ema4IJtOSi', 2, NULL, 1, '2026-04-17 03:32:35', '2026-04-22 12:16:34', '2026-04-22 10:16:34', '2026-04-22 10:16:34'),
(49, 'Lavada Dach', 'swatsica@example.net', NULL, '$2y$12$SWQ60HPtfNnZOp61dRrAreGXy0y4a7DDtGAfxQbTLRcYT.n8Pspp.', 3, NULL, 1, '2026-01-11 22:57:17', '2026-04-22 12:16:34', '2026-04-22 10:16:34', '2026-04-22 10:16:34'),
(50, 'Joanny Dietrich III', 'chasity24@example.org', NULL, '$2y$12$hpgPigfDrAdhfqOb/rLNue5kjybz8wcYATOkG.9iyyhYyldDq4/pW', 1, NULL, 0, '2026-01-10 01:26:46', '2026-04-22 12:16:35', '2026-04-22 10:16:35', '2026-04-22 10:16:35'),
(51, 'Pinkie Shields', 'trudie64@example.com', NULL, '$2y$12$Ftt.8xUz9rldT5mV0vsZ4ODI0f566l67Z3i6CEEApTGbmWob8uQ7m', 1, NULL, 0, '2026-02-12 08:13:18', '2026-04-22 12:16:35', '2026-04-22 10:16:35', '2026-04-22 10:16:35'),
(52, 'Rickie Yost', 'uborer@example.org', NULL, '$2y$12$ST1ytzlJmfMlU/DoKNCjJOASsEERp9AaIpxZPk8a1P8AYScCPz65a', 2, NULL, 0, '2026-03-13 17:11:36', '2026-04-22 12:16:35', '2026-04-22 10:16:35', '2026-04-22 10:16:35'),
(53, 'Burnice Schmeler', 'reilly.streich@example.com', NULL, '$2y$12$Mybg43WcVDPCyslumGZcEespcl0XPsbUbLesb3grLtLKcy6OV5Uwm', 2, NULL, 0, '2026-02-03 04:54:43', '2026-04-22 12:16:35', '2026-04-22 10:16:35', '2026-04-22 10:16:35'),
(54, 'Dr. Giles Walsh', 'brendon.reilly@example.com', NULL, '$2y$12$d8CkIU0OPD8cUS5/VbKfz.Fb9Gkf85owm8Ls0CrbqbzkxQo9VFMg6', 3, NULL, 1, '2026-04-07 11:37:39', '2026-04-22 12:16:36', '2026-04-22 10:16:36', '2026-04-22 10:16:36'),
(55, 'Richard Borer', 'abshire.ottis@example.org', NULL, '$2y$12$rz9jtlf/AfRx23sVpcnNquuprJCOROPx18JBwx2OhDrovZuT7qhra', 2, NULL, 0, '2026-02-02 13:03:24', '2026-04-22 12:16:36', '2026-04-22 10:16:36', '2026-04-22 10:16:36'),
(56, 'Angeline Gleichner', 'lawrence90@example.org', NULL, '$2y$12$lWvKsYdb5g5H5Cn5mqqd0OumGqb9ecJJKDKZomty1dAO7dRnNRgfu', 3, NULL, 1, '2026-01-27 10:28:59', '2026-04-22 12:16:36', '2026-04-22 10:16:36', '2026-04-22 10:16:36'),
(57, 'Dr. Jermey Jacobson PhD', 'devante.metz@example.org', NULL, '$2y$12$0TKUR32mm5kEtu2W1USMIOF/eEtjpxzCY6XHGDngEmzpphljA3c6K', 2, NULL, 1, '2026-01-07 17:41:31', '2026-04-22 12:16:36', '2026-04-22 10:16:36', '2026-04-22 10:16:36'),
(58, 'Dr. Herman Schumm', 'edouglas@example.org', NULL, '$2y$12$ZszOvDi98vC2PqsF9oMcouwiP89UIaeVBwvAoHiHF4bTNnyYd770e', 3, NULL, 1, '2026-02-10 11:34:08', '2026-04-22 12:16:36', '2026-04-22 10:16:36', '2026-04-22 10:16:36'),
(59, 'Dee Swaniawski', 'wyost@example.org', NULL, '$2y$12$pSb.oXzR7NJ.EDMd2uBb4e/Q8CCW0mjSWw8EDoQlRpdiw6kU2AxZ6', 3, NULL, 1, '2026-04-12 01:38:35', '2026-04-22 12:16:37', '2026-04-22 10:16:37', '2026-04-22 10:16:37'),
(60, 'Dr. Otis Swaniawski DDS', 'iraynor@example.net', NULL, '$2y$12$lMR/vcBAWZoM6xILxc8Sn.kBTa2acE31xZKSmTOdl7M2MtFllYJKy', 3, NULL, 0, '2026-04-07 15:51:20', '2026-04-22 12:16:37', '2026-04-22 10:16:37', '2026-04-22 10:16:37'),
(61, 'Dr. Summer Blanda', 'alberto19@example.org', NULL, '$2y$12$Bfc5LgEo3yhAtSchUG2Ew.mlYUJaMByR6GVX4ToR7AHcZFJHFqncW', 3, NULL, 0, '2026-01-29 22:12:05', '2026-04-22 12:16:37', '2026-04-22 10:16:37', '2026-04-22 10:16:37'),
(62, 'Amie Muller', 'jonathon43@example.com', NULL, '$2y$12$/T4L5G7yf3WMLCjtU3Yfse31HJShHfEX9.bP2BEgahkfWvMC2taGe', 1, NULL, 0, '2026-01-18 04:59:49', '2026-04-22 12:16:37', '2026-04-22 10:16:37', '2026-04-22 10:16:37'),
(63, 'Gussie Friesen', 'nienow.mireya@example.net', NULL, '$2y$12$vS238QC6okjS1DxDkjvtEelwqo40lI14c3AMC/lrGCYaQfbzevgpi', 2, NULL, 1, '2026-02-04 20:59:28', '2026-04-22 12:16:38', '2026-04-22 10:16:38', '2026-04-22 10:16:38');

-- --------------------------------------------------------

--
-- Tábla szerkezet ehhez a táblához `jelentesek`
--

CREATE TABLE `jelentesek` (
  `id` bigint UNSIGNED NOT NULL,
  `bejelento_id` int UNSIGNED DEFAULT NULL,
  `tipus` enum('post','comment') COLLATE utf8mb4_unicode_ci NOT NULL,
  `poszt_id` int UNSIGNED DEFAULT NULL,
  `komment_id` int UNSIGNED DEFAULT NULL,
  `ok` enum('serto','spam','18plus','szemelyes','jogsertes','egyeb') COLLATE utf8mb4_unicode_ci NOT NULL,
  `leiras` text COLLATE utf8mb4_unicode_ci,
  `statusz` enum('fuggoben','atnezte','megoldva','elvetve') COLLATE utf8mb4_unicode_ci NOT NULL DEFAULT 'fuggoben',
  `admin_megjegyzes` text COLLATE utf8mb4_unicode_ci,
  `kezelo_admin_id` int UNSIGNED DEFAULT NULL,
  `kezeles_datuma` timestamp NULL DEFAULT NULL,
  `created_at` timestamp NULL DEFAULT NULL,
  `updated_at` timestamp NULL DEFAULT NULL
) ENGINE=InnoDB DEFAULT CHARSET=utf8mb4 COLLATE=utf8mb4_unicode_ci;

--
-- A tábla adatainak kiíratása `jelentesek`
--

INSERT INTO `jelentesek` (`id`, `bejelento_id`, `tipus`, `poszt_id`, `komment_id`, `ok`, `leiras`, `statusz`, `admin_megjegyzes`, `kezelo_admin_id`, `kezeles_datuma`, `created_at`, `updated_at`) VALUES
(1, 13, 'post', 9, NULL, 'egyeb', 'Placeat soluta non reprehenderit ut dicta eligendi.', 'fuggoben', NULL, NULL, NULL, '2026-04-22 10:16:40', '2026-04-22 10:16:40'),
(2, 3, 'comment', NULL, 11, 'egyeb', 'Qui sit dolorum enim laudantium.', 'fuggoben', NULL, NULL, NULL, '2026-04-22 10:16:40', '2026-04-22 10:16:40'),
(3, 49, 'post', 4, NULL, 'egyeb', NULL, 'fuggoben', NULL, NULL, NULL, '2026-04-22 10:16:40', '2026-04-22 10:16:40'),
(4, 59, 'post', 5, NULL, 'serto', 'Harum id dolorem quia dolor ullam.', 'fuggoben', NULL, NULL, NULL, '2026-04-22 10:16:40', '2026-04-22 10:16:40'),
(5, 17, 'post', 3, NULL, '18plus', 'Velit quod qui et sit dolore ipsam expedita sint.', 'fuggoben', NULL, NULL, NULL, '2026-04-22 10:16:40', '2026-04-22 10:16:40'),
(6, 56, 'comment', NULL, 15, 'jogsertes', NULL, 'fuggoben', NULL, NULL, NULL, '2026-04-22 10:16:40', '2026-04-22 10:16:40'),
(7, 37, 'comment', NULL, 7, 'serto', 'Velit molestias quis mollitia modi exercitationem aut debitis.', 'fuggoben', NULL, NULL, NULL, '2026-04-22 10:16:40', '2026-04-22 10:16:40'),
(8, 61, 'post', 3, NULL, 'serto', NULL, 'fuggoben', NULL, NULL, NULL, '2026-04-22 10:16:40', '2026-04-22 10:16:40'),
(9, 4, 'comment', NULL, 29, 'serto', 'Harum itaque aut ut consectetur.', 'fuggoben', NULL, NULL, NULL, '2026-04-22 10:16:40', '2026-04-22 10:16:40'),
(10, 50, 'post', 12, NULL, 'spam', 'Odio cupiditate perspiciatis doloremque.', 'fuggoben', NULL, NULL, NULL, '2026-04-22 10:16:40', '2026-04-22 10:16:40'),
(11, 37, 'post', 8, NULL, 'spam', NULL, 'fuggoben', NULL, NULL, NULL, '2026-04-22 10:16:40', '2026-04-22 10:16:40'),
(12, 10, 'post', 11, NULL, 'egyeb', NULL, 'fuggoben', NULL, NULL, NULL, '2026-04-22 10:16:40', '2026-04-22 10:16:40'),
(13, 63, 'post', 12, NULL, 'szemelyes', 'Laborum eum architecto numquam dolor optio voluptas reiciendis.', 'fuggoben', NULL, NULL, NULL, '2026-04-22 10:16:40', '2026-04-22 10:16:40'),
(14, 33, 'post', 5, NULL, 'szemelyes', NULL, 'fuggoben', NULL, NULL, NULL, '2026-04-22 10:16:40', '2026-04-22 10:16:40'),
(15, 56, 'post', 3, NULL, 'spam', 'Maiores beatae id nemo consequatur sit reprehenderit omnis.', 'fuggoben', NULL, NULL, NULL, '2026-04-22 10:16:40', '2026-04-22 10:16:40'),
(16, 34, 'post', 2, NULL, 'egyeb', NULL, 'fuggoben', NULL, NULL, NULL, '2026-04-22 10:16:40', '2026-04-22 10:16:40'),
(17, 25, 'post', 3, NULL, 'szemelyes', NULL, 'fuggoben', NULL, NULL, NULL, '2026-04-22 10:16:40', '2026-04-22 10:16:40'),
(18, 55, 'post', 5, NULL, 'egyeb', NULL, 'fuggoben', NULL, NULL, NULL, '2026-04-22 10:16:40', '2026-04-22 10:16:40'),
(19, 18, 'comment', NULL, 16, 'spam', 'Cupiditate quidem ipsam non dolor fugiat adipisci.', 'fuggoben', NULL, NULL, NULL, '2026-04-22 10:16:40', '2026-04-22 10:16:40'),
(20, 55, 'comment', NULL, 16, '18plus', 'Doloribus iste eius possimus fugit voluptas earum sed.', 'fuggoben', NULL, NULL, NULL, '2026-04-22 10:16:40', '2026-04-22 10:16:40'),
(21, 49, 'post', 10, NULL, 'spam', 'Quod sunt harum et voluptatibus omnis.', 'fuggoben', NULL, NULL, NULL, '2026-04-22 10:16:40', '2026-04-22 10:16:40'),
(22, 26, 'post', 10, NULL, 'szemelyes', 'Suscipit inventore ratione ipsum ratione quia sequi suscipit.', 'fuggoben', NULL, NULL, NULL, '2026-04-22 10:16:40', '2026-04-22 10:16:40'),
(23, 2, 'post', 8, NULL, 'jogsertes', NULL, 'fuggoben', NULL, NULL, NULL, '2026-04-22 10:16:40', '2026-04-22 10:16:40'),
(24, 30, 'post', 3, NULL, 'szemelyes', 'Ullam quos aliquam reprehenderit.', 'fuggoben', NULL, NULL, NULL, '2026-04-22 10:16:40', '2026-04-22 10:16:40'),
(25, 56, 'post', 11, NULL, 'spam', 'Nemo eos reiciendis repellendus dolores soluta nostrum ut dolores.', 'fuggoben', NULL, NULL, NULL, '2026-04-22 10:16:40', '2026-04-22 10:16:40'),
(26, 19, 'post', 11, NULL, 'jogsertes', 'Accusamus beatae debitis consectetur rem eos sunt.', 'fuggoben', NULL, NULL, NULL, '2026-04-22 10:16:40', '2026-04-22 10:16:40'),
(27, 20, 'post', 6, NULL, 'spam', 'Ut nihil autem voluptate vel vel.', 'fuggoben', NULL, NULL, NULL, '2026-04-22 10:16:40', '2026-04-22 10:16:40'),
(28, 3, 'post', 6, NULL, 'szemelyes', 'Et vel et error molestias cupiditate corrupti est.', 'fuggoben', NULL, NULL, NULL, '2026-04-22 10:16:40', '2026-04-22 10:16:40'),
(29, 23, 'post', 3, NULL, 'serto', 'Necessitatibus consequuntur dicta ab quisquam.', 'fuggoben', NULL, NULL, NULL, '2026-04-22 10:16:40', '2026-04-22 10:16:40'),
(30, 22, 'post', 11, NULL, 'jogsertes', 'In odio sed odit veritatis ipsam aut.', 'fuggoben', NULL, NULL, NULL, '2026-04-22 10:16:40', '2026-04-22 10:16:40'),
(31, 41, 'comment', NULL, 3, 'spam', 'Sed numquam natus molestiae itaque.', 'fuggoben', NULL, NULL, NULL, '2026-04-22 10:16:40', '2026-04-22 10:16:40'),
(32, 62, 'comment', NULL, 7, 'serto', 'Laborum repellendus explicabo eum et.', 'fuggoben', NULL, NULL, NULL, '2026-04-22 10:16:40', '2026-04-22 10:16:40'),
(33, 1, 'comment', NULL, 19, 'egyeb', 'Mollitia molestias velit dolores omnis rerum.', 'fuggoben', NULL, NULL, NULL, '2026-04-22 10:16:40', '2026-04-22 10:16:40'),
(34, 32, 'comment', NULL, 5, 'egyeb', 'Quas tenetur dolore consequatur cum facilis provident id ex.', 'fuggoben', NULL, NULL, NULL, '2026-04-22 10:16:40', '2026-04-22 10:16:40'),
(35, 63, 'comment', NULL, 28, 'spam', 'Nemo ipsam cum quod adipisci ut et.', 'fuggoben', NULL, NULL, NULL, '2026-04-22 10:16:40', '2026-04-22 10:16:40'),
(36, 61, 'comment', NULL, 9, 'jogsertes', 'Laudantium eaque fuga est id optio.', 'fuggoben', NULL, NULL, NULL, '2026-04-22 10:16:40', '2026-04-22 10:16:40'),
(37, 59, 'comment', NULL, 25, 'szemelyes', 'Non ipsum non perferendis est deserunt.', 'fuggoben', NULL, NULL, NULL, '2026-04-22 10:16:40', '2026-04-22 10:16:40'),
(38, 22, 'comment', NULL, 17, 'jogsertes', 'Aspernatur eos ea quaerat et placeat omnis quia.', 'fuggoben', NULL, NULL, NULL, '2026-04-22 10:16:40', '2026-04-22 10:16:40'),
(39, 34, 'comment', NULL, 10, 'egyeb', 'Velit rerum dolorum similique possimus est.', 'fuggoben', NULL, NULL, NULL, '2026-04-22 10:16:40', '2026-04-22 10:16:40'),
(40, 7, 'comment', NULL, 21, 'jogsertes', 'Qui mollitia est vitae.', 'fuggoben', NULL, NULL, NULL, '2026-04-22 10:16:40', '2026-04-22 10:16:40'),
(41, 12, 'post', 7, NULL, 'spam', NULL, 'megoldva', 'Magnam officiis consequatur porro officiis.', 31, '2026-04-20 12:16:40', '2026-04-22 10:16:40', '2026-04-22 10:16:40'),
(42, 23, 'post', 1, NULL, 'jogsertes', 'Ad sed delectus illum quae.', 'megoldva', 'Similique cumque in expedita.', 32, '2026-04-20 13:16:40', '2026-04-22 10:16:40', '2026-04-22 10:16:40'),
(43, 3, 'post', 5, NULL, 'jogsertes', 'Aut et harum rerum fuga cupiditate.', 'megoldva', 'Soluta et id numquam ut laboriosam amet sequi.', 16, '2026-04-20 19:16:40', '2026-04-22 10:16:40', '2026-04-22 10:16:40'),
(44, 7, 'post', 6, NULL, 'spam', NULL, 'megoldva', 'Non dolorem omnis minima veniam nemo.', 6, '2026-04-21 02:16:40', '2026-04-22 10:16:40', '2026-04-22 10:16:40'),
(45, 46, 'comment', NULL, 1, '18plus', NULL, 'megoldva', 'Deleniti aut voluptas reprehenderit est eum libero facilis.', 10, '2026-04-21 22:16:40', '2026-04-22 10:16:40', '2026-04-22 10:16:40'),
(46, 25, 'post', 4, NULL, 'jogsertes', 'Dignissimos molestiae qui corporis qui ullam nostrum quis quo.', 'megoldva', 'Inventore ut aspernatur eveniet.', 38, '2026-04-19 18:16:40', '2026-04-22 10:16:40', '2026-04-22 10:16:40'),
(47, 61, 'comment', NULL, 11, 'spam', 'Aut nihil eos voluptatibus et quia quo aut.', 'megoldva', 'Inventore quo quibusdam ab alias iure.', 47, '2026-04-20 12:16:40', '2026-04-22 10:16:40', '2026-04-22 10:16:40'),
(48, 55, 'comment', NULL, 12, 'egyeb', 'Aut voluptate aperiam rerum velit.', 'megoldva', 'Dignissimos nihil sed eveniet consequatur.', 37, '2026-04-22 05:16:40', '2026-04-22 10:16:40', '2026-04-22 10:16:40'),
(49, 62, 'comment', NULL, 11, 'szemelyes', 'Illum nihil minus sit minima suscipit.', 'atnezte', NULL, 1, '2026-04-21 11:16:40', '2026-04-22 10:16:40', '2026-04-22 10:16:40'),
(50, 6, 'post', 5, NULL, 'spam', NULL, 'atnezte', NULL, 32, '2026-04-22 06:16:40', '2026-04-22 10:16:40', '2026-04-22 10:16:40'),
(51, 17, 'post', 7, NULL, 'jogsertes', NULL, 'atnezte', NULL, 46, '2026-04-21 12:16:40', '2026-04-22 10:16:40', '2026-04-22 10:16:40'),
(52, 27, 'post', 5, NULL, 'jogsertes', NULL, 'atnezte', NULL, 18, '2026-04-21 17:16:40', '2026-04-22 10:16:40', '2026-04-22 10:16:40'),
(53, 54, 'comment', NULL, 1, 'egyeb', 'Molestias similique neque neque illum.', 'atnezte', NULL, 24, '2026-04-22 06:16:40', '2026-04-22 10:16:40', '2026-04-22 10:16:40'),
(54, 35, 'comment', NULL, 19, 'serto', NULL, 'elvetve', 'Alaptalannak ítéltük a bejelentést.', 44, '2026-04-22 05:16:40', '2026-04-22 10:16:40', '2026-04-22 10:16:40'),
(55, 27, 'comment', NULL, 26, 'egyeb', NULL, 'elvetve', 'Alaptalannak ítéltük a bejelentést.', 50, '2026-04-21 11:16:40', '2026-04-22 10:16:40', '2026-04-22 10:16:40'),
(56, 7, 'post', 7, NULL, 'jogsertes', 'Et earum ipsa asperiores itaque totam earum.', 'elvetve', 'Alaptalannak ítéltük a bejelentést.', 42, '2026-04-21 23:16:40', '2026-04-22 10:16:40', '2026-04-22 10:16:40'),
(57, 57, 'comment', NULL, 20, 'egyeb', 'Et voluptatem deserunt id est nihil.', 'elvetve', 'Alaptalannak ítéltük a bejelentést.', 49, '2026-04-21 18:16:40', '2026-04-22 10:16:40', '2026-04-22 10:16:40');

-- --------------------------------------------------------

--
-- Tábla szerkezet ehhez a táblához `kategoriak`
--

CREATE TABLE `kategoriak` (
  `id` int UNSIGNED NOT NULL,
  `nev` varchar(255) COLLATE utf8mb4_unicode_ci NOT NULL,
  `fo_kategoria_id` int UNSIGNED DEFAULT NULL,
  `created_at` timestamp NULL DEFAULT NULL,
  `updated_at` timestamp NULL DEFAULT NULL
) ENGINE=InnoDB DEFAULT CHARSET=utf8mb4 COLLATE=utf8mb4_unicode_ci;

--
-- A tábla adatainak kiíratása `kategoriak`
--

INSERT INTO `kategoriak` (`id`, `nev`, `fo_kategoria_id`, `created_at`, `updated_at`) VALUES
(1, 'Fonalak', NULL, '2026-04-22 10:16:38', '2026-04-22 10:16:38'),
(2, 'A fonal', 1, '2026-04-22 10:16:38', '2026-04-22 10:16:38'),
(3, 'B fonal', 1, '2026-04-22 10:16:38', '2026-04-22 10:16:38'),
(4, 'C fonal', 1, '2026-04-22 10:16:38', '2026-04-22 10:16:38'),
(5, 'D fonal', 1, '2026-04-22 10:16:38', '2026-04-22 10:16:38'),
(6, 'E fonal', 1, '2026-04-22 10:16:38', '2026-04-22 10:16:38'),
(7, 'Kötőtűk', NULL, '2026-04-22 10:16:38', '2026-04-22 10:16:38'),
(8, 'Egyenes kötőtűk', 7, '2026-04-22 10:16:38', '2026-04-22 10:16:38'),
(9, 'Körkötőtűk', 7, '2026-04-22 10:16:38', '2026-04-22 10:16:38'),
(10, 'Horgolótűk', NULL, '2026-04-22 10:16:38', '2026-04-22 10:16:38'),
(11, 'Hímzőcérna', NULL, '2026-04-22 10:16:38', '2026-04-22 10:16:38'),
(12, 'Kiegészítők', NULL, '2026-04-22 10:16:38', '2026-04-22 10:16:38'),
(13, 'Mérőszalagok', 12, '2026-04-22 10:16:38', '2026-04-22 10:16:38'),
(14, 'Ollók', 12, '2026-04-22 10:16:38', '2026-04-22 10:16:38'),
(15, 'Bontó olló', 12, '2026-04-22 10:16:38', '2026-04-22 10:16:38'),
(16, 'Barkácsolás', NULL, '2026-04-22 10:16:38', '2026-04-22 10:16:38'),
(17, 'Kalapács', 16, '2026-04-22 10:16:38', '2026-04-22 10:16:38'),
(18, 'Csavarhúzó', 16, '2026-04-22 10:16:38', '2026-04-22 10:16:38'),
(19, 'Fűrész', 16, '2026-04-22 10:16:38', '2026-04-22 10:16:38'),
(20, 'Fúró', 16, '2026-04-22 10:16:38', '2026-04-22 10:16:38'),
(21, 'Kertészkedés', NULL, '2026-04-22 10:16:38', '2026-04-22 10:16:38'),
(22, 'Ásó', 21, '2026-04-22 10:16:38', '2026-04-22 10:16:38'),
(23, 'Lapát', 21, '2026-04-22 10:16:38', '2026-04-22 10:16:38'),
(24, 'Virágcserép', 21, '2026-04-22 10:16:38', '2026-04-22 10:16:38'),
(25, 'Metszőolló', 21, '2026-04-22 10:16:38', '2026-04-22 10:16:38');

-- --------------------------------------------------------

--
-- Tábla szerkezet ehhez a táblához `kedvencek`
--

CREATE TABLE `kedvencek` (
  `felhasznalo_id` int UNSIGNED NOT NULL,
  `termek_id` int UNSIGNED NOT NULL,
  `created_at` timestamp NULL DEFAULT NULL,
  `updated_at` timestamp NULL DEFAULT NULL
) ENGINE=InnoDB DEFAULT CHARSET=utf8mb4 COLLATE=utf8mb4_unicode_ci;

--
-- A tábla adatainak kiíratása `kedvencek`
--

INSERT INTO `kedvencek` (`felhasznalo_id`, `termek_id`, `created_at`, `updated_at`) VALUES
(1, 7, '2026-04-22 10:16:39', '2026-04-22 10:16:39'),
(1, 13, '2026-04-22 10:16:39', '2026-04-22 10:16:39'),
(1, 17, '2026-04-22 10:16:39', '2026-04-22 10:16:39'),
(1, 21, '2026-04-22 10:16:39', '2026-04-22 10:16:39'),
(1, 28, '2026-04-22 10:16:39', '2026-04-22 10:16:39'),
(1, 29, '2026-04-22 10:16:39', '2026-04-22 10:16:39'),
(2, 22, '2026-04-22 10:16:39', '2026-04-22 10:16:39'),
(3, 23, '2026-04-22 10:16:39', '2026-04-22 10:16:39'),
(3, 26, '2026-04-22 10:16:39', '2026-04-22 10:16:39'),
(4, 4, '2026-04-22 10:16:39', '2026-04-22 10:16:39'),
(4, 18, '2026-04-22 10:16:39', '2026-04-22 10:16:39'),
(5, 10, '2026-04-22 10:16:40', '2026-04-22 10:16:40'),
(5, 19, '2026-04-22 10:16:40', '2026-04-22 10:16:40'),
(5, 22, '2026-04-22 10:16:40', '2026-04-22 10:16:40'),
(6, 3, '2026-04-22 10:16:39', '2026-04-22 10:16:39'),
(6, 25, '2026-04-22 10:16:39', '2026-04-22 10:16:39'),
(7, 11, '2026-04-22 10:16:40', '2026-04-22 10:16:40'),
(7, 19, '2026-04-22 10:16:40', '2026-04-22 10:16:40'),
(7, 30, '2026-04-22 10:16:40', '2026-04-22 10:16:40'),
(8, 12, '2026-04-22 10:16:40', '2026-04-22 10:16:40'),
(10, 28, '2026-04-22 10:16:39', '2026-04-22 10:16:39'),
(11, 4, '2026-04-22 10:16:39', '2026-04-22 10:16:39'),
(11, 25, '2026-04-22 10:16:39', '2026-04-22 10:16:39'),
(11, 28, '2026-04-22 10:16:39', '2026-04-22 10:16:39'),
(11, 31, '2026-04-22 10:16:39', '2026-04-22 10:16:39'),
(12, 5, '2026-04-22 10:16:39', '2026-04-22 10:16:39'),
(12, 10, '2026-04-22 10:16:39', '2026-04-22 10:16:39'),
(12, 19, '2026-04-22 10:16:39', '2026-04-22 10:16:39'),
(13, 7, '2026-04-22 10:16:40', '2026-04-22 10:16:40'),
(13, 27, '2026-04-22 10:16:40', '2026-04-22 10:16:40'),
(14, 7, '2026-04-22 10:16:39', '2026-04-22 10:16:39'),
(14, 27, '2026-04-22 10:16:39', '2026-04-22 10:16:39'),
(14, 30, '2026-04-22 10:16:39', '2026-04-22 10:16:39'),
(15, 7, '2026-04-22 10:16:40', '2026-04-22 10:16:40'),
(16, 32, '2026-04-22 10:16:40', '2026-04-22 10:16:40'),
(17, 16, '2026-04-22 10:16:39', '2026-04-22 10:16:39'),
(17, 20, '2026-04-22 10:16:39', '2026-04-22 10:16:39'),
(17, 22, '2026-04-22 10:16:39', '2026-04-22 10:16:39'),
(18, 1, '2026-04-22 10:16:39', '2026-04-22 10:16:39'),
(19, 17, '2026-04-22 10:16:39', '2026-04-22 10:16:39'),
(20, 1, '2026-04-22 10:16:39', '2026-04-22 10:16:39'),
(20, 5, '2026-04-22 10:16:39', '2026-04-22 10:16:39'),
(20, 11, '2026-04-22 10:16:39', '2026-04-22 10:16:39'),
(21, 9, '2026-04-22 10:16:40', '2026-04-22 10:16:40'),
(22, 15, '2026-04-22 10:16:39', '2026-04-22 10:16:39'),
(22, 32, '2026-04-22 10:16:39', '2026-04-22 10:16:39'),
(23, 8, '2026-04-22 10:16:39', '2026-04-22 10:16:39'),
(23, 32, '2026-04-22 10:16:39', '2026-04-22 10:16:39'),
(24, 15, '2026-04-22 10:16:39', '2026-04-22 10:16:39'),
(24, 25, '2026-04-22 10:16:39', '2026-04-22 10:16:39'),
(24, 28, '2026-04-22 10:16:39', '2026-04-22 10:16:39'),
(25, 21, '2026-04-22 10:16:39', '2026-04-22 10:16:39'),
(25, 22, '2026-04-22 10:16:39', '2026-04-22 10:16:39'),
(26, 23, '2026-04-22 10:16:39', '2026-04-22 10:16:39'),
(26, 24, '2026-04-22 10:16:39', '2026-04-22 10:16:39'),
(26, 27, '2026-04-22 10:16:39', '2026-04-22 10:16:39'),
(27, 14, '2026-04-22 10:16:39', '2026-04-22 10:16:39'),
(27, 31, '2026-04-22 10:16:39', '2026-04-22 10:16:39'),
(27, 32, '2026-04-22 10:16:39', '2026-04-22 10:16:39'),
(28, 15, '2026-04-22 10:16:40', '2026-04-22 10:16:40'),
(28, 19, '2026-04-22 10:16:40', '2026-04-22 10:16:40'),
(28, 20, '2026-04-22 10:16:40', '2026-04-22 10:16:40'),
(29, 22, '2026-04-22 10:16:40', '2026-04-22 10:16:40'),
(30, 32, '2026-04-22 10:16:39', '2026-04-22 10:16:39'),
(31, 3, '2026-04-22 10:16:39', '2026-04-22 10:16:39'),
(31, 26, '2026-04-22 10:16:39', '2026-04-22 10:16:39'),
(31, 28, '2026-04-22 10:16:39', '2026-04-22 10:16:39'),
(31, 30, '2026-04-22 10:16:39', '2026-04-22 10:16:39'),
(32, 8, '2026-04-22 10:16:39', '2026-04-22 10:16:39'),
(33, 6, '2026-04-22 10:16:39', '2026-04-22 10:16:39'),
(33, 14, '2026-04-22 10:16:39', '2026-04-22 10:16:39'),
(33, 17, '2026-04-22 10:16:39', '2026-04-22 10:16:39'),
(34, 1, '2026-04-22 10:16:39', '2026-04-22 10:16:39'),
(34, 7, '2026-04-22 10:16:39', '2026-04-22 10:16:39'),
(35, 21, '2026-04-22 10:16:40', '2026-04-22 10:16:40'),
(36, 20, '2026-04-22 10:16:39', '2026-04-22 10:16:39'),
(36, 32, '2026-04-22 10:16:39', '2026-04-22 10:16:39'),
(38, 5, '2026-04-22 10:16:40', '2026-04-22 10:16:40'),
(38, 22, '2026-04-22 10:16:40', '2026-04-22 10:16:40'),
(39, 15, '2026-04-22 10:16:39', '2026-04-22 10:16:39'),
(39, 16, '2026-04-22 10:16:39', '2026-04-22 10:16:39'),
(39, 32, '2026-04-22 10:16:39', '2026-04-22 10:16:39'),
(40, 29, '2026-04-22 10:16:40', '2026-04-22 10:16:40'),
(41, 1, '2026-04-22 10:16:40', '2026-04-22 10:16:40'),
(41, 23, '2026-04-22 10:16:40', '2026-04-22 10:16:40'),
(41, 27, '2026-04-22 10:16:40', '2026-04-22 10:16:40'),
(41, 29, '2026-04-22 10:16:40', '2026-04-22 10:16:40'),
(42, 6, '2026-04-22 10:16:39', '2026-04-22 10:16:39'),
(42, 13, '2026-04-22 10:16:39', '2026-04-22 10:16:39'),
(43, 1, '2026-04-22 10:16:39', '2026-04-22 10:16:39'),
(44, 23, '2026-04-22 10:16:40', '2026-04-22 10:16:40'),
(45, 2, '2026-04-22 10:16:40', '2026-04-22 10:16:40'),
(45, 28, '2026-04-22 10:16:40', '2026-04-22 10:16:40'),
(46, 17, '2026-04-22 10:16:40', '2026-04-22 10:16:40'),
(47, 1, '2026-04-22 10:16:39', '2026-04-22 10:16:39'),
(47, 21, '2026-04-22 10:16:39', '2026-04-22 10:16:39'),
(47, 22, '2026-04-22 10:16:39', '2026-04-22 10:16:39'),
(47, 31, '2026-04-22 10:16:39', '2026-04-22 10:16:39'),
(48, 4, '2026-04-22 10:16:39', '2026-04-22 10:16:39'),
(48, 26, '2026-04-22 10:16:39', '2026-04-22 10:16:39'),
(49, 13, '2026-04-22 10:16:40', '2026-04-22 10:16:40'),
(49, 28, '2026-04-22 10:16:40', '2026-04-22 10:16:40'),
(51, 18, '2026-04-22 10:16:39', '2026-04-22 10:16:39'),
(51, 23, '2026-04-22 10:16:39', '2026-04-22 10:16:39'),
(51, 27, '2026-04-22 10:16:39', '2026-04-22 10:16:39'),
(52, 6, '2026-04-22 10:16:40', '2026-04-22 10:16:40'),
(52, 18, '2026-04-22 10:16:40', '2026-04-22 10:16:40'),
(52, 19, '2026-04-22 10:16:40', '2026-04-22 10:16:40'),
(53, 31, '2026-04-22 10:16:40', '2026-04-22 10:16:40'),
(54, 9, '2026-04-22 10:16:40', '2026-04-22 10:16:40'),
(54, 14, '2026-04-22 10:16:40', '2026-04-22 10:16:40'),
(54, 31, '2026-04-22 10:16:40', '2026-04-22 10:16:40'),
(55, 6, '2026-04-22 10:16:40', '2026-04-22 10:16:40'),
(55, 16, '2026-04-22 10:16:40', '2026-04-22 10:16:40'),
(57, 1, '2026-04-22 10:16:40', '2026-04-22 10:16:40'),
(57, 11, '2026-04-22 10:16:40', '2026-04-22 10:16:40'),
(58, 12, '2026-04-22 10:16:40', '2026-04-22 10:16:40'),
(58, 14, '2026-04-22 10:16:40', '2026-04-22 10:16:40'),
(58, 24, '2026-04-22 10:16:40', '2026-04-22 10:16:40'),
(58, 29, '2026-04-22 10:16:40', '2026-04-22 10:16:40'),
(59, 12, '2026-04-22 10:16:40', '2026-04-22 10:16:40'),
(60, 29, '2026-04-22 10:16:40', '2026-04-22 10:16:40'),
(61, 5, '2026-04-22 10:16:40', '2026-04-22 10:16:40'),
(61, 9, '2026-04-22 10:16:40', '2026-04-22 10:16:40'),
(61, 13, '2026-04-22 10:16:40', '2026-04-22 10:16:40'),
(62, 3, '2026-04-22 10:16:39', '2026-04-22 10:16:39');

-- --------------------------------------------------------

--
-- Tábla szerkezet ehhez a táblához `kepek`
--

CREATE TABLE `kepek` (
  `id` int UNSIGNED NOT NULL,
  `url_Link` varchar(255) COLLATE utf8mb4_unicode_ci NOT NULL DEFAULT 'http://localhost:8000/storage/termekKepek/default.jpg',
  `alt_Szoveg` varchar(255) COLLATE utf8mb4_unicode_ci DEFAULT NULL,
  `leiras` varchar(255) COLLATE utf8mb4_unicode_ci DEFAULT NULL,
  `created_at` timestamp NULL DEFAULT NULL,
  `updated_at` timestamp NULL DEFAULT NULL
) ENGINE=InnoDB DEFAULT CHARSET=utf8mb4 COLLATE=utf8mb4_unicode_ci;

--
-- A tábla adatainak kiíratása `kepek`
--

INSERT INTO `kepek` (`id`, `url_Link`, `alt_Szoveg`, `leiras`, `created_at`, `updated_at`) VALUES
(1, 'http://127.0.0.1:8000/storage/profilKepek/default.jpg', 'Image 1 in profilKepek', 'Description of image 1 in profilKepek', '2026-04-22 10:16:24', '2026-04-22 10:16:24'),
(2, 'http://127.0.0.1:8000/storage/profilKepek/kep_2.jpg', 'Image 2 in profilKepek', 'Description of image 2 in profilKepek', '2026-04-22 10:16:24', '2026-04-22 10:16:24'),
(3, 'http://127.0.0.1:8000/storage/profilKepek/kep_3.jpg', 'Image 3 in profilKepek', 'Description of image 3 in profilKepek', '2026-04-22 10:16:24', '2026-04-22 10:16:24'),
(4, 'http://127.0.0.1:8000/storage/blog/default.jpg', 'Image 1 in blog', 'Description of image 1 in blog', '2026-04-22 10:16:24', '2026-04-22 10:16:24'),
(5, 'http://127.0.0.1:8000/storage/blog/placeholder_2.png', 'Image 2 in blog', 'Description of image 2 in blog', '2026-04-22 10:16:24', '2026-04-22 10:16:24'),
(6, 'http://127.0.0.1:8000/storage/blog/placeholder_3.svg', 'Image 3 in blog', 'Description of image 3 in blog', '2026-04-22 10:16:24', '2026-04-22 10:16:24'),
(7, 'http://127.0.0.1:8000/storage/blog/placeholder_4.gif', 'Image 4 in blog', 'Description of image 4 in blog', '2026-04-22 10:16:24', '2026-04-22 10:16:24'),
(8, 'http://127.0.0.1:8000/storage/blog/placeholder_5.png', 'Image 5 in blog', 'Description of image 5 in blog', '2026-04-22 10:16:24', '2026-04-22 10:16:24'),
(9, 'http://127.0.0.1:8000/storage/blog/placeholder_6.jpg', 'Image 6 in blog', 'Description of image 6 in blog', '2026-04-22 10:16:24', '2026-04-22 10:16:24'),
(10, 'http://127.0.0.1:8000/storage/blog/placeholder_7.jpg', 'Image 7 in blog', 'Description of image 7 in blog', '2026-04-22 10:16:24', '2026-04-22 10:16:24'),
(11, 'http://127.0.0.1:8000/storage/blog/placeholder_8.avif', 'Image 8 in blog', 'Description of image 8 in blog', '2026-04-22 10:16:24', '2026-04-22 10:16:24'),
(12, 'http://127.0.0.1:8000/storage/blog/placeholder_9.png', 'Image 9 in blog', 'Description of image 9 in blog', '2026-04-22 10:16:24', '2026-04-22 10:16:24'),
(13, 'http://127.0.0.1:8000/storage/blog/placeholder_10.png', 'Image 10 in blog', 'Description of image 10 in blog', '2026-04-22 10:16:24', '2026-04-22 10:16:24'),
(14, 'http://127.0.0.1:8000/storage/termekKepek/default.jpg', 'Image 1 in termekKepek', 'Description of image 1 in termekKepek', '2026-04-22 10:16:24', '2026-04-22 10:16:24'),
(15, 'http://127.0.0.1:8000/storage/termekKepek/item_2.jpg', 'Image 2 in termekKepek', 'Description of image 2 in termekKepek', '2026-04-22 10:16:24', '2026-04-22 10:16:24'),
(16, 'http://127.0.0.1:8000/storage/termekKepek/item_3.jpg', 'Image 3 in termekKepek', 'Description of image 3 in termekKepek', '2026-04-22 10:16:24', '2026-04-22 10:16:24'),
(17, 'http://127.0.0.1:8000/storage/termekKepek/item_4.jpg', 'Image 4 in termekKepek', 'Description of image 4 in termekKepek', '2026-04-22 10:16:24', '2026-04-22 10:16:24'),
(18, 'http://127.0.0.1:8000/storage/termekKepek/item_5.jpg', 'Image 5 in termekKepek', 'Description of image 5 in termekKepek', '2026-04-22 10:16:24', '2026-04-22 10:16:24'),
(19, 'http://127.0.0.1:8000/storage/termekKepek/item_6.jpg', 'Image 6 in termekKepek', 'Description of image 6 in termekKepek', '2026-04-22 10:16:24', '2026-04-22 10:16:24'),
(20, 'http://127.0.0.1:8000/storage/termekKepek/item_7.jpg', 'Image 7 in termekKepek', 'Description of image 7 in termekKepek', '2026-04-22 10:16:24', '2026-04-22 10:16:24'),
(21, 'http://127.0.0.1:8000/storage/termekKepek/item_8.jpg', 'Image 8 in termekKepek', 'Description of image 8 in termekKepek', '2026-04-22 10:16:24', '2026-04-22 10:16:24'),
(22, 'http://127.0.0.1:8000/storage/termekKepek/item_9.jpg', 'Image 9 in termekKepek', 'Description of image 9 in termekKepek', '2026-04-22 10:16:24', '2026-04-22 10:16:24'),
(23, 'http://127.0.0.1:8000/storage/termekKepek/item_10.jpg', 'Image 10 in termekKepek', 'Description of image 10 in termekKepek', '2026-04-22 10:16:24', '2026-04-22 10:16:24'),
(24, 'http://127.0.0.1:8000/storage/termekKepek/item_11.jpg', 'Image 11 in termekKepek', 'Description of image 11 in termekKepek', '2026-04-22 10:16:24', '2026-04-22 10:16:24'),
(25, 'http://127.0.0.1:8000/storage/termekKepek/item_12.jpg', 'Image 12 in termekKepek', 'Description of image 12 in termekKepek', '2026-04-22 10:16:24', '2026-04-22 10:16:24'),
(26, 'http://127.0.0.1:8000/storage/termekKepek/item_13.jpg', 'Image 13 in termekKepek', 'Description of image 13 in termekKepek', '2026-04-22 10:16:24', '2026-04-22 10:16:24'),
(27, 'http://127.0.0.1:8000/storage/termekKepek/item_14.jpg', 'Image 14 in termekKepek', 'Description of image 14 in termekKepek', '2026-04-22 10:16:24', '2026-04-22 10:16:24'),
(28, 'http://127.0.0.1:8000/storage/termekKepek/item_15.jpg', 'Image 15 in termekKepek', 'Description of image 15 in termekKepek', '2026-04-22 10:16:24', '2026-04-22 10:16:24'),
(29, 'http://127.0.0.1:8000/storage/termekKepek/item_16.jpg', 'Image 16 in termekKepek', 'Description of image 16 in termekKepek', '2026-04-22 10:16:24', '2026-04-22 10:16:24'),
(30, 'http://127.0.0.1:8000/storage/termekKepek/item_17.jpg', 'Image 17 in termekKepek', 'Description of image 17 in termekKepek', '2026-04-22 10:16:24', '2026-04-22 10:16:24'),
(31, 'http://127.0.0.1:8000/storage/hatterKepek/default.jpg', 'Image 1 in hatterKepek', 'Description of image 1 in hatterKepek', '2026-04-22 10:16:24', '2026-04-22 10:16:24'),
(32, 'http://127.0.0.1:8000/storage/hatterKepek/hatter_2.jpg', 'Image 2 in hatterKepek', 'Description of image 2 in hatterKepek', '2026-04-22 10:16:24', '2026-04-22 10:16:24'),
(33, 'http://127.0.0.1:8000/storage/hatterKepek/hatter_3.jpg', 'Image 3 in hatterKepek', 'Description of image 3 in hatterKepek', '2026-04-22 10:16:24', '2026-04-22 10:16:24'),
(34, 'http://127.0.0.1:8000/storage/hatterKepek/hatter_4.jpg', 'Image 4 in hatterKepek', 'Description of image 4 in hatterKepek', '2026-04-22 10:16:24', '2026-04-22 10:16:24'),
(35, 'http://localhost:8000/storage/maxime_61.jpg', 'Distinctio ducimus eveniet molestias eum.', 'Deserunt qui voluptatem beatae architecto veritatis culpa.', '2026-04-22 10:16:24', '2026-04-22 10:16:24'),
(36, 'http://localhost:8000/storage/sed_98.jpg', 'Voluptatibus saepe quia perferendis laudantium praesentium.', 'In natus neque dolores voluptas.', '2026-04-22 10:16:24', '2026-04-22 10:16:24'),
(37, 'http://localhost:8000/storage/officiis_97.jpg', 'Rerum ratione explicabo est eum soluta ut sunt.', 'Debitis molestias dolores quia ea quia.', '2026-04-22 10:16:24', '2026-04-22 10:16:24'),
(38, 'http://localhost:8000/storage/et_49.jpg', 'Minima velit eveniet distinctio enim.', 'Dolorum voluptatem facilis quae non odit aspernatur.', '2026-04-22 10:16:24', '2026-04-22 10:16:24'),
(39, 'http://localhost:8000/storage/possimus_52.jpg', 'Eaque error sit minus earum aut voluptas.', 'Reiciendis voluptatibus vero aut et temporibus placeat est.', '2026-04-22 10:16:24', '2026-04-22 10:16:24'),
(40, 'http://localhost:8000/storage/quo_34.jpg', 'Minus minus omnis enim at sit.', 'Voluptatem nulla laudantium sit.', '2026-04-22 10:16:24', '2026-04-22 10:16:24'),
(41, 'http://localhost:8000/storage/minus_82.jpg', 'Animi aut culpa sit est voluptatem.', 'Repellat dolor tenetur ut aliquid distinctio.', '2026-04-22 10:16:24', '2026-04-22 10:16:24'),
(42, 'http://localhost:8000/storage/eum_83.jpg', 'Maxime ut nesciunt quas ut.', 'Est vel quaerat asperiores excepturi.', '2026-04-22 10:16:24', '2026-04-22 10:16:24'),
(43, 'http://localhost:8000/storage/omnis_27.jpg', 'Dolor qui odio ex nesciunt tenetur omnis ea quaerat.', 'Amet sequi et aut quia vero et.', '2026-04-22 10:16:24', '2026-04-22 10:16:24'),
(44, 'http://localhost:8000/storage/occaecati_9.jpg', 'Voluptatem deserunt quae modi et harum eum.', 'Officiis eos quas quis eaque quae est.', '2026-04-22 10:16:24', '2026-04-22 10:16:24'),
(45, 'http://localhost:8000/storage/ea_62.jpg', 'Voluptas architecto tempora et facere animi natus et.', 'Cupiditate excepturi ut occaecati eum illo.', '2026-04-22 10:16:24', '2026-04-22 10:16:24'),
(46, 'http://localhost:8000/storage/a_51.jpg', 'Officiis veritatis est id.', 'Aspernatur culpa laborum reiciendis enim voluptatem.', '2026-04-22 10:16:24', '2026-04-22 10:16:24'),
(47, 'http://localhost:8000/storage/quod_48.jpg', 'Neque iure tempore ipsam est fugit aspernatur aliquid.', 'Provident et architecto laudantium corporis maxime eum.', '2026-04-22 10:16:24', '2026-04-22 10:16:24'),
(48, 'http://localhost:8000/storage/similique_5.jpg', 'Earum pariatur fuga hic odio.', 'Voluptatem ipsum nihil dolor velit et sed quia.', '2026-04-22 10:16:24', '2026-04-22 10:16:24'),
(49, 'http://localhost:8000/storage/ex_47.jpg', 'Magni id quisquam non magni culpa ut eaque sint.', 'Odio vel sit est ut sed voluptas est.', '2026-04-22 10:16:24', '2026-04-22 10:16:24'),
(50, 'http://localhost:8000/storage/labore_76.jpg', 'Veniam est cum saepe natus numquam.', 'Alias qui est dicta et.', '2026-04-22 10:16:24', '2026-04-22 10:16:24'),
(51, 'http://localhost:8000/storage/aliquid_33.jpg', 'Doloremque minima nisi aut inventore quis ut.', 'Dolorem quas est vel odit tempore incidunt inventore.', '2026-04-22 10:16:24', '2026-04-22 10:16:24'),
(52, 'http://localhost:8000/storage/pariatur_2.jpg', 'Excepturi culpa est magnam in fuga sequi.', 'Quas earum et rerum aliquid est voluptatem ut.', '2026-04-22 10:16:24', '2026-04-22 10:16:24'),
(53, 'http://localhost:8000/storage/quia_49.jpg', 'Deleniti possimus perferendis delectus sed.', 'Aut quia cumque alias autem cumque.', '2026-04-22 10:16:24', '2026-04-22 10:16:24'),
(54, 'http://localhost:8000/storage/quis_60.jpg', 'Laboriosam voluptatum quia et nihil rerum unde et.', 'Sit tempore accusantium veniam ratione magnam autem omnis.', '2026-04-22 10:16:24', '2026-04-22 10:16:24'),
(55, 'http://localhost:8000/storage/autem_8.jpg', 'Voluptatibus animi sit dolores aliquam.', 'Autem delectus ea ut ad alias non.', '2026-04-22 10:16:24', '2026-04-22 10:16:24'),
(56, 'http://localhost:8000/storage/expedita_70.jpg', 'Fugiat eos voluptatem est impedit.', 'Sed alias fuga non quo excepturi magnam reiciendis tempora.', '2026-04-22 10:16:24', '2026-04-22 10:16:24'),
(57, 'http://localhost:8000/storage/fugit_87.jpg', 'Aut consequatur sed non occaecati.', 'Tenetur et enim voluptas a.', '2026-04-22 10:16:24', '2026-04-22 10:16:24'),
(58, 'http://localhost:8000/storage/est_59.jpg', 'Eos officia consequuntur necessitatibus est tenetur et.', 'Impedit qui dolores quia modi.', '2026-04-22 10:16:24', '2026-04-22 10:16:24'),
(59, 'http://localhost:8000/storage/officia_4.jpg', 'Reiciendis sed dolor vitae non quia odio dolorem.', 'Quia qui sunt et ab culpa nulla quidem ipsa.', '2026-04-22 10:16:24', '2026-04-22 10:16:24'),
(60, 'http://localhost:8000/storage/qui_12.jpg', 'Fugiat mollitia quaerat quia ea.', 'Vero nostrum laudantium non enim officia rem iure dolorem.', '2026-04-22 10:16:24', '2026-04-22 10:16:24'),
(61, 'http://localhost:8000/storage/tempora_38.jpg', 'Voluptates voluptate et consequuntur quaerat.', 'Architecto vel mollitia impedit distinctio ea reiciendis sed.', '2026-04-22 10:16:24', '2026-04-22 10:16:24'),
(62, 'http://localhost:8000/storage/neque_1.jpg', 'Labore qui tempora qui sunt.', 'Officia dicta accusamus aperiam.', '2026-04-22 10:16:24', '2026-04-22 10:16:24'),
(63, 'http://localhost:8000/storage/illo_56.jpg', 'Exercitationem ducimus cum laboriosam aut repellendus dolorum.', 'Ratione optio quod consequatur earum delectus sed deserunt.', '2026-04-22 10:16:24', '2026-04-22 10:16:24'),
(64, 'http://localhost:8000/storage/ut_96.jpg', 'Occaecati nihil in ut ut culpa quas est.', 'Quisquam quam ut incidunt error error rerum velit.', '2026-04-22 10:16:24', '2026-04-22 10:16:24'),
(65, 'http://localhost:8000/storage/nesciunt_18.jpg', 'Dolor aliquid doloremque quia sunt voluptatem quaerat in.', 'Cumque aliquam distinctio odio id expedita vitae necessitatibus sapiente.', '2026-04-22 10:16:24', '2026-04-22 10:16:24'),
(66, 'http://localhost:8000/storage/dolorem_29.jpg', 'Aut qui eius aliquid accusamus odio magni quaerat sapiente.', 'Quibusdam et illum rerum.', '2026-04-22 10:16:24', '2026-04-22 10:16:24'),
(67, 'http://localhost:8000/storage/esse_25.jpg', 'Maiores et numquam et adipisci ut sit aut.', 'Quis libero mollitia necessitatibus facere voluptatem.', '2026-04-22 10:16:24', '2026-04-22 10:16:24'),
(68, 'http://localhost:8000/storage/quibusdam_96.jpg', 'Tenetur iusto corrupti possimus quod et.', 'Omnis esse eius provident tempora.', '2026-04-22 10:16:24', '2026-04-22 10:16:24'),
(69, 'http://localhost:8000/storage/voluptatem_93.jpg', 'Vel qui laboriosam assumenda illo quia velit in.', 'Magnam non est vel tenetur.', '2026-04-22 10:16:24', '2026-04-22 10:16:24'),
(70, 'http://localhost:8000/storage/vel_10.jpg', 'Voluptas sunt et atque blanditiis.', 'Culpa laudantium voluptas aspernatur.', '2026-04-22 10:16:24', '2026-04-22 10:16:24'),
(71, 'http://localhost:8000/storage/magni_96.jpg', 'Itaque quidem sed cum ratione eius mollitia nesciunt perferendis.', 'Et cumque et illum sed in est.', '2026-04-22 10:16:24', '2026-04-22 10:16:24'),
(72, 'http://localhost:8000/storage/laudantium_44.jpg', 'Et veniam excepturi est quia pariatur nam.', 'Quasi ipsa assumenda et.', '2026-04-22 10:16:24', '2026-04-22 10:16:24'),
(73, 'http://localhost:8000/storage/aspernatur_35.jpg', 'Dolores quia consequatur blanditiis cumque id aliquam velit.', 'Deleniti fugit voluptatem quia.', '2026-04-22 10:16:24', '2026-04-22 10:16:24'),
(74, 'http://localhost:8000/storage/molestiae_29.jpg', 'Ut reiciendis sapiente numquam fuga praesentium minima ut.', 'A omnis dolore nostrum omnis unde.', '2026-04-22 10:16:24', '2026-04-22 10:16:24'),
(75, 'http://localhost:8000/storage/sint_67.jpg', 'Cum in ex saepe nulla.', 'Qui porro est architecto ut illo corporis.', '2026-04-22 10:16:24', '2026-04-22 10:16:24'),
(76, 'http://localhost:8000/storage/fuga_88.jpg', 'Alias esse ea nihil iusto eveniet voluptas illo et.', 'Voluptatem modi animi aut est libero error debitis.', '2026-04-22 10:16:24', '2026-04-22 10:16:24'),
(77, 'http://localhost:8000/storage/perspiciatis_79.jpg', 'Reiciendis distinctio sunt ab corporis.', 'Repellat blanditiis adipisci consequatur qui possimus qui.', '2026-04-22 10:16:24', '2026-04-22 10:16:24'),
(78, 'http://localhost:8000/storage/debitis_81.jpg', 'Quibusdam aliquid odio nemo necessitatibus sed cupiditate nostrum.', 'Consectetur labore temporibus est dolore et dolores eligendi.', '2026-04-22 10:16:24', '2026-04-22 10:16:24'),
(79, 'http://localhost:8000/storage/id_78.jpg', 'Soluta non quia aliquam laborum in laboriosam iste nihil.', 'Velit expedita aspernatur vitae quisquam.', '2026-04-22 10:16:24', '2026-04-22 10:16:24'),
(80, 'http://localhost:8000/storage/aut_82.jpg', 'Non accusamus perferendis dolore deserunt.', 'Perspiciatis ex ipsa enim et in beatae eos quidem.', '2026-04-22 10:16:24', '2026-04-22 10:16:24'),
(81, 'http://localhost:8000/storage/laborum_56.jpg', 'Est necessitatibus inventore ut.', 'Saepe vel recusandae quia non.', '2026-04-22 10:16:24', '2026-04-22 10:16:24'),
(82, 'http://localhost:8000/storage/deleniti_74.jpg', 'Enim quibusdam architecto sed similique hic voluptas tenetur ex.', 'Unde ipsam dolor sunt ullam et.', '2026-04-22 10:16:24', '2026-04-22 10:16:24'),
(83, 'http://localhost:8000/storage/sit_22.jpg', 'Et nobis rerum officia dolores aut saepe repellendus.', 'Quo tempore perspiciatis quis aperiam.', '2026-04-22 10:16:24', '2026-04-22 10:16:24'),
(84, 'http://localhost:8000/storage/facere_6.jpg', 'Rerum illum officiis dolorem praesentium aut.', 'Aut numquam quod earum voluptas reprehenderit perferendis.', '2026-04-22 10:16:24', '2026-04-22 10:16:24'),
(85, 'http://localhost:8000/storage/praesentium_46.jpg', 'Quas voluptates culpa doloremque modi ipsa modi ex.', 'Dolorum sapiente veniam culpa voluptatem omnis omnis.', '2026-04-22 10:16:24', '2026-04-22 10:16:24'),
(86, 'http://localhost:8000/storage/beatae_7.jpg', 'Voluptas asperiores laboriosam provident alias et.', 'Voluptas aspernatur blanditiis odio enim et provident dolorum earum.', '2026-04-22 10:16:24', '2026-04-22 10:16:24'),
(87, 'http://localhost:8000/storage/sunt_12.jpg', 'Itaque qui perferendis dolor et fugit dignissimos.', 'Nihil numquam id accusantium reprehenderit molestias voluptatum.', '2026-04-22 10:16:24', '2026-04-22 10:16:24'),
(88, 'http://localhost:8000/storage/consequatur_73.jpg', 'Maiores et molestiae quia quod.', 'Iure quisquam impedit sint rerum inventore harum suscipit.', '2026-04-22 10:16:24', '2026-04-22 10:16:24'),
(89, 'http://localhost:8000/storage/facilis_5.jpg', 'Voluptas sint ut nesciunt.', 'Aliquam ut voluptatum veritatis quibusdam et ad.', '2026-04-22 10:16:24', '2026-04-22 10:16:24'),
(90, 'http://localhost:8000/storage/natus_50.jpg', 'Et quos illo et.', 'Architecto officia molestias aliquid voluptatum.', '2026-04-22 10:16:24', '2026-04-22 10:16:24'),
(91, 'http://localhost:8000/storage/earum_43.jpg', 'Et doloremque aliquam provident in ut.', 'Omnis enim fugiat aut consectetur doloremque quos.', '2026-04-22 10:16:24', '2026-04-22 10:16:24'),
(92, 'http://localhost:8000/storage/alias_3.jpg', 'At molestiae iure incidunt doloremque.', 'Optio qui vero iure.', '2026-04-22 10:16:24', '2026-04-22 10:16:24'),
(93, 'http://localhost:8000/storage/quisquam_65.jpg', 'Assumenda sunt qui explicabo saepe aut labore harum.', 'Magni unde est asperiores aut.', '2026-04-22 10:16:24', '2026-04-22 10:16:24'),
(94, 'http://localhost:8000/storage/blanditiis_70.jpg', 'Harum voluptatem repellendus qui quia.', 'Illum tenetur voluptate et quia nobis vel.', '2026-04-22 10:16:24', '2026-04-22 10:16:24'),
(95, 'http://localhost:8000/storage/doloribus_14.jpg', 'Deleniti quia placeat ipsum.', 'Beatae culpa occaecati eos assumenda.', '2026-04-22 10:16:24', '2026-04-22 10:16:24'),
(96, 'http://localhost:8000/storage/voluptates_0.jpg', 'Illo asperiores et voluptatibus quia.', 'Debitis ea cumque error id aliquam nihil et.', '2026-04-22 10:16:24', '2026-04-22 10:16:24'),
(97, 'http://localhost:8000/storage/reiciendis_86.jpg', 'Sit cupiditate quod ut quibusdam.', 'Et quam ad placeat dolorem.', '2026-04-22 10:16:24', '2026-04-22 10:16:24'),
(98, 'http://localhost:8000/storage/velit_13.jpg', 'Libero velit dolore earum voluptates.', 'Sed eos quo ab excepturi.', '2026-04-22 10:16:24', '2026-04-22 10:16:24'),
(99, 'http://localhost:8000/storage/at_79.jpg', 'In sequi quis similique fugiat voluptates.', 'Odit quia aut voluptatum accusantium numquam.', '2026-04-22 10:16:24', '2026-04-22 10:16:24'),
(100, 'http://localhost:8000/storage/quaerat_82.jpg', 'Libero et aspernatur quia culpa unde sequi id.', 'Neque autem tempore id dicta autem eos hic.', '2026-04-22 10:16:24', '2026-04-22 10:16:24'),
(101, 'http://localhost:8000/storage/quas_17.jpg', 'Nulla aliquam quod excepturi asperiores consequatur.', 'Enim qui magni reprehenderit magni excepturi excepturi.', '2026-04-22 10:16:24', '2026-04-22 10:16:24'),
(102, 'http://localhost:8000/storage/eos_50.jpg', 'Impedit ut adipisci corrupti ipsa temporibus magnam et.', 'Quia id corrupti id nihil dicta ea.', '2026-04-22 10:16:24', '2026-04-22 10:16:24'),
(103, 'http://localhost:8000/storage/reprehenderit_17.jpg', 'Et qui in omnis at.', 'Exercitationem cumque ducimus unde soluta unde consectetur at.', '2026-04-22 10:16:24', '2026-04-22 10:16:24'),
(104, 'http://localhost:8000/storage/totam_60.jpg', 'Voluptas illo impedit culpa nisi est aut.', 'Nostrum repellat error aliquid architecto eum dolor.', '2026-04-22 10:16:24', '2026-04-22 10:16:24'),
(105, 'http://localhost:8000/storage/porro_29.jpg', 'Hic possimus rerum a sit.', 'Corrupti minima qui odit temporibus voluptatem qui maxime.', '2026-04-22 10:16:24', '2026-04-22 10:16:24'),
(106, 'http://localhost:8000/storage/rerum_47.jpg', 'Eos ea debitis ad a quidem ea.', 'Est dolor iure fugiat dolor.', '2026-04-22 10:16:24', '2026-04-22 10:16:24'),
(107, 'http://localhost:8000/storage/distinctio_27.jpg', 'Voluptatibus magni sunt autem quis molestiae et.', 'Suscipit ad occaecati molestias quam placeat enim aut.', '2026-04-22 10:16:24', '2026-04-22 10:16:24'),
(108, 'http://localhost:8000/storage/atque_39.jpg', 'Nihil temporibus quisquam laboriosam repellendus.', 'Qui qui repellendus laudantium quae explicabo ea eos.', '2026-04-22 10:16:24', '2026-04-22 10:16:24'),
(109, 'http://localhost:8000/storage/nam_95.jpg', 'Quam quae molestiae natus et iusto possimus dolorum.', 'Neque consequatur est qui quas animi porro.', '2026-04-22 10:16:24', '2026-04-22 10:16:24'),
(110, 'http://localhost:8000/storage/repellat_84.jpg', 'Cum praesentium soluta non enim ab numquam harum.', 'Id maiores commodi aliquam delectus alias ipsam.', '2026-04-22 10:16:24', '2026-04-22 10:16:24'),
(111, 'http://localhost:8000/storage/cupiditate_64.jpg', 'Dolorem perferendis eius aut commodi eos laborum dolor rerum.', 'Natus magnam est ea.', '2026-04-22 10:16:24', '2026-04-22 10:16:24'),
(112, 'http://localhost:8000/storage/numquam_96.jpg', 'Blanditiis recusandae magnam ea vel nulla qui delectus.', 'Et est facilis placeat dolor inventore.', '2026-04-22 10:16:24', '2026-04-22 10:16:24'),
(113, 'http://localhost:8000/storage/impedit_17.jpg', 'Ex ullam enim velit.', 'Dolore laboriosam consectetur blanditiis officiis aliquid ipsam omnis.', '2026-04-22 10:16:24', '2026-04-22 10:16:24'),
(114, 'http://localhost:8000/storage/quidem_89.jpg', 'Tenetur temporibus occaecati ab reiciendis aut.', 'Voluptatibus nostrum et ad nobis repellendus saepe eius iure.', '2026-04-22 10:16:24', '2026-04-22 10:16:24'),
(115, 'http://localhost:8000/storage/amet_12.jpg', 'Aut occaecati nihil eveniet odio illo aut.', 'Dolores ea ab et quia animi enim nihil.', '2026-04-22 10:16:24', '2026-04-22 10:16:24'),
(116, 'http://localhost:8000/storage/tenetur_31.jpg', 'Non odit est assumenda dicta a ducimus quia.', 'Quibusdam necessitatibus eum vitae quisquam accusamus possimus ut.', '2026-04-22 10:16:24', '2026-04-22 10:16:24'),
(117, 'http://localhost:8000/storage/accusantium_46.jpg', 'Veniam perspiciatis et quia quia eum.', 'Minus sint atque deserunt exercitationem pariatur aspernatur.', '2026-04-22 10:16:24', '2026-04-22 10:16:24'),
(118, 'http://localhost:8000/storage/culpa_0.jpg', 'Aliquid earum harum corporis reprehenderit.', 'Aut quibusdam et debitis quibusdam delectus.', '2026-04-22 10:16:24', '2026-04-22 10:16:24'),
(119, 'http://localhost:8000/storage/quos_40.jpg', 'Et nam autem accusamus doloremque quos eligendi in vel.', 'Delectus aliquid aperiam voluptas quidem saepe.', '2026-04-22 10:16:24', '2026-04-22 10:16:24'),
(120, 'http://localhost:8000/storage/odit_84.jpg', 'Nesciunt illum ut non et.', 'Porro rerum est magnam doloremque.', '2026-04-22 10:16:24', '2026-04-22 10:16:24'),
(121, 'http://localhost:8000/storage/quae_25.jpg', 'Voluptate explicabo quo odio et assumenda.', 'Assumenda sit pariatur odio maiores.', '2026-04-22 10:16:24', '2026-04-22 10:16:24'),
(122, 'http://localhost:8000/storage/nihil_61.jpg', 'Eius laudantium fuga labore eum.', 'Distinctio nostrum incidunt nihil.', '2026-04-22 10:16:24', '2026-04-22 10:16:24'),
(123, 'http://localhost:8000/storage/voluptatibus_8.jpg', 'Illum beatae placeat saepe dolorum illum.', 'Eveniet odio molestiae adipisci voluptates deserunt aut natus nulla.', '2026-04-22 10:16:24', '2026-04-22 10:16:24'),
(124, 'http://localhost:8000/storage/voluptas_79.jpg', 'Ut consectetur similique molestias facilis culpa consectetur.', 'Aut libero ad eum et repellendus accusantium cum.', '2026-04-22 10:16:24', '2026-04-22 10:16:24'),
(125, 'http://localhost:8000/storage/dolores_91.jpg', 'Commodi est debitis necessitatibus et commodi et laudantium.', 'Nisi laborum similique aliquid ipsam exercitationem voluptates velit.', '2026-04-22 10:16:24', '2026-04-22 10:16:24'),
(126, 'http://localhost:8000/storage/provident_12.jpg', 'Voluptatem et qui qui impedit rem inventore a.', 'Aut minima modi in odio porro alias porro in.', '2026-04-22 10:16:24', '2026-04-22 10:16:24'),
(127, 'http://localhost:8000/storage/consequuntur_41.jpg', 'Commodi repellat earum pariatur quaerat sint.', 'Enim iste sit sunt beatae est eos autem.', '2026-04-22 10:16:24', '2026-04-22 10:16:24'),
(128, 'http://localhost:8000/storage/error_48.jpg', 'Aliquid excepturi id facilis adipisci perspiciatis nostrum.', 'In dolor ut et iure sed.', '2026-04-22 10:16:24', '2026-04-22 10:16:24'),
(129, 'http://localhost:8000/storage/saepe_7.jpg', 'Quis odit et laborum et assumenda.', 'Aut ad dicta explicabo in rem sed et.', '2026-04-22 10:16:24', '2026-04-22 10:16:24'),
(130, 'http://localhost:8000/storage/illum_79.jpg', 'Aut qui in qui.', 'Quae ratione qui nesciunt quaerat qui.', '2026-04-22 10:16:24', '2026-04-22 10:16:24'),
(131, 'http://localhost:8000/storage/incidunt_97.jpg', 'Corrupti facilis qui similique qui dolorum et.', 'Libero sequi dolorem similique accusantium officia voluptatibus voluptatibus voluptas.', '2026-04-22 10:16:24', '2026-04-22 10:16:24'),
(132, 'http://localhost:8000/storage/adipisci_17.jpg', 'Impedit velit in est nihil et suscipit quo.', 'Assumenda dolores voluptates consectetur quia molestias dolorem nemo.', '2026-04-22 10:16:24', '2026-04-22 10:16:24'),
(133, 'http://localhost:8000/storage/itaque_73.jpg', 'Natus animi ipsum et placeat accusantium velit aut.', 'Quia in corporis dolor corrupti est aut quos.', '2026-04-22 10:16:24', '2026-04-22 10:16:24'),
(134, 'http://localhost:8000/storage/dolor_71.jpg', 'Recusandae tenetur maxime saepe atque soluta.', 'Rerum incidunt sapiente et laborum velit recusandae ut.', '2026-04-22 10:16:24', '2026-04-22 10:16:24');

-- --------------------------------------------------------

--
-- Tábla szerkezet ehhez a táblához `kommentek`
--

CREATE TABLE `kommentek` (
  `id` int UNSIGNED NOT NULL,
  `komment` text COLLATE utf8mb4_unicode_ci,
  `poszt_id` int UNSIGNED NOT NULL,
  `kommentelo` int UNSIGNED DEFAULT NULL,
  `elozetes_komment_id` int UNSIGNED DEFAULT NULL,
  `letrehozas_datuma` timestamp NOT NULL DEFAULT CURRENT_TIMESTAMP,
  `created_at` timestamp NULL DEFAULT NULL,
  `updated_at` timestamp NULL DEFAULT NULL
) ENGINE=InnoDB DEFAULT CHARSET=utf8mb4 COLLATE=utf8mb4_unicode_ci;

--
-- A tábla adatainak kiíratása `kommentek`
--

INSERT INTO `kommentek` (`id`, `komment`, `poszt_id`, `kommentelo`, `elozetes_komment_id`, `letrehozas_datuma`, `created_at`, `updated_at`) VALUES
(1, 'Voluptates modi autem.', 5, 38, NULL, '1972-08-17 15:11:18', '2026-04-22 10:16:38', '2026-04-22 10:16:38'),
(2, 'Voluptate doloremque quos.', 1, 59, NULL, '1971-11-30 06:28:34', '2026-04-22 10:16:38', '2026-04-22 10:16:38'),
(3, 'Et unde sunt.', 11, 29, NULL, '2018-09-26 00:44:55', '2026-04-22 10:16:38', '2026-04-22 10:16:38'),
(4, 'Quo voluptas.', 12, 58, NULL, '1999-11-19 18:44:15', '2026-04-22 10:16:38', '2026-04-22 10:16:38'),
(5, 'A est ex.', 9, 63, NULL, '1994-11-05 14:54:58', '2026-04-22 10:16:38', '2026-04-22 10:16:38'),
(6, 'Facere est animi.', 11, 19, NULL, '1982-02-19 04:56:59', '2026-04-22 10:16:38', '2026-04-22 10:16:38'),
(7, 'Est temporibus fugiat.', 10, 13, NULL, '1971-07-09 19:55:58', '2026-04-22 10:16:38', '2026-04-22 10:16:38'),
(8, 'Maiores officiis.', 1, 37, NULL, '2017-09-26 00:40:48', '2026-04-22 10:16:38', '2026-04-22 10:16:38'),
(9, 'Quibusdam eum.', 12, 51, NULL, '2012-04-05 00:22:39', '2026-04-22 10:16:38', '2026-04-22 10:16:38'),
(10, 'Enim numquam.', 1, 52, NULL, '2021-05-03 00:53:50', '2026-04-22 10:16:38', '2026-04-22 10:16:38'),
(11, 'Quam sit libero.', 1, 3, 2, '1991-06-09 19:39:52', '2026-04-22 10:16:38', '2026-04-22 10:16:38'),
(12, 'Architecto doloribus omnis.', 1, 3, 2, '1980-03-09 10:36:23', '2026-04-22 10:16:38', '2026-04-22 10:16:38'),
(13, 'Magni vel.', 1, 3, 2, '2012-11-24 02:11:16', '2026-04-22 10:16:38', '2026-04-22 10:16:38'),
(14, 'Qui laudantium.', 11, 18, 3, '1989-03-16 17:37:08', '2026-04-22 10:16:38', '2026-04-22 10:16:38'),
(15, 'Nemo et.', 11, 18, 3, '1976-01-20 12:03:18', '2026-04-22 10:16:38', '2026-04-22 10:16:38'),
(16, 'Et doloribus ea.', 11, 18, 3, '2014-09-21 09:57:05', '2026-04-22 10:16:38', '2026-04-22 10:16:38'),
(17, 'Odio eligendi eum.', 9, 46, 5, '1981-11-10 07:02:36', '2026-04-22 10:16:38', '2026-04-22 10:16:38'),
(18, 'Voluptatem illo laborum.', 9, 46, 5, '1984-09-16 15:52:14', '2026-04-22 10:16:38', '2026-04-22 10:16:38'),
(19, 'Dicta voluptas reprehenderit.', 11, 37, 6, '2015-07-31 10:10:26', '2026-04-22 10:16:38', '2026-04-22 10:16:38'),
(20, 'Vel eaque eveniet.', 11, 37, 6, '2006-07-20 16:32:59', '2026-04-22 10:16:38', '2026-04-22 10:16:38'),
(21, 'Eligendi amet non.', 10, 29, 7, '1974-12-07 06:30:47', '2026-04-22 10:16:38', '2026-04-22 10:16:38'),
(22, 'Mollitia at.', 10, 29, 7, '1997-10-04 08:03:32', '2026-04-22 10:16:38', '2026-04-22 10:16:38'),
(23, 'Aut velit dolor.', 10, 29, 7, '1989-09-01 22:23:46', '2026-04-22 10:16:38', '2026-04-22 10:16:38'),
(24, 'Modi non.', 1, 2, 8, '2013-08-06 19:45:46', '2026-04-22 10:16:38', '2026-04-22 10:16:38'),
(25, 'Et ut.', 12, 1, 9, '2022-09-17 05:12:37', '2026-04-22 10:16:39', '2026-04-22 10:16:39'),
(26, 'Qui quis laborum.', 12, 1, 9, '2020-01-17 06:09:05', '2026-04-22 10:16:39', '2026-04-22 10:16:39'),
(27, 'Iure cum.', 1, 61, 10, '1978-08-18 20:53:12', '2026-04-22 10:16:39', '2026-04-22 10:16:39'),
(28, 'Veniam facilis reiciendis.', 1, 61, 10, '2017-12-28 20:57:01', '2026-04-22 10:16:39', '2026-04-22 10:16:39'),
(29, 'Pariatur modi.', 1, 61, 10, '2015-01-13 23:48:40', '2026-04-22 10:16:39', '2026-04-22 10:16:39');

-- --------------------------------------------------------

--
-- Tábla szerkezet ehhez a táblához `migrations`
--

CREATE TABLE `migrations` (
  `id` int UNSIGNED NOT NULL,
  `migration` varchar(255) COLLATE utf8mb4_unicode_ci NOT NULL,
  `batch` int NOT NULL
) ENGINE=InnoDB DEFAULT CHARSET=utf8mb4 COLLATE=utf8mb4_unicode_ci;

--
-- A tábla adatainak kiíratása `migrations`
--

INSERT INTO `migrations` (`id`, `migration`, `batch`) VALUES
(1, '2025_11_11_084330_create_cache_table', 1),
(2, '2025_11_11_084404_create_sessions_table', 1),
(3, '2025_11_11_084407_create_kepek_table', 1),
(4, '2025_11_11_084912_create_felhasznalok_table', 1),
(5, '2025_11_11_092608_create_varosok_table', 1),
(6, '2025_11_11_093300_create_felhasznalo_adatok_table', 1),
(7, '2025_11_12_085820_create_kategoriak_table', 1),
(8, '2025_11_12_090226_create_cimkek_table', 1),
(9, '2025_11_12_090320_create_szinek_table', 1),
(10, '2025_11_12_090454_create_posztok_table', 1),
(11, '2025_11_12_092622_create_poszt_kepek_table', 1),
(12, '2025_11_12_092957_create_poszt_cimkek_table', 1),
(13, '2025_11_12_112159_create_kommentek_table', 1),
(14, '2025_11_12_113647_create_poszt_reakciok_table', 1),
(15, '2025_11_12_113909_create_termekek_table', 1),
(16, '2025_11_12_114453_create_termek_kepek_table', 1),
(17, '2025_11_12_114646_create_termek_kategoriak_table', 1),
(18, '2025_11_12_114752_create_termek_szinek_table', 1),
(19, '2025_11_12_121130_create_kedvencek_table', 1),
(20, '2025_11_12_121911_create_rendelesek_table', 1),
(21, '2025_11_12_122558_create_rendelt_termekek_table', 1),
(22, '2025_11_19_122648_create_personal_access_tokens_table', 1),
(23, '2026_01_30_000000_add_email_verified_at_to_felhasznalok', 1),
(24, '2026_02_19_221731_create_password_reset_tokens_table', 1),
(25, '2026_04_16_210926_create_jelentesek', 1),
(26, '2026_04_19_183318_add_soft_delete_to_rendelesek', 1);

-- --------------------------------------------------------

--
-- Tábla szerkezet ehhez a táblához `password_reset_tokens`
--

CREATE TABLE `password_reset_tokens` (
  `email` varchar(255) COLLATE utf8mb4_unicode_ci NOT NULL,
  `token` varchar(255) COLLATE utf8mb4_unicode_ci NOT NULL,
  `created_at` timestamp NULL DEFAULT NULL
) ENGINE=InnoDB DEFAULT CHARSET=utf8mb4 COLLATE=utf8mb4_unicode_ci;

-- --------------------------------------------------------

--
-- Tábla szerkezet ehhez a táblához `personal_access_tokens`
--

CREATE TABLE `personal_access_tokens` (
  `id` bigint UNSIGNED NOT NULL,
  `tokenable_type` varchar(255) COLLATE utf8mb4_unicode_ci NOT NULL,
  `tokenable_id` bigint UNSIGNED NOT NULL,
  `name` text COLLATE utf8mb4_unicode_ci NOT NULL,
  `token` varchar(64) COLLATE utf8mb4_unicode_ci NOT NULL,
  `abilities` text COLLATE utf8mb4_unicode_ci,
  `last_used_at` timestamp NULL DEFAULT NULL,
  `expires_at` timestamp NULL DEFAULT NULL,
  `created_at` timestamp NULL DEFAULT NULL,
  `updated_at` timestamp NULL DEFAULT NULL
) ENGINE=InnoDB DEFAULT CHARSET=utf8mb4 COLLATE=utf8mb4_unicode_ci;

-- --------------------------------------------------------

--
-- Tábla szerkezet ehhez a táblához `posztcimkek`
--

CREATE TABLE `posztcimkek` (
  `poszt_id` int UNSIGNED NOT NULL,
  `cimke_id` int UNSIGNED NOT NULL,
  `created_at` timestamp NULL DEFAULT NULL,
  `updated_at` timestamp NULL DEFAULT NULL
) ENGINE=InnoDB DEFAULT CHARSET=utf8mb4 COLLATE=utf8mb4_unicode_ci;

--
-- A tábla adatainak kiíratása `posztcimkek`
--

INSERT INTO `posztcimkek` (`poszt_id`, `cimke_id`, `created_at`, `updated_at`) VALUES
(1, 6, '2026-04-22 10:16:38', '2026-04-22 10:16:38'),
(1, 15, '2026-04-22 10:16:38', '2026-04-22 10:16:38'),
(2, 5, '2026-04-22 10:16:38', '2026-04-22 10:16:38'),
(2, 11, '2026-04-22 10:16:38', '2026-04-22 10:16:38'),
(2, 15, '2026-04-22 10:16:38', '2026-04-22 10:16:38'),
(3, 7, '2026-04-22 10:16:38', '2026-04-22 10:16:38'),
(3, 14, '2026-04-22 10:16:38', '2026-04-22 10:16:38'),
(3, 16, '2026-04-22 10:16:38', '2026-04-22 10:16:38'),
(4, 6, '2026-04-22 10:16:38', '2026-04-22 10:16:38'),
(5, 7, '2026-04-22 10:16:38', '2026-04-22 10:16:38'),
(5, 11, '2026-04-22 10:16:38', '2026-04-22 10:16:38'),
(5, 16, '2026-04-22 10:16:38', '2026-04-22 10:16:38'),
(6, 8, '2026-04-22 10:16:38', '2026-04-22 10:16:38'),
(7, 7, '2026-04-22 10:16:38', '2026-04-22 10:16:38'),
(7, 8, '2026-04-22 10:16:38', '2026-04-22 10:16:38'),
(7, 10, '2026-04-22 10:16:38', '2026-04-22 10:16:38'),
(7, 16, '2026-04-22 10:16:38', '2026-04-22 10:16:38'),
(7, 18, '2026-04-22 10:16:38', '2026-04-22 10:16:38'),
(8, 17, '2026-04-22 10:16:38', '2026-04-22 10:16:38'),
(9, 4, '2026-04-22 10:16:38', '2026-04-22 10:16:38'),
(9, 7, '2026-04-22 10:16:38', '2026-04-22 10:16:38'),
(9, 15, '2026-04-22 10:16:38', '2026-04-22 10:16:38'),
(10, 2, '2026-04-22 10:16:38', '2026-04-22 10:16:38'),
(10, 3, '2026-04-22 10:16:38', '2026-04-22 10:16:38'),
(10, 5, '2026-04-22 10:16:38', '2026-04-22 10:16:38'),
(11, 1, '2026-04-22 10:16:38', '2026-04-22 10:16:38'),
(11, 5, '2026-04-22 10:16:38', '2026-04-22 10:16:38'),
(11, 7, '2026-04-22 10:16:38', '2026-04-22 10:16:38'),
(11, 8, '2026-04-22 10:16:38', '2026-04-22 10:16:38'),
(11, 12, '2026-04-22 10:16:38', '2026-04-22 10:16:38'),
(12, 1, '2026-04-22 10:16:38', '2026-04-22 10:16:38'),
(12, 4, '2026-04-22 10:16:38', '2026-04-22 10:16:38'),
(12, 5, '2026-04-22 10:16:38', '2026-04-22 10:16:38'),
(12, 6, '2026-04-22 10:16:38', '2026-04-22 10:16:38'),
(12, 11, '2026-04-22 10:16:38', '2026-04-22 10:16:38');

-- --------------------------------------------------------

--
-- Tábla szerkezet ehhez a táblához `posztkepek`
--

CREATE TABLE `posztkepek` (
  `poszt_id` int UNSIGNED NOT NULL,
  `kep_id` int UNSIGNED NOT NULL,
  `created_at` timestamp NULL DEFAULT NULL,
  `updated_at` timestamp NULL DEFAULT NULL
) ENGINE=InnoDB DEFAULT CHARSET=utf8mb4 COLLATE=utf8mb4_unicode_ci;

--
-- A tábla adatainak kiíratása `posztkepek`
--

INSERT INTO `posztkepek` (`poszt_id`, `kep_id`, `created_at`, `updated_at`) VALUES
(1, 5, '2026-04-22 10:16:38', '2026-04-22 10:16:38'),
(2, 8, '2026-04-22 10:16:38', '2026-04-22 10:16:38'),
(2, 13, '2026-04-22 10:16:38', '2026-04-22 10:16:38'),
(3, 6, '2026-04-22 10:16:38', '2026-04-22 10:16:38'),
(3, 7, '2026-04-22 10:16:38', '2026-04-22 10:16:38'),
(3, 9, '2026-04-22 10:16:38', '2026-04-22 10:16:38'),
(3, 11, '2026-04-22 10:16:38', '2026-04-22 10:16:38'),
(4, 11, '2026-04-22 10:16:38', '2026-04-22 10:16:38'),
(4, 12, '2026-04-22 10:16:38', '2026-04-22 10:16:38'),
(4, 13, '2026-04-22 10:16:38', '2026-04-22 10:16:38'),
(5, 10, '2026-04-22 10:16:38', '2026-04-22 10:16:38'),
(5, 12, '2026-04-22 10:16:38', '2026-04-22 10:16:38'),
(5, 13, '2026-04-22 10:16:38', '2026-04-22 10:16:38'),
(6, 8, '2026-04-22 10:16:38', '2026-04-22 10:16:38'),
(6, 11, '2026-04-22 10:16:38', '2026-04-22 10:16:38'),
(7, 6, '2026-04-22 10:16:38', '2026-04-22 10:16:38'),
(7, 9, '2026-04-22 10:16:38', '2026-04-22 10:16:38'),
(8, 7, '2026-04-22 10:16:38', '2026-04-22 10:16:38'),
(9, 6, '2026-04-22 10:16:38', '2026-04-22 10:16:38'),
(9, 10, '2026-04-22 10:16:38', '2026-04-22 10:16:38'),
(10, 9, '2026-04-22 10:16:38', '2026-04-22 10:16:38'),
(10, 10, '2026-04-22 10:16:38', '2026-04-22 10:16:38'),
(10, 11, '2026-04-22 10:16:38', '2026-04-22 10:16:38'),
(10, 12, '2026-04-22 10:16:38', '2026-04-22 10:16:38'),
(11, 6, '2026-04-22 10:16:38', '2026-04-22 10:16:38'),
(11, 10, '2026-04-22 10:16:38', '2026-04-22 10:16:38'),
(11, 12, '2026-04-22 10:16:38', '2026-04-22 10:16:38'),
(12, 6, '2026-04-22 10:16:38', '2026-04-22 10:16:38'),
(12, 7, '2026-04-22 10:16:38', '2026-04-22 10:16:38'),
(12, 12, '2026-04-22 10:16:38', '2026-04-22 10:16:38');

-- --------------------------------------------------------

--
-- Tábla szerkezet ehhez a táblához `posztok`
--

CREATE TABLE `posztok` (
  `id` int UNSIGNED NOT NULL,
  `cim` varchar(255) COLLATE utf8mb4_unicode_ci NOT NULL,
  `kivonat` varchar(255) COLLATE utf8mb4_unicode_ci NOT NULL,
  `tartalom` text COLLATE utf8mb4_unicode_ci NOT NULL,
  `szerzo_id` int UNSIGNED DEFAULT NULL,
  `fo_kep_id` int UNSIGNED DEFAULT NULL,
  `letrehozas_datuma` timestamp NOT NULL DEFAULT CURRENT_TIMESTAMP ON UPDATE CURRENT_TIMESTAMP,
  `statusz` enum('piszkozat','közzétett','archivált','törölt') COLLATE utf8mb4_unicode_ci NOT NULL DEFAULT 'piszkozat',
  `created_at` timestamp NULL DEFAULT NULL,
  `updated_at` timestamp NULL DEFAULT NULL
) ENGINE=InnoDB DEFAULT CHARSET=utf8mb4 COLLATE=utf8mb4_unicode_ci;

--
-- A tábla adatainak kiíratása `posztok`
--

INSERT INTO `posztok` (`id`, `cim`, `kivonat`, `tartalom`, `szerzo_id`, `fo_kep_id`, `letrehozas_datuma`, `statusz`, `created_at`, `updated_at`) VALUES
(1, 'Horgolás kezdőknek', 'Fedezd fel a fonalak világát az alábbi útmutatónk segítségével - tudj meg minden információt a horgolás tanulásának elkezdéséhez.', '<h2>Horgolás kezdőknek: Fedezd fel a fonalak világát!</h2>\n                <p>A horgolás az egyik legmegnyugtatóbb és legkreatívabb hobbi, amellyel gyönyörű, hasznos tárgyakat készíthetsz a saját kezeddel. Akár egy puha sálat, akár egy színes takarót vagy akár játékokat szeretnél alkotni, a horgolás végtelen lehetőségeket rejt. Sokan azt hiszik, hogy nehéz megtanulni, de valójában néhány alapöltés elsajátításával máris elindulhatsz a fonalas kalandok útján.</p>\n                <h3>Milyen eszközökre lesz szükséged?</h3>\n                <p>Kezdőként a legjobb, ha vastagabb fonalat és hozzá illő, nagyobb méretű horgolótűt választasz. A 4-es vagy 5-ös méretű alumínium vagy bambusz tűk kellemesen csúsznak a kézben, és a szemek is jól láthatóak lesznek rajta. A fonal legyen világos színű (pl. sárga vagy pasztell), mert azon jobban kivehetők a szemek, mint a sötéteken. Ne feledkezz meg egy éles ollóról és egy tompa végű gobelintűről sem, amellyel a fonalvégeket eldolgozhatod a munka végén.</p>\n                <h3>Az első öltések</h3>\n                <p>Minden horgolás alapja a kezdő hurok és a láncszem. Gyakorold ezt először: készíts egy hurkot a tűre, majd a fonalat áthúzva hozz létre egy laza láncszemsort. Ha ez már megy, jöhet az egyráhajtásos pálca, ami a leggyakoribb öltés. Ehhez ráhajtasz a tűre, beleszúrsz a láncszembe, felhúzod a fonalat, majd kétszer egymás után áthúzod a tűn lévő hurkokon. Ezt az öltést használva készítheted el az első \"granny square\" négyzetedet is.</p>\n                <div><p><strong>☑️ Gyakorló projekt:</strong> Horgolj egy 20x20 cm-es négyzetet! Használd ezt később alátétként, vagy varrj össze több ilyen négyzetet egy színes takaróvá. A négyzetek remek módjai az új öltések kipróbálásának.</p></div>\n                <p>A horgolás szépsége, hogy bárhol, bármikor előveheted – egy buszúton, tévézés közben vagy egy csésze tea mellett is. Adj időt magadnak, és ne aggódj, ha az első sorok nem tökéletesek. A gyakorlás hamar meghozza a rutint!</p>', 1, 5, '2026-04-22 10:16:38', 'közzétett', '2026-04-22 10:16:38', '2026-04-22 10:16:38'),
(2, 'Alapszemek a kötéshez', 'Ismerd meg a leghasznosabb dolgot ami a kötés elsajátításhoz szükséges - a sima és a fordított szemet. Ha ezt megtanulod, minden kötési minta piskóta lesz.', '<h2>Kötés: A sima és fordított szemek varázsa</h2>\n                <p>A kötés egy időtlen mesterség, amely generációk óta öröklődik a családokban. Ma már nemcsak a nagymamák hobbija, hanem egyre több fiatal is felfedezi a két tű és egy gombolyag terápiás hatását. A kötés közbeni ritmikus mozdulatok lelassítják a gondolatokat, és egyfajta meditatív állapotba kerülhetsz – miközben egyedi ruhadarabokat varázsolsz elő a semmiből.</p>\n                <h3>Kezdő felszerelés</h3>\n                <p>Induláshoz elegendő egy pár egyenes kötőtű (5-6 mm-es) és egy közepesen vastag, világos színű fonal. A fonal anyaga lehet akril, pamut vagy gyapjúkeverék – a lényeg, hogy ne legyen túl vékony, mert azt nehezebb kezelni. Később szükséged lehet még mérőszalagra, szemjelölőkre és egy tompa tűre a végek eldolgozásához.</p>\n                <h3>Alapok: sima és fordított</h3>\n                <p>Két alapvető szemléletmód létezik: a sima és a fordított. A sima szem a kötés \"jobb oldala\", a fordított pedig a bal. Ha minden sort simán kötsz, akkor lustakötést kapsz, ami egy rugalmas, hullámos felület. Ha váltogatod a sima és fordított sorokat, akkor harisnyakötés jön létre – az egyik oldal sima, a másik bordázott. Ha egy soron belül váltogatod a két szemet (pl. 2 sima, 2 fordított), akkor patentmintát kapsz, ami a pulóverek alján és a sálak szélén is remekül mutat.</p>\n                <p>Kezdésnek tanuld meg a szemek felszedését – ez az egyik legnehezebb lépés, de rengeteg videó segít az interneten. Ne csüggedj, ha elsőre nem sikerül, próbáld újra!</p><div\"><p><strong>☑️ Javaslat:</strong> Az első komolyabb projekted lehet egy egyszerű sál lustakötéssel. Válassz egy szép színű, vastag fonalat, és köss addig, amíg el nem éred a kívánt hosszt. A végén eldolgozod a szálakat, és már viselheted is a saját készítésű sáladat!</p></div>', 1, 6, '2026-04-19 10:16:38', 'közzétett', '2026-04-22 10:16:38', '2026-04-22 10:16:38'),
(3, 'Március, napsütés - irány a kert', '', '<h2>Kertészkedés: Így neveld a növényeidet tavasztól őszig</h2>\n                <p>A kertészkedés nemcsak a ház körüli munkáról szól, hanem a természet közelségéről és a megújulás öröméről. Akár egy nagy kerted van, akár csak egy erkélyed vagy ablakpárkányod, a növények gondozása feltölt és összekapcsol az évszakok körforgásával. A tavasz a legalkalmasabb időszak arra, hogy belekezdj: ilyenkor ébrednek a növények, és kezdenek újra növekedésbe.</p>\n                <h3>Tavaszi teendők a balkonon</h3>\n                <p>Ha van néhány cserepes növényed, érdemes tavasszal átültetni őket. Nézd meg, hogy a gyökerek nem nőttek-e ki a cserép alján – ha igen, válassz egy mérettel nagyobb edényt. Friss virágföldbe ültesd át, és óvatosan nyomkodd meg a földet a gyökerek körül. Az öntözést is fokozatosan növeld, ahogy melegszik az idő, de mindig kerüld a túlöntözést – a pangó víz gyökérrothadáshoz vezethet.</p>\n                <h3>Növényajánló kezdőknek</h3>\n                <p>Ha most ismerkedsz a kertészkedéssel, válassz olyan növényeket, amelyek \"nehezen ölhetők meg\":</p>\n                <ul>\n                <li><strong>Muskátli:</strong> Napos helyen bőségesen virágzik egész nyáron.</li>\n                <li><strong>Levendula:</strong> Illatos, szárazságtűrő, és a méheket is vonzza.</li>\n                <li><strong>Pozsgások (pl. kaktuszok, varjúháj):</strong> Szinte elfelejtheted őket öntözni, mégis díszlenek.</li>\n                <li><strong>Fűszernövények:</strong> Bazsalikom, petrezselyem, snidling – a konyhában is hasznosak.</li>\n                </ul>\n                <div><p><strong>☑️ Ötlet:</strong> Készíts egy mini fűszernövénykertet egy hosszúkás balkonládába! Tedd ki a konyhaablakba, és szükség szerint csipkedd le a friss zöldeket a főzéshez. A bazsalikom, menta és rozmaring együtt is elfér, és csodás illatot árasztanak.</p></div>\n                <p>Ne feledd: a kertészkedés türelemjáték. A növények nem nőnek egyik napról a másikra, de a gondoskodás meghozza gyümölcsét – szó szerint is, ha mondjuk epret vagy koktélparadicsomot ültetsz.</p>', 1, 7, '2026-04-17 10:16:38', 'közzétett', '2026-04-22 10:16:38', '2026-04-22 10:16:38'),
(4, 'Egyszerű falipolc otthonra', 'Szeretnél barkácsolni valamit de nincs fészered szerszámokkal megtömve? Ezt az egyszerű falipolc készítő útmutatót pont neked hoztuk!', '<h2>Barkácsolás: Készíts egyszerű falipolcot magadnak!</h2>\n                <p>A barkácsolás nem igényel feltétlenül profi műhelyt vagy drága szerszámokat. Egy kis leleményességgel és néhány alapvető eszközzel te is megalkothatod a saját bútorodat, vagy megjavíthatsz valamit a lakásban. Az alábbi útmutatóval egy egyszerű, mégis mutatós falipolcot készíthetsz, amely tökéletes könyvek, dísztárgyak vagy növények számára.</p>\n                <h3>Amire szükséged lesz:</h3>\n                <ul>\n                <li>Egy előre vágott fadeszka (pl. fenyő vagy rétegelt lemez), kb. 60-80 cm hosszú és 20 cm széles</li>\n                <li>Két darab háromszögletű polctartó konzol (fém vagy fa)</li>\n                <li>Csavarok és tiplik (a fal anyagától függően)</li>\n                <li>Fúrógép csavarhúzó fejjel</li>\n                <li>Vízszintező</li>\n                <li>Csiszolópapír, ecset, festék vagy lakk (opcionális)</li>\n                </ul>\n                <h3>A munka menete</h3>\n                <p>Először is csiszold le a deszka felületét, hogy sima legyen, és ne okozzon szilánkot. Ha szeretnéd, le is festheted vagy lakkozhatod a fát – ehhez érdemes először alapozót használni, majd két rétegben felvinni a színt. Hagyd teljesen megszáradni.</p>\n                <p>Következő lépés a konzolok felcsavarozása a polc aljára. Ügyelj arra, hogy a konzolok egymástól egyenlő távolságra legyenek, és a polc széleitől is hagyj 5-10 cm-t. Használd a vízszintezőt, hogy a konzolok párhuzamosak legyenek egymással.</p>\n                <p>Most jön a legizgalmasabb rész: a falra szerelés. Tartsd a polcot a falhoz a kívánt magasságban, és vízszintezővel ellenőrizd. Jelöld meg ceruzával a furatok helyét a falon a konzolok lyukain keresztül. Fúrd ki a lyukakat a falba (ehhez használj fúrót, ami a fal anyagához illik – téglafalhoz ütvefúró, gipszkartonhoz sima fúró). Helyezd be a tipliket, majd csavard fel a konzolokat a falra. Végül helyezd rá a polcot a konzolokra, és ha szükséges, rögzítsd felülről is egy-egy apró csavarral.</p>\n                <div><p><strong>☑️ Tipp:</strong> Mielőtt a falba fúrsz, ellenőrizd, hogy nem vezet-e a falban elektromos kábel vagy vízcső (használj kábelkeresőt)! Kezdésnek válassz egy kevésbé látványos helyet, például a kamrában vagy a műhelyben, hogy magabiztosan gyakorolj.</p></div>', 1, 8, '2026-04-22 10:16:38', 'közzétett', '2026-04-22 10:16:38', '2026-04-22 10:16:38'),
(5, 'A legrágibb díszítő eljárás: a hímzés', 'Ha rutinos vagy varrásban, akkor ez a kreatív elfoglaltság is biztos tetszeni fog; ha pedig nem, itt az idő hogy megismerkedj a szövetdíszítés titkaival.', '<h2>Hímzés: Szálakból szőtt történetek</h2>\n                <p>A hímzés az egyik legősibb textilművesség, amely lehetővé teszi, hogy egy egyszerű anyagdarabot művészi alkotássá varázsolj. Akár egy régi párnát szeretnél feldobni, akár egy egyedi ajándékot készítenél, a hímzés személyes és időtálló. Ráadásul nagyon kevés eszközzel elkezdhető, és bárhol űzhető.</p>\n                <h3>Alapfelszerelés</h3>\n                <ul>\n                <li><strong>Hímzőtű:</strong> tompa végű, nagy lyukkal, hogy a fonal könnyen átférjen.</li>\n                <li><strong>Hímzőfonal:</strong> klasszikus a hat szálból álló fonal, amit tetszés szerint szétszedhetsz.</li>\n                <li><strong>Hímzőkeret:</strong> fából vagy műanyagból, amely feszesen tartja az anyagot és segít, hogy a minta ne torzuljon.</li>\n                <li><strong>Alapanyag:</strong> vászon, pamut vagy lenvászon a legjobb kezdőknek.</li>\n                <li><strong>Minta:</strong> kezdetben akár egy egyszerű vonalrajz is lehet.</li>\n                </ul>\n                <h3>Néhány alapöltés</h3>\n                <p>Az előöltés a legegyszerűbb: csak szúrd ki a tűt, majd húzd vissza kis távolságra – olyan, mint a varrógép varrása. A száröltéssel vonalakat, szárakat, körvonalakat hímezel: a tűt mindig az előző öltés felénél szúrd vissza. A francia csomó egy apró, gömbölyű díszítés: tekerd a fonalat kétszer a tű köré, majd a textilbe szúrva húzd át – így keletkezik a kis csomó.</p>\n                <p>A hímzésben nincsenek szigorú szabályok – nyugodtan kombináld az öltéseket, és alkoss szabadon. A legszebb darabok gyakran a \"hibákból\" születnek.</p>\n                <div><p><strong>☑️ Első projekt:</strong> Vegyél egy egyszerű, egyszínű párnahuzatot, és hímezz rá egy nagy kezdőbetűt vagy egy apró virágot. Ez egy személyre szabott ajándék is lehet, és egy este alatt elkészül.</p></div>', 1, 9, '2026-04-22 10:16:38', 'közzétett', '2026-04-22 10:16:38', '2026-04-22 10:16:38'),
(6, 'Ékszerkészítés egyszerűen - a gyöngyfűzés', '', '<h2>Gyöngyfűzés: Készíts saját ékszereket!</h2><p>A gyöngyfűzés egy rendkívül változatos és kreatív hobbi, amellyel egyedi ékszereket, kiegészítőket készíthetsz magadnak vagy ajándékba. Csak néhány alapvető eszközre van szükséged, és máris belevághatsz a színes gyöngyök világába. Akár egyszerű karkötőt, akár bonyolultabb nyakláncot szeretnél, a gyöngyfűzés végtelen mintázási lehetőséget kínál.</p>\n                <h3>Milyen eszközökre lesz szükséged?</h3>\n                <ul>\n                <li><strong>Gyöngyök:</strong> Kezdésnek válassz nagyobb méretű (6-8 mm-es) műanyag vagy fa gyöngyöket, mert ezeket könnyebb felfűzni. Később jöhetnek az apróbb üveggyöngyök.</li>\n                <li><strong>Fonal vagy zsinór:</strong> Használhatsz rugalmas damilt (karkötőkhöz), viaszolt pamutzsinórt, vagy ékszerzsinórt.</li>\n                <li><strong>Tű:</strong> Ha vékony fonallal dolgozol, érdemes speciális gyöngyfűző tűt beszerezned.</li>\n                <li><strong>Záróelemek:</strong> Kapocs, karabiner, gyűrűk a lezáráshoz (ha nem rugalmas a fonal).</li>\n                <li><strong>Olló és fogó:</strong> A záróelemek rögzítéséhez.</li>\n                </ul>\n                <h3>Alapvető technikák</h3>\n                <p>A legegyszerűbb technika az egyszerű fűzés: felfűzöd a gyöngyöket a zsinórra, majd mindkét végére csomót kötsz. Ha rugalmas damilt használsz, egyetlen csomó is elég, de érdemes dupla vagy háromszoros csomót kötni, és egy csepp ragasztót tenni rá a biztonság kedvéért.</p>\n                <p>Következő lépés lehet a csomók közötti fűzés, ahol két gyöngy között csomót készítesz – így a gyöngyök nem csúszkálnak össze. Ehhez használj vékonyabb, de erős fonalat. A csomózásos technikával karkötőket, nyakláncokat készíthetsz, ahol a csomók díszítőelemként is szolgálnak.</p>\n                <p>Ha szeretnéd kipróbálni a mintás fűzést, keress egyszerű gyöngymintákat (például virág vagy geometrikus formák), ahol több sorban, tű segítségével dolgozol.</p>\n                <div><p><strong>☑️ Egyszerű projekt:</strong> Készíts egy rugalmas karkötőt! Válassz ki 5-6 féle színes gyöngyöt, fűzd fel tetszőleges sorrendben egy rugalmas damilra, majd kösd össze a végeket. Pár perc alatt elkészül, és remek kiegészítője lehet a mindennapi viseletednek.</p></div>\n                <p>A gyöngyfűzés nemcsak szórakoztató, de fejleszti a finommotorikát és a kreativitást is. Ráadásul egyedi ékszereket készíthetsz, amelyeket senki más nem fog viselni. Próbáld ki, és hamar rákapsz az ízére!</p>', 1, 10, '2026-04-22 10:16:38', 'közzétett', '2026-04-22 10:16:38', '2026-04-22 10:16:38'),
(7, 'Téli hónapok a kertben', 'Fel szeretnéd készíteni a kertedet a hideg időre? Posztunkban minden hasznos információt megtalálsz.', 'h2>Kertészkedés: Őszi teendők – Készítsd fel kerted a télre!</h2>\n                <p>A nyár végét és az ősz beköszöntét sok kertész szomorúan éli meg, pedig ez az időszak legalább annyira fontos és szép, mint a tavasz. Ilyenkor a természet lassan visszavonul, a fák levelei színesednek, és a kert készülődik a téli pihenőre. Ha szeretnéd, hogy jövőre is egészséges növények fogadjanak, érdemes néhány óvintézkedést megtenned most, ősszel. Ráadásul ez az időszak a tervezésről és az előkészítésről szól – és még ilyenkor is bőven van tennivaló a kertben.</p>\n                <h3>Levéltakarítás – de ne dobd ki!</h3>\n                <p>Az őszi levélhullás természetes része a ciklusnak, de a vastag levéltakaró károsíthatja a gyepet, és a pázsit alatt párás, penészes környezet alakulhat ki. A lehullott leveleket érdemes összegyűjteni, de ne tekintsd hulladéknak! A levelekből kiváló komposzt készülhet, ha rétegezed őket más zöld hulladékkal. A felaprított levelekkel takarhatod az érzékenyebb növények tövét is – ez természetes fagyvédelmet nyújt, és a talajéletet is táplálja.</p>\n                <h3>Évelők visszavágása és átültetése</h3>\n                <p>Az évelő növények nagy részét ősszel visszavághatod, hogy tavasszal erőteljesebben induljanak. A medvehagyma, a liliomok és pünkösdirózsa levelei már sárgulnak, ezeket vágd vissza a föld közelébe. Ne feledkezz meg a fűfélékről sem: a díszfüveket kora tavasszal érdemes visszavágni, mert a téli fagyok károsíthatják a friss vágási felületet, de ha szereted a struktúrát, hagyd meg őket télre is, mert szépen díszítenek a dérben.</p>\n                <p>Ősszel ültetheted át azokat az évelőket, amelyek kinőtték a helyüket. A hűvösebb idő és a gyakoribb csapadék segíti a begyökeresedést. Az átültetés után alaposan öntözd be a növényeket, és takard a tövüket komposzttal vagy fakéreggel.</p>\n                <h3>Tavaszi hagymások – most ültesd!</h3>\n                <p>Az ősz a legjobb időszak a tavaszi hagymások (tulipán, nárcisz, jácint, krókusz) ültetésére. Ezek a növényeknek szükségük van a téli hideghatásra, hogy tavasszal kihajtsanak. A hagymákat legalább kétszer olyan mélyre ültesd, mint amilyen magasak – általában 10-15 cm mélyre. Ügyelj a jó vízelvezetésre, mert a pangó vízben a hagymák elrohadnak. Ültetheted őket csoportokba a legnagyobb látványért, de keverheted más évelőkkel is.</p>\n                <h3>Fák, cserjék és a téli védelem</h3>\n                <p>A fiatal fák és a fagyérzékeny cserjék (pl. leander, gránátalma) védelmet igényelnek. A tövüket takard be vastag mulccsal, szalmával vagy fenyőkéreggel. A dézsás növényeket érdemes védett helyre húzni, vagy fóliával, nemszőtt textillel betekerni. Ne feledkezz meg az örökzöldekről sem: a téli kisütő nap és a fagy kombinációja károsíthatja a leveleket, ezért árnyékoldalra érdemes telepíteni, vagy takarással védeni.</p>\n                <h3>Komposztálás – a természet körforgása</h3>\n                <p>Az őszi kerti hulladék (lehullott levél, elszáradt szár, gyomok) kiváló alapanyag a komposztáláshoz. A komposztot rétegezd: egy rész zöld hulladék (pl. fűnyesedék, konyhai zöldségmaradék) és két rész barna hulladék (száraz levél, aprított ágak) ideális arányt ad. A komposztot időnként forgasd meg, hogy levegőzzön. A következő tavaszra kész komposztot kapsz, amivel a kerti talajt gazdagíthatod.</p>\n                <h3>Gyepápolás ősszel</h3>\n                <p>A gyepet érdemes még egyszer utoljára ősszel fűnyírni, de ne túl rövidre – kb. 5 cm-es magasság ideális. A lehullott leveleket szedd össze a gyepről, mert alattuk kipállhat a fű. Ha a talaj tömörödött, szellőztesd meg (pl. gereblyével vagy speciális szellőztetővel), majd szórj rá homokot vagy komposztot, hogy javítsd a vízelvezetést. Októberben még kiszórhatsz egy őszi gyep-trágyát, amely kevés nitrogént, de több káliumot és foszfort tartalmaz – ez segíti a gyep telelését.</p>\n                <div><p><strong>☑️ Őszi projekt:</strong> Ültess el egy cserépbe többféle tavaszi hagymát rétegesen (lasagne-módszer)! Vegyél egy nagyobb cserepet, alulra tedd a legnagyobb hagymákat (pl. tulipán), majd egy vékony földréteg után közepeseket (nárcisz), legfelülre pedig aprókat (krókusz vagy sáfrány). Így tavasszal hosszabb ideig virágzó kompozíciót kapsz egyetlen cserépben.</p></div>\n                <p>Az ősz a nyugalom és a készülődés időszaka. Végezd el ezeket a feladatokat most, hogy kerted tavasszal megköszönje. És közben élvezd a színes leveleket, a friss levegőt és a természet csodás átváltozását!</p>', 1, 11, '2026-04-22 10:16:38', 'közzétett', '2026-04-22 10:16:38', '2026-04-22 10:16:38'),
(8, 'Sit rerum aut dolorem numquam iste.', 'Voluptatem animi dolorem voluptatem commodi quae.', 'Sint doloribus suscipit ad laboriosam inventore reprehenderit porro. Veritatis ipsum aspernatur necessitatibus temporibus. Voluptatibus in et ea sed.', 10, 13, '2004-06-27 15:55:40', 'törölt', '2026-04-22 10:16:38', '2026-04-22 10:16:38'),
(9, 'Doloremque possimus nam rerum.', 'Sed omnis rerum quia quaerat aut odio sint.', 'Inventore eum ipsa accusamus aperiam corporis molestiae. Quia dolorum a animi maiores nostrum. Possimus non numquam magnam eligendi voluptatem fuga. Sunt eum rerum nostrum iure rem et aliquid.', 15, 4, '1998-08-12 14:18:41', 'közzétett', '2026-04-22 10:16:38', '2026-04-22 10:16:38'),
(10, 'Repellendus accusantium ipsum maxime.', 'Quo aut vitae voluptatem aliquid facere.', 'Qui corrupti expedita fugit in voluptas tempore aut. Qui itaque molestiae ipsam vel illum. Rerum est omnis velit. Laborum et accusantium neque animi perferendis explicabo.', 45, 6, '2007-09-10 11:10:40', 'törölt', '2026-04-22 10:16:38', '2026-04-22 10:16:38'),
(11, 'Similique nesciunt voluptatem earum consequatur quia qui reprehenderit.', 'Nihil sed dolorem ut officiis voluptas ratione ab.', 'Deleniti dolorem qui quasi velit. Autem autem fugit ut quibusdam sit qui temporibus. Optio omnis sapiente sint et qui nobis. Ut sed nisi perferendis ipsum voluptatum voluptatem molestias.', 53, 8, '2022-12-28 01:45:47', 'piszkozat', '2026-04-22 10:16:38', '2026-04-22 10:16:38'),
(12, 'Velit qui accusamus est at expedita aut provident et.', 'Dolorum optio ut eos vero quis aliquid accusantium adipisci.', 'Sit ut quia voluptatem. Aut labore delectus est dignissimos. Harum ut nisi modi autem fugiat voluptate ut. Assumenda similique sed minima placeat. Aliquam excepturi modi et quos dolores.', 48, 10, '1977-09-14 17:24:30', 'archivált', '2026-04-22 10:16:38', '2026-04-22 10:16:38');

-- --------------------------------------------------------

--
-- Tábla szerkezet ehhez a táblához `posztreakciok`
--

CREATE TABLE `posztreakciok` (
  `poszt_id` int UNSIGNED NOT NULL,
  `felhasznalo_id` int UNSIGNED NOT NULL,
  `reakcio` enum('like','dislike') COLLATE utf8mb4_unicode_ci NOT NULL,
  `created_at` timestamp NULL DEFAULT NULL,
  `updated_at` timestamp NULL DEFAULT NULL
) ENGINE=InnoDB DEFAULT CHARSET=utf8mb4 COLLATE=utf8mb4_unicode_ci;

--
-- A tábla adatainak kiíratása `posztreakciok`
--

INSERT INTO `posztreakciok` (`poszt_id`, `felhasznalo_id`, `reakcio`, `created_at`, `updated_at`) VALUES
(1, 56, 'dislike', '2026-04-22 10:16:39', '2026-04-22 10:16:39'),
(1, 60, 'like', '2026-04-22 10:16:39', '2026-04-22 10:16:39'),
(2, 12, 'dislike', '2026-04-22 10:16:39', '2026-04-22 10:16:39'),
(2, 30, 'like', '2026-04-22 10:16:39', '2026-04-22 10:16:39'),
(2, 62, 'dislike', '2026-04-22 10:16:39', '2026-04-22 10:16:39'),
(3, 10, 'dislike', '2026-04-22 10:16:39', '2026-04-22 10:16:39'),
(3, 12, 'dislike', '2026-04-22 10:16:39', '2026-04-22 10:16:39'),
(3, 13, 'like', '2026-04-22 10:16:39', '2026-04-22 10:16:39'),
(3, 16, 'like', '2026-04-22 10:16:39', '2026-04-22 10:16:39'),
(3, 27, 'like', '2026-04-22 10:16:39', '2026-04-22 10:16:39'),
(3, 45, 'dislike', '2026-04-22 10:16:39', '2026-04-22 10:16:39'),
(4, 2, 'dislike', '2026-04-22 10:16:39', '2026-04-22 10:16:39'),
(4, 33, 'like', '2026-04-22 10:16:39', '2026-04-22 10:16:39'),
(4, 49, 'like', '2026-04-22 10:16:39', '2026-04-22 10:16:39'),
(4, 52, 'like', '2026-04-22 10:16:39', '2026-04-22 10:16:39'),
(4, 61, 'dislike', '2026-04-22 10:16:39', '2026-04-22 10:16:39'),
(5, 21, 'like', '2026-04-22 10:16:39', '2026-04-22 10:16:39'),
(5, 32, 'like', '2026-04-22 10:16:39', '2026-04-22 10:16:39'),
(5, 39, 'like', '2026-04-22 10:16:39', '2026-04-22 10:16:39'),
(6, 32, 'like', '2026-04-22 10:16:39', '2026-04-22 10:16:39'),
(6, 45, 'dislike', '2026-04-22 10:16:39', '2026-04-22 10:16:39'),
(7, 5, 'like', '2026-04-22 10:16:39', '2026-04-22 10:16:39'),
(7, 55, 'like', '2026-04-22 10:16:39', '2026-04-22 10:16:39'),
(8, 3, 'like', '2026-04-22 10:16:39', '2026-04-22 10:16:39'),
(8, 29, 'like', '2026-04-22 10:16:39', '2026-04-22 10:16:39'),
(8, 35, 'like', '2026-04-22 10:16:39', '2026-04-22 10:16:39'),
(8, 53, 'dislike', '2026-04-22 10:16:39', '2026-04-22 10:16:39'),
(8, 56, 'like', '2026-04-22 10:16:39', '2026-04-22 10:16:39'),
(9, 14, 'dislike', '2026-04-22 10:16:39', '2026-04-22 10:16:39'),
(9, 23, 'like', '2026-04-22 10:16:39', '2026-04-22 10:16:39'),
(10, 20, 'dislike', '2026-04-22 10:16:39', '2026-04-22 10:16:39'),
(10, 32, 'like', '2026-04-22 10:16:39', '2026-04-22 10:16:39'),
(11, 4, 'dislike', '2026-04-22 10:16:39', '2026-04-22 10:16:39'),
(11, 33, 'like', '2026-04-22 10:16:39', '2026-04-22 10:16:39'),
(11, 53, 'like', '2026-04-22 10:16:39', '2026-04-22 10:16:39'),
(12, 26, 'like', '2026-04-22 10:16:39', '2026-04-22 10:16:39'),
(12, 27, 'like', '2026-04-22 10:16:39', '2026-04-22 10:16:39'),
(12, 42, 'dislike', '2026-04-22 10:16:39', '2026-04-22 10:16:39'),
(12, 50, 'like', '2026-04-22 10:16:39', '2026-04-22 10:16:39'),
(12, 61, 'dislike', '2026-04-22 10:16:39', '2026-04-22 10:16:39');

-- --------------------------------------------------------

--
-- Tábla szerkezet ehhez a táblához `rendelesek`
--

CREATE TABLE `rendelesek` (
  `id` int UNSIGNED NOT NULL,
  `felhasznalo_id` int UNSIGNED DEFAULT NULL,
  `statusz` enum('függőben','szállítás alatt','teljesítve','törölve') COLLATE utf8mb4_unicode_ci NOT NULL DEFAULT 'függőben',
  `fizetes_statusz` enum('függőben','fizetve','sikertelen') COLLATE utf8mb4_unicode_ci NOT NULL DEFAULT 'függőben',
  `osszeg` decimal(10,2) NOT NULL,
  `szallitasi_nev` varchar(255) COLLATE utf8mb4_unicode_ci NOT NULL,
  `szallitasi_email` varchar(255) COLLATE utf8mb4_unicode_ci NOT NULL,
  `szallitasi_telefon` varchar(255) COLLATE utf8mb4_unicode_ci NOT NULL,
  `szallitasi_utca` varchar(255) COLLATE utf8mb4_unicode_ci NOT NULL,
  `szallitasi_hazszam` varchar(255) COLLATE utf8mb4_unicode_ci NOT NULL,
  `szallitasi_emeletAjto` varchar(255) COLLATE utf8mb4_unicode_ci DEFAULT NULL,
  `szallitasi_varos_nev` varchar(255) COLLATE utf8mb4_unicode_ci NOT NULL,
  `szallitasi_varos_id` int UNSIGNED DEFAULT NULL,
  `rendeles_datuma` timestamp NOT NULL DEFAULT CURRENT_TIMESTAMP,
  `created_at` timestamp NULL DEFAULT NULL,
  `updated_at` timestamp NULL DEFAULT NULL,
  `deleted_at` timestamp NULL DEFAULT NULL
) ENGINE=InnoDB DEFAULT CHARSET=utf8mb4 COLLATE=utf8mb4_unicode_ci;

--
-- A tábla adatainak kiíratása `rendelesek`
--

INSERT INTO `rendelesek` (`id`, `felhasznalo_id`, `statusz`, `fizetes_statusz`, `osszeg`, `szallitasi_nev`, `szallitasi_email`, `szallitasi_telefon`, `szallitasi_utca`, `szallitasi_hazszam`, `szallitasi_emeletAjto`, `szallitasi_varos_nev`, `szallitasi_varos_id`, `rendeles_datuma`, `created_at`, `updated_at`, `deleted_at`) VALUES
(1, 42, 'szállítás alatt', 'függőben', 3771.00, 'Dr. Jaiden Legros PhD', 'betsy38@moen.net', '+1 (217) 266-0408', 'Runolfsdottir Union', '7515', '70am', 'Magyartelek', 1876, '2025-07-12 16:51:22', '2026-04-22 10:16:40', '2026-04-22 10:16:40', NULL),
(2, 22, 'függőben', 'sikertelen', 1111.00, 'Mrs. Lisette Boehm', 'christina.reichel@hotmail.com', '248.766.9287', 'Nienow Coves', '380', '75wq', 'Pere', 2487, '2021-07-02 07:24:54', '2026-04-22 10:16:40', '2026-04-22 10:16:40', NULL),
(3, 40, 'teljesítve', 'függőben', 1534.00, 'Dr. Tatyana Kuphal MD', 'reichert.ernestina@hotmail.com', '928.487.3278', 'Aditya Crest', '7609', '51ki', 'Hetvehely', 1276, '2023-09-05 15:12:32', '2026-04-22 10:16:40', '2026-04-22 10:16:40', NULL),
(4, 59, 'szállítás alatt', 'fizetve', 4706.00, 'Mrs. Zula Gutmann Jr.', 'waelchi.randal@gutkowski.com', '+13468467092', 'Aufderhar Meadows', '582', '83ul', 'Felsőberecki', 964, '2024-05-22 19:05:26', '2026-04-22 10:16:40', '2026-04-22 10:16:40', NULL),
(5, 31, 'teljesítve', 'fizetve', 4510.00, 'Lucy Hilpert', 'percy54@hotmail.com', '(360) 564-9640', 'Rodriguez Place', '642', '88za', 'Darnó', 738, '2025-08-18 06:16:28', '2026-04-22 10:16:40', '2026-04-22 10:16:40', NULL),
(6, 43, 'szállítás alatt', 'sikertelen', 1278.00, 'Miss Tracy Bogisich', 'gabrielle51@crist.com', '(747) 515-2022', 'Hodkiewicz Skyway', '728', '81pn', 'Kányavár', 1438, '2023-12-11 23:33:33', '2026-04-22 10:16:40', '2026-04-22 10:16:40', NULL),
(7, 43, 'függőben', 'fizetve', 3770.00, 'Aurelio Hickle', 'bmedhurst@yahoo.com', '1-240-810-7904', 'Swift Fort', '13437', '29zc', 'Péterhida', 2497, '2022-06-14 06:19:59', '2026-04-22 10:16:40', '2026-04-22 10:16:40', NULL),
(8, 41, 'törölve', 'fizetve', 1270.00, 'Prof. Laverne Ankunding III', 'roy.roob@gmail.com', '512.623.1120', 'Forest Tunnel', '788', '24mi', 'Tököl', 3244, '2022-04-28 10:03:18', '2026-04-22 10:16:40', '2026-04-22 10:16:40', NULL),
(9, 22, 'törölve', 'függőben', 3724.00, 'Dejah Yundt', 'zdouglas@yahoo.com', '+1-267-233-0198', 'Dortha Glen', '113', '32qs', 'Tiszaújváros', 3228, '2022-11-25 19:41:23', '2026-04-22 10:16:40', '2026-04-22 10:16:40', NULL),
(10, 6, 'függőben', 'függőben', 4566.00, 'Jakob Bechtelar', 'iroob@yahoo.com', '+1.509.398.0713', 'Jasen Groves', '8460', '58tw', 'Pápadereske', 2423, '2025-01-23 17:20:28', '2026-04-22 10:16:40', '2026-04-22 10:16:40', NULL),
(11, 35, 'függőben', 'fizetve', 1219.00, 'Gerald Dicki', 'juvenal17@zboncak.com', '1-830-644-7544', 'Von Lodge', '911', '57jy', 'Bugyi', 579, '2024-05-26 13:58:50', '2026-04-22 10:16:40', '2026-04-22 10:16:40', NULL),
(12, 21, 'teljesítve', 'sikertelen', 1402.00, 'Dion Greenholt', 'yernser@connelly.com', '469-249-6472', 'Pacocha Rapids', '43256', '10xh', 'Szendrő', 2962, '2023-09-11 15:58:50', '2026-04-22 10:16:40', '2026-04-22 10:16:40', NULL),
(13, 8, 'függőben', 'fizetve', 3260.00, 'Valentine Mraz', 'schiller.hubert@gmail.com', '317-214-5569', 'Heathcote Harbor', '17833', '75iu', 'Lénárddaróc', 1790, '2025-06-24 03:46:58', '2026-04-22 10:16:40', '2026-04-22 10:16:40', NULL),
(14, 27, 'függőben', 'függőben', 1879.00, 'Flossie Bradtke', 'kieran.beatty@mitchell.com', '(986) 999-4931', 'Lane Groves', '66950', '88vh', 'Örkény', 2351, '2023-02-26 08:06:09', '2026-04-22 10:16:40', '2026-04-22 10:16:40', NULL),
(15, 8, 'teljesítve', 'fizetve', 2808.00, 'Kaya Hessel', 'shaylee13@yahoo.com', '+1.650.381.2156', 'Elaina Locks', '9531', '55ql', 'Ócsa', 2310, '2026-01-21 08:46:46', '2026-04-22 10:16:40', '2026-04-22 10:16:40', NULL),
(16, 9, 'függőben', 'függőben', 3324.00, 'Holden Howe', 'jarod88@gorczany.com', '+15124400256', 'Noemy Circle', '5110', '68of', 'Hajmás', 1201, '2021-08-04 22:05:05', '2026-04-22 10:16:40', '2026-04-22 10:16:40', NULL),
(17, 21, 'szállítás alatt', 'függőben', 1210.00, 'Fabiola Boyer DVM', 'eugene.quitzon@rice.com', '(630) 397-5945', 'Nicolas Pike', '953', '21vo', 'Kisoroszi', 1631, '2025-10-27 16:04:57', '2026-04-22 10:16:40', '2026-04-22 10:16:40', NULL),
(18, 34, 'teljesítve', 'fizetve', 2885.00, 'Zion Jaskolski', 'estel40@yahoo.com', '+14587796640', 'Bradtke Lakes', '69653', '27ad', 'Gyöngyös', 1134, '2023-10-12 04:45:24', '2026-04-22 10:16:40', '2026-04-22 10:16:40', NULL),
(19, 45, 'törölve', 'függőben', 3139.00, 'Willard Mante', 'gladys44@pacocha.com', '404.857.5482', 'Tia Dam', '38839', '21tp', 'Nagygyimót', 2115, '2022-12-08 11:34:27', '2026-04-22 10:16:40', '2026-04-22 10:16:40', NULL),
(20, 58, 'törölve', 'sikertelen', 1909.00, 'Alyce Kuphal DVM', 'dicki.tanner@gmail.com', '(480) 918-1605', 'Kessler Hill', '476', '61uw', 'Túrkeve', 3291, '2026-01-14 07:20:47', '2026-04-22 10:16:40', '2026-04-22 10:16:40', NULL),
(21, 33, 'függőben', 'fizetve', 4460.00, 'Mrs. Cheyanne Feil IV', 'kauer@williamson.info', '240.379.9372', 'Dallin Park', '143', '32dy', 'Maklár', 1881, '2022-06-21 09:07:20', '2026-04-22 10:16:40', '2026-04-22 10:16:40', NULL),
(22, 11, 'szállítás alatt', 'függőben', 2474.00, 'Prof. Brenna Gerlach', 'fahey.madonna@yahoo.com', '586-254-3678', 'Chanelle Coves', '6188', '03wb', 'Újlengyel', 3310, '2021-08-06 07:43:51', '2026-04-22 10:16:40', '2026-04-22 10:16:40', NULL),
(23, 19, 'függőben', 'sikertelen', 3325.00, 'Noble Boyle DDS', 'bwisozk@yahoo.com', '(916) 771-1409', 'Sauer Turnpike', '43803', '97eo', 'Mórágy', 2060, '2022-07-30 22:28:32', '2026-04-22 10:16:40', '2026-04-22 10:16:40', NULL),
(24, 54, 'szállítás alatt', 'fizetve', 4519.00, 'Nels Ryan MD', 'hauck.bell@yahoo.com', '434-841-4691', 'Koelpin Pine', '119', '63de', 'Drávasztára', 823, '2022-09-15 01:27:33', '2026-04-22 10:16:40', '2026-04-22 10:16:40', NULL),
(25, 41, 'törölve', 'függőben', 4345.00, 'Mr. Gonzalo Muller', 'rwalker@yahoo.com', '938.324.0105', 'Bethany Via', '6976', '53va', 'Nemeskocs', 2211, '2024-02-17 05:38:26', '2026-04-22 10:16:40', '2026-04-22 10:16:40', NULL),
(26, 60, 'törölve', 'függőben', 3584.00, 'Martina Denesik', 'lnolan@graham.com', '(640) 882-7417', 'Jed Avenue', '6147', '69iq', 'Hosszúvölgy', 1316, '2022-11-09 19:05:20', '2026-04-22 10:16:40', '2026-04-22 10:16:40', NULL),
(27, 57, 'teljesítve', 'fizetve', 3017.00, 'Wava Dicki', 'johnnie.mcglynn@gmail.com', '859-503-7156', 'Koepp Rapids', '85979', '62xp', 'Szob', 3033, '2026-01-04 11:16:51', '2026-04-22 10:16:40', '2026-04-22 10:16:40', NULL),
(28, 41, 'függőben', 'fizetve', 2873.00, 'Sibyl Cole', 'olson.gaylord@schmitt.net', '+1 (443) 208-8682', 'Deron Rue', '66063', '03kc', 'Pápakovácsi', 2424, '2021-09-29 20:20:29', '2026-04-22 10:16:40', '2026-04-22 10:16:40', NULL),
(29, 63, 'törölve', 'sikertelen', 1631.00, 'Donna Schuster', 'strosin.joe@raynor.info', '+1-812-879-5157', 'Adah Springs', '95608', '64dg', 'Őriszentpéter', 2350, '2023-03-19 18:41:01', '2026-04-22 10:16:40', '2026-04-22 10:16:40', NULL),
(30, 56, 'teljesítve', 'sikertelen', 2622.00, 'Madelynn Goyette', 'don01@lueilwitz.com', '+17628819586', 'Toy Motorway', '23901', '82qe', 'Zselickislak', 3567, '2021-08-01 05:15:08', '2026-04-22 10:16:40', '2026-04-22 10:16:40', NULL);

-- --------------------------------------------------------

--
-- Tábla szerkezet ehhez a táblához `rendelttermekek`
--

CREATE TABLE `rendelttermekek` (
  `id` int UNSIGNED NOT NULL,
  `rendeles_id` int UNSIGNED NOT NULL,
  `termek_id` int UNSIGNED NOT NULL,
  `mennyiseg` int NOT NULL,
  `egysegar` decimal(10,2) NOT NULL,
  `szin_id` int UNSIGNED DEFAULT NULL,
  `created_at` timestamp NULL DEFAULT NULL,
  `updated_at` timestamp NULL DEFAULT NULL
) ENGINE=InnoDB DEFAULT CHARSET=utf8mb4 COLLATE=utf8mb4_unicode_ci;

--
-- A tábla adatainak kiíratása `rendelttermekek`
--

INSERT INTO `rendelttermekek` (`id`, `rendeles_id`, `termek_id`, `mennyiseg`, `egysegar`, `szin_id`, `created_at`, `updated_at`) VALUES
(1, 6, 12, 4, 1328.00, 20, '2026-04-22 10:16:40', '2026-04-22 10:16:40'),
(2, 29, 14, 4, 1331.00, 64, '2026-04-22 10:16:40', '2026-04-22 10:16:40'),
(3, 22, 27, 4, 1395.00, 59, '2026-04-22 10:16:40', '2026-04-22 10:16:40'),
(4, 20, 18, 5, 1337.00, 82, '2026-04-22 10:16:40', '2026-04-22 10:16:40'),
(5, 26, 27, 2, 1311.00, 62, '2026-04-22 10:16:40', '2026-04-22 10:16:40'),
(6, 4, 10, 4, 1290.00, 52, '2026-04-22 10:16:40', '2026-04-22 10:16:40'),
(7, 20, 29, 5, 1467.00, 55, '2026-04-22 10:16:40', '2026-04-22 10:16:40'),
(8, 17, 25, 4, 1300.00, 62, '2026-04-22 10:16:40', '2026-04-22 10:16:40'),
(9, 8, 18, 2, 1446.00, 56, '2026-04-22 10:16:40', '2026-04-22 10:16:40'),
(10, 1, 8, 4, 1358.00, 54, '2026-04-22 10:16:40', '2026-04-22 10:16:40'),
(11, 17, 7, 2, 1453.00, 58, '2026-04-22 10:16:40', '2026-04-22 10:16:40'),
(12, 2, 2, 1, 1373.00, 11, '2026-04-22 10:16:40', '2026-04-22 10:16:40'),
(13, 7, 26, 2, 1463.00, 62, '2026-04-22 10:16:40', '2026-04-22 10:16:40'),
(14, 2, 21, 2, 1201.00, 47, '2026-04-22 10:16:40', '2026-04-22 10:16:40'),
(15, 5, 18, 2, 1319.00, 98, '2026-04-22 10:16:40', '2026-04-22 10:16:40'),
(16, 4, 6, 2, 1399.00, 50, '2026-04-22 10:16:40', '2026-04-22 10:16:40'),
(17, 3, 4, 5, 1376.00, 62, '2026-04-22 10:16:40', '2026-04-22 10:16:40'),
(18, 11, 8, 4, 1388.00, 11, '2026-04-22 10:16:40', '2026-04-22 10:16:40'),
(19, 16, 18, 1, 1365.00, 18, '2026-04-22 10:16:40', '2026-04-22 10:16:40'),
(20, 3, 28, 2, 1255.00, 75, '2026-04-22 10:16:40', '2026-04-22 10:16:40'),
(21, 8, 3, 1, 1219.00, 75, '2026-04-22 10:16:40', '2026-04-22 10:16:40'),
(22, 23, 2, 2, 1331.00, 54, '2026-04-22 10:16:40', '2026-04-22 10:16:40'),
(23, 23, 24, 3, 1330.00, 89, '2026-04-22 10:16:40', '2026-04-22 10:16:40'),
(24, 9, 3, 4, 1242.00, 89, '2026-04-22 10:16:40', '2026-04-22 10:16:40'),
(25, 9, 26, 2, 1388.00, 100, '2026-04-22 10:16:40', '2026-04-22 10:16:40'),
(26, 7, 30, 2, 1206.00, 82, '2026-04-22 10:16:40', '2026-04-22 10:16:40'),
(27, 2, 2, 5, 1383.00, 67, '2026-04-22 10:16:40', '2026-04-22 10:16:40'),
(28, 2, 24, 3, 1317.00, 63, '2026-04-22 10:16:40', '2026-04-22 10:16:40'),
(29, 6, 11, 4, 1395.00, 26, '2026-04-22 10:16:40', '2026-04-22 10:16:40'),
(30, 7, 5, 3, 1473.00, 81, '2026-04-22 10:16:40', '2026-04-22 10:16:40');

-- --------------------------------------------------------

--
-- Tábla szerkezet ehhez a táblához `sessions`
--

CREATE TABLE `sessions` (
  `id` varchar(255) COLLATE utf8mb4_unicode_ci NOT NULL,
  `user_id` bigint UNSIGNED DEFAULT NULL,
  `ip_address` varchar(45) COLLATE utf8mb4_unicode_ci DEFAULT NULL,
  `user_agent` text COLLATE utf8mb4_unicode_ci,
  `payload` longtext COLLATE utf8mb4_unicode_ci NOT NULL,
  `last_activity` int NOT NULL
) ENGINE=InnoDB DEFAULT CHARSET=utf8mb4 COLLATE=utf8mb4_unicode_ci;

--
-- A tábla adatainak kiíratása `sessions`
--

INSERT INTO `sessions` (`id`, `user_id`, `ip_address`, `user_agent`, `payload`, `last_activity`) VALUES
('Pkb0HYXjz5pfTMeIDKbqyWFABUc1wXI73Lj5Wsra', NULL, '127.0.0.1', 'Mozilla/5.0 (Windows NT 10.0; Win64; x64) AppleWebKit/537.36 (KHTML, like Gecko) Chrome/147.0.0.0 Safari/537.36', 'YTozOntzOjY6Il90b2tlbiI7czo0MDoiWVhnRmQ5N3BveE9pSTRsVjNhOEhRRU1FTzNEbUo0RnpPTWM4T1NIeSI7czo5OiJfcHJldmlvdXMiO2E6Mjp7czozOiJ1cmwiO3M6MzU6Imh0dHA6Ly9sb2NhbGhvc3Q6ODAwMC9hcGkvYmxvZy9tYWluIjtzOjU6InJvdXRlIjtOO31zOjY6Il9mbGFzaCI7YToyOntzOjM6Im9sZCI7YTowOnt9czozOiJuZXciO2E6MDp7fX19', 1776860509),
('UyuGgiflJYhFAWQjUireAsndgqUoUZRcwWGVpKQ4', NULL, '127.0.0.1', 'Mozilla/5.0 (Windows NT 10.0; Win64; x64) AppleWebKit/537.36 (KHTML, like Gecko) Chrome/147.0.0.0 Safari/537.36', 'YTozOntzOjY6Il90b2tlbiI7czo0MDoic2N4OGhtOFZXZHc2U0hZNmJRdElZTGJNWXZRS2NkaVZKbUtHMkVmdCI7czo2OiJfZmxhc2giO2E6Mjp7czozOiJvbGQiO2E6MDp7fXM6MzoibmV3IjthOjA6e319czo5OiJfcHJldmlvdXMiO2E6Mjp7czozOiJ1cmwiO3M6NDM6Imh0dHA6Ly9sb2NhbGhvc3Q6ODAwMC9hcGkvY2Fyb3VzZWwvdGVybWVrZWsiO3M6NToicm91dGUiO047fX0=', 1776860510);

-- --------------------------------------------------------

--
-- Tábla szerkezet ehhez a táblához `szinek`
--

CREATE TABLE `szinek` (
  `id` int UNSIGNED NOT NULL,
  `nev` varchar(50) COLLATE utf8mb4_unicode_ci NOT NULL,
  `hex_kod` varchar(7) COLLATE utf8mb4_unicode_ci NOT NULL,
  `created_at` timestamp NULL DEFAULT NULL,
  `updated_at` timestamp NULL DEFAULT NULL
) ENGINE=InnoDB DEFAULT CHARSET=utf8mb4 COLLATE=utf8mb4_unicode_ci;

--
-- A tábla adatainak kiíratása `szinek`
--

INSERT INTO `szinek` (`id`, `nev`, `hex_kod`, `created_at`, `updated_at`) VALUES
(1, 'Snow', '#4bc243', '2026-04-22 10:16:38', '2026-04-22 10:16:38'),
(2, 'Purple', '#508e20', '2026-04-22 10:16:38', '2026-04-22 10:16:38'),
(3, 'Orchid', '#a774b2', '2026-04-22 10:16:38', '2026-04-22 10:16:38'),
(4, 'MediumSpringGreen', '#ca2466', '2026-04-22 10:16:38', '2026-04-22 10:16:38'),
(5, 'Aqua', '#ead8f8', '2026-04-22 10:16:38', '2026-04-22 10:16:38'),
(6, 'MidnightBlue', '#dd5ee3', '2026-04-22 10:16:38', '2026-04-22 10:16:38'),
(7, 'Green', '#6386d9', '2026-04-22 10:16:38', '2026-04-22 10:16:38'),
(8, 'Red', '#a1bc68', '2026-04-22 10:16:38', '2026-04-22 10:16:38'),
(9, 'CornflowerBlue', '#eccc66', '2026-04-22 10:16:38', '2026-04-22 10:16:38'),
(10, 'Fuchsia', '#12a9a0', '2026-04-22 10:16:38', '2026-04-22 10:16:38'),
(11, 'SeaGreen', '#4a6617', '2026-04-22 10:16:38', '2026-04-22 10:16:38'),
(12, 'LemonChiffon', '#237324', '2026-04-22 10:16:38', '2026-04-22 10:16:38'),
(13, 'DarkOrchid', '#906f23', '2026-04-22 10:16:38', '2026-04-22 10:16:38'),
(14, 'PaleTurquoise', '#ae55af', '2026-04-22 10:16:38', '2026-04-22 10:16:38'),
(15, 'Pink', '#a96be0', '2026-04-22 10:16:38', '2026-04-22 10:16:38'),
(16, 'Brown', '#024486', '2026-04-22 10:16:38', '2026-04-22 10:16:38'),
(17, 'PeachPuff', '#8431b3', '2026-04-22 10:16:38', '2026-04-22 10:16:38'),
(18, 'LightYellow', '#fdc42a', '2026-04-22 10:16:38', '2026-04-22 10:16:38'),
(19, 'DarkViolet', '#e41aac', '2026-04-22 10:16:38', '2026-04-22 10:16:38'),
(20, 'Blue', '#a843d8', '2026-04-22 10:16:38', '2026-04-22 10:16:38'),
(21, 'Gold', '#bd9c0d', '2026-04-22 10:16:38', '2026-04-22 10:16:38'),
(22, 'MediumVioletRed', '#b9f973', '2026-04-22 10:16:38', '2026-04-22 10:16:38'),
(23, 'RosyBrown', '#1e3682', '2026-04-22 10:16:38', '2026-04-22 10:16:38'),
(24, 'DarkCyan', '#d841c4', '2026-04-22 10:16:38', '2026-04-22 10:16:38'),
(25, 'SeaShell', '#ad0278', '2026-04-22 10:16:38', '2026-04-22 10:16:38'),
(26, 'Tan', '#a5ae2d', '2026-04-22 10:16:38', '2026-04-22 10:16:38'),
(27, 'HotPink', '#44f8fd', '2026-04-22 10:16:38', '2026-04-22 10:16:38'),
(28, 'Lavender', '#d4c2a1', '2026-04-22 10:16:38', '2026-04-22 10:16:38'),
(29, 'Yellow', '#75e7ee', '2026-04-22 10:16:38', '2026-04-22 10:16:38'),
(30, 'MediumTurquoise', '#a29602', '2026-04-22 10:16:38', '2026-04-22 10:16:38'),
(31, 'Wheat', '#6de944', '2026-04-22 10:16:38', '2026-04-22 10:16:38'),
(32, 'NavajoWhite', '#4739e1', '2026-04-22 10:16:38', '2026-04-22 10:16:38'),
(33, 'SkyBlue', '#8ed812', '2026-04-22 10:16:38', '2026-04-22 10:16:38'),
(34, 'Azure', '#5e82ce', '2026-04-22 10:16:38', '2026-04-22 10:16:38'),
(35, 'SteelBlue', '#bb4593', '2026-04-22 10:16:38', '2026-04-22 10:16:38'),
(36, 'Moccasin', '#918761', '2026-04-22 10:16:38', '2026-04-22 10:16:38'),
(37, 'Turquoise', '#f839ab', '2026-04-22 10:16:38', '2026-04-22 10:16:38'),
(38, 'DarkBlue', '#449ab0', '2026-04-22 10:16:38', '2026-04-22 10:16:38'),
(39, 'Indigo', '#8a6eaf', '2026-04-22 10:16:38', '2026-04-22 10:16:38'),
(40, 'LimeGreen', '#508456', '2026-04-22 10:16:38', '2026-04-22 10:16:38'),
(41, 'Salmon', '#e0a4e7', '2026-04-22 10:16:38', '2026-04-22 10:16:38'),
(42, 'LawnGreen', '#f7a44d', '2026-04-22 10:16:38', '2026-04-22 10:16:38'),
(43, 'Aquamarine', '#ded222', '2026-04-22 10:16:38', '2026-04-22 10:16:38'),
(44, 'DarkRed', '#1ea814', '2026-04-22 10:16:38', '2026-04-22 10:16:38'),
(45, 'Thistle', '#f68a35', '2026-04-22 10:16:38', '2026-04-22 10:16:38'),
(46, 'YellowGreen', '#b5b028', '2026-04-22 10:16:38', '2026-04-22 10:16:38'),
(47, 'DarkSlateBlue', '#c073ad', '2026-04-22 10:16:38', '2026-04-22 10:16:38'),
(48, 'Khaki', '#456c10', '2026-04-22 10:16:38', '2026-04-22 10:16:38'),
(49, 'Linen', '#ed91f2', '2026-04-22 10:16:38', '2026-04-22 10:16:38'),
(50, 'HoneyDew', '#b090df', '2026-04-22 10:16:38', '2026-04-22 10:16:38'),
(51, 'Darkorange', '#0e45ed', '2026-04-22 10:16:38', '2026-04-22 10:16:38'),
(52, 'Sienna', '#23cd98', '2026-04-22 10:16:38', '2026-04-22 10:16:38'),
(53, 'LightGoldenRodYellow', '#9f1ce7', '2026-04-22 10:16:38', '2026-04-22 10:16:38'),
(54, 'Cornsilk', '#2df39d', '2026-04-22 10:16:38', '2026-04-22 10:16:38'),
(55, 'MistyRose', '#8c1456', '2026-04-22 10:16:38', '2026-04-22 10:16:38'),
(56, 'Ivory', '#5f8804', '2026-04-22 10:16:38', '2026-04-22 10:16:38'),
(57, 'BurlyWood', '#bc0595', '2026-04-22 10:16:38', '2026-04-22 10:16:38'),
(58, 'DeepSkyBlue', '#1a0d5d', '2026-04-22 10:16:38', '2026-04-22 10:16:38'),
(59, 'DarkGray', '#33cac4', '2026-04-22 10:16:38', '2026-04-22 10:16:38'),
(60, 'LightGray', '#dea95c', '2026-04-22 10:16:38', '2026-04-22 10:16:38'),
(61, 'Cyan', '#57cfaf', '2026-04-22 10:16:38', '2026-04-22 10:16:38'),
(62, 'GoldenRod', '#cbc833', '2026-04-22 10:16:38', '2026-04-22 10:16:38'),
(63, 'MediumSeaGreen', '#625bd5', '2026-04-22 10:16:38', '2026-04-22 10:16:38'),
(64, 'BlueViolet', '#546986', '2026-04-22 10:16:38', '2026-04-22 10:16:38'),
(65, 'SandyBrown', '#099028', '2026-04-22 10:16:38', '2026-04-22 10:16:38'),
(66, 'DarkSeaGreen', '#d47828', '2026-04-22 10:16:38', '2026-04-22 10:16:38'),
(67, 'AntiqueWhite', '#6f4856', '2026-04-22 10:16:38', '2026-04-22 10:16:38'),
(68, 'DarkGoldenRod', '#aeb5b3', '2026-04-22 10:16:38', '2026-04-22 10:16:38'),
(69, 'Teal', '#79574a', '2026-04-22 10:16:38', '2026-04-22 10:16:38'),
(70, 'LightSeaGreen', '#455111', '2026-04-22 10:16:38', '2026-04-22 10:16:38'),
(71, 'PaleVioletRed', '#663121', '2026-04-22 10:16:38', '2026-04-22 10:16:38'),
(72, 'Gainsboro', '#0009d1', '2026-04-22 10:16:38', '2026-04-22 10:16:38'),
(73, 'PowderBlue', '#81fef2', '2026-04-22 10:16:38', '2026-04-22 10:16:38'),
(74, 'LightSalmon', '#ec556a', '2026-04-22 10:16:38', '2026-04-22 10:16:38'),
(75, 'AliceBlue', '#276373', '2026-04-22 10:16:38', '2026-04-22 10:16:38'),
(76, 'White', '#e2eadd', '2026-04-22 10:16:38', '2026-04-22 10:16:38'),
(77, 'DarkMagenta', '#e2a10a', '2026-04-22 10:16:38', '2026-04-22 10:16:38'),
(78, 'FloralWhite', '#aaa398', '2026-04-22 10:16:38', '2026-04-22 10:16:38'),
(79, 'DimGray', '#72110a', '2026-04-22 10:16:38', '2026-04-22 10:16:38'),
(80, 'MediumBlue', '#62f803', '2026-04-22 10:16:38', '2026-04-22 10:16:38'),
(81, 'OliveDrab', '#5c7de1', '2026-04-22 10:16:38', '2026-04-22 10:16:38'),
(82, 'LavenderBlush', '#c19ed9', '2026-04-22 10:16:38', '2026-04-22 10:16:38'),
(83, 'BlanchedAlmond', '#80ce7c', '2026-04-22 10:16:38', '2026-04-22 10:16:38'),
(84, 'DarkSlateGray', '#4ddb45', '2026-04-22 10:16:38', '2026-04-22 10:16:38'),
(85, 'MediumSlateBlue', '#a79d51', '2026-04-22 10:16:38', '2026-04-22 10:16:38'),
(86, 'Lime', '#f490fb', '2026-04-22 10:16:38', '2026-04-22 10:16:38'),
(87, 'PapayaWhip', '#624162', '2026-04-22 10:16:38', '2026-04-22 10:16:38'),
(88, 'ForestGreen', '#8ba1db', '2026-04-22 10:16:38', '2026-04-22 10:16:38'),
(89, 'FireBrick', '#2e5a32', '2026-04-22 10:16:38', '2026-04-22 10:16:38'),
(90, 'Chartreuse', '#365c7d', '2026-04-22 10:16:38', '2026-04-22 10:16:38'),
(91, 'Orange', '#853030', '2026-04-22 10:16:38', '2026-04-22 10:16:38'),
(92, 'LightPink', '#a2d7b0', '2026-04-22 10:16:38', '2026-04-22 10:16:38'),
(93, 'Plum', '#0e603f', '2026-04-22 10:16:38', '2026-04-22 10:16:38'),
(94, 'SaddleBrown', '#89fe98', '2026-04-22 10:16:38', '2026-04-22 10:16:38'),
(95, 'MediumOrchid', '#c110d9', '2026-04-22 10:16:38', '2026-04-22 10:16:38'),
(96, 'LightCoral', '#f3f922', '2026-04-22 10:16:38', '2026-04-22 10:16:38'),
(97, 'MediumAquaMarine', '#1a92fd', '2026-04-22 10:16:38', '2026-04-22 10:16:38'),
(98, 'LightSteelBlue', '#7b9eb0', '2026-04-22 10:16:38', '2026-04-22 10:16:38'),
(99, 'Tomato', '#cad727', '2026-04-22 10:16:38', '2026-04-22 10:16:38'),
(100, 'Silver', '#4bb13f', '2026-04-22 10:16:38', '2026-04-22 10:16:38');

-- --------------------------------------------------------

--
-- Tábla szerkezet ehhez a táblához `termekek`
--

CREATE TABLE `termekek` (
  `id` int UNSIGNED NOT NULL,
  `nev` varchar(255) COLLATE utf8mb4_unicode_ci NOT NULL,
  `leiras` text COLLATE utf8mb4_unicode_ci,
  `ar` decimal(10,0) NOT NULL,
  `darab` int NOT NULL DEFAULT '0',
  `meter` int DEFAULT NULL,
  `kategoria_id` int UNSIGNED NOT NULL,
  `fo_kep_id` int UNSIGNED DEFAULT NULL,
  `created_at` timestamp NULL DEFAULT NULL,
  `updated_at` timestamp NULL DEFAULT NULL
) ENGINE=InnoDB DEFAULT CHARSET=utf8mb4 COLLATE=utf8mb4_unicode_ci;

--
-- A tábla adatainak kiíratása `termekek`
--

INSERT INTO `termekek` (`id`, `nev`, `leiras`, `ar`, `darab`, `meter`, `kategoria_id`, `fo_kep_id`, `created_at`, `updated_at`) VALUES
(1, 'Prémium gyapjú fonal', 'Kiváló minőségű prémium gyapjú fonal kézzel készítéshez.', 2500, 150, 3723, 2, 18, '2026-04-22 10:16:38', '2026-04-22 10:16:38'),
(2, 'Prémium A fonal - Piros', 'Kiváló minőségű A fonal kézzel készítéshez.', 3307, 157, 114, 2, 19, '2026-04-22 10:16:39', '2026-04-22 10:16:39'),
(3, 'Prémium B fonal - Kék', 'Kiváló minőségű B fonal kézzel készítéshez.', 3604, 130, 148, 3, 28, '2026-04-22 10:16:39', '2026-04-22 10:16:39'),
(4, 'Prémium C fonal - Zöld', 'Kiváló minőségű C fonal kézzel készítéshez.', 2862, 177, 176, 4, 27, '2026-04-22 10:16:39', '2026-04-22 10:16:39'),
(5, 'Prémium D fonal - Sárga', 'Kiváló minőségű D fonal kézzel készítéshez.', 2529, 229, 149, 5, 26, '2026-04-22 10:16:39', '2026-04-22 10:16:39'),
(6, 'Prémium E fonal - Fehér', 'Kiváló minőségű E fonal kézzel készítéshez.', 2755, 148, 159, 6, 18, '2026-04-22 10:16:39', '2026-04-22 10:16:39'),
(7, 'inventore', 'Quam accusamus voluptas et aut beatae ea alias id modi illum magnam quo ad aliquid non dolore id sit accusantium quia aut officiis dolorem delectus voluptas sed adipisci nesciunt expedita impedit possimus numquam consequatur ipsa placeat a harum sit dignissimos provident autem error modi sed labore unde qui hic cumque deserunt eveniet sequi.', 3681, 232, 4592, 16, 22, '2026-04-22 10:16:39', '2026-04-22 10:16:39'),
(8, 'minus', 'Mollitia sit similique sint saepe veritatis sed a accusantium necessitatibus dignissimos voluptas itaque optio nam illum quos delectus laborum possimus ut soluta ducimus ut illum qui labore amet dolorum quos delectus molestias labore repellendus iusto sunt nihil reiciendis quia provident soluta nulla dolorum repellat cupiditate pariatur facilis repudiandae et pariatur.', 2491, 300, 4549, 8, 16, '2026-04-22 10:16:39', '2026-04-22 10:16:39'),
(9, 'dolor', 'Consectetur assumenda placeat iure explicabo dolore voluptas sint alias praesentium illum distinctio laboriosam dolor maxime qui repudiandae voluptas ut quisquam est sequi placeat cumque iste voluptatem animi sint dolores autem ut voluptatem alias perspiciatis ex quos est earum nulla ullam nam alias inventore ex qui dolorem tempora odio voluptatibus consequatur fugiat aut autem est qui qui commodi autem a saepe similique et ipsam saepe qui.', 4882, 292, 4775, 3, 21, '2026-04-22 10:16:39', '2026-04-22 10:16:39'),
(10, 'adipisci sunt quidem', 'Saepe omnis error magni voluptas consequatur et adipisci ipsum molestiae rerum et voluptatem nobis asperiores qui harum nostrum eveniet numquam magni et eos non optio et iure reprehenderit velit quia aut minima vel et nesciunt occaecati repudiandae exercitationem temporibus non ad omnis enim tenetur dolorem dolor doloremque nihil veniam iure magnam impedit neque aliquam aspernatur dolorem velit autem ut corrupti rerum laboriosam dolor.', 4603, 204, 4745, 21, 16, '2026-04-22 10:16:39', '2026-04-22 10:16:39'),
(11, 'voluptatum', 'Eos amet magnam aperiam saepe est molestiae et mollitia voluptates quia autem vel vero eum vitae est quia qui eum repellendus et odio impedit corporis dolorem laboriosam temporibus magni nisi ea excepturi assumenda qui consectetur sit magnam aspernatur dolores fuga unde eaque et delectus ducimus dolorum voluptas soluta est praesentium aut tempora dolores ut accusantium explicabo non molestiae perferendis ex dolores dolorem possimus quos earum et.', 1226, 272, 3850, 8, 20, '2026-04-22 10:16:39', '2026-04-22 10:16:39'),
(12, 'perferendis quisquam', 'Quae maiores dolor consequatur voluptatum voluptatum rerum nulla sit aliquid reiciendis aut sequi accusamus et voluptatem vel dolorem nihil dolor magni provident a aperiam ducimus nemo et molestias cupiditate eum dolorem fugiat laudantium sint vel omnis laudantium qui doloremque minima dolores a asperiores expedita maxime est sint a est consequatur sint minima dicta temporibus nulla qui voluptate quia vitae rerum repellendus expedita sed ut assumenda ullam nobis ut odio consectetur molestias provident soluta provident quisquam quos odit doloribus velit in dolorem sint omnis.', 1269, 233, 1116, 21, 15, '2026-04-22 10:16:39', '2026-04-22 10:16:39'),
(13, 'dolore aspernatur', 'Velit aut aliquid iure magnam sint atque occaecati ullam et eveniet est beatae et qui cum quae minima temporibus aut omnis libero corporis fugit necessitatibus veritatis rem rem dignissimos aperiam sed qui et nam commodi at veritatis est necessitatibus alias.', 1593, 249, 3056, 5, 15, '2026-04-22 10:16:39', '2026-04-22 10:16:39'),
(14, 'est', 'Nobis commodi dignissimos velit ut beatae voluptate culpa saepe sequi qui aut voluptatem commodi inventore dolorem cupiditate atque fugit aut qui nam dolor a quibusdam laudantium nostrum placeat est ab necessitatibus voluptatem soluta ut aut incidunt voluptas odio doloribus dolores corporis ut neque atque voluptas quo rerum non dolor qui odit maiores consequatur est voluptatem at tempore velit similique voluptas sequi eos maiores perspiciatis aut et.', 2571, 289, 1487, 17, 22, '2026-04-22 10:16:39', '2026-04-22 10:16:39'),
(15, 'adipisci animi', 'Molestias rerum id ipsam saepe pariatur omnis eligendi quia eum qui eligendi rerum eius placeat incidunt dolore quidem temporibus voluptatem neque neque in sed ut aspernatur autem at dolore sint totam eos enim quae commodi earum saepe voluptas repudiandae in distinctio quia eum molestiae eum vel harum commodi laboriosam.', 1043, 230, 3082, 11, 15, '2026-04-22 10:16:39', '2026-04-22 10:16:39'),
(16, 'nihil distinctio', 'Quis laudantium ut rerum est et voluptates voluptate quos perferendis qui voluptatem voluptatem rerum pariatur sint asperiores eius repellendus deleniti aliquam quasi repudiandae enim omnis atque odit illo veniam sunt deleniti cumque necessitatibus praesentium molestiae et dignissimos est est sunt modi voluptatibus sit quis repellat id earum.', 1468, 230, 3626, 11, 21, '2026-04-22 10:16:39', '2026-04-22 10:16:39'),
(17, 'animi', 'Exercitationem eius ipsum et quisquam deserunt dolores quia aut magnam itaque blanditiis deleniti sapiente consequatur vitae inventore rem impedit quia repellendus voluptate repudiandae officia dolorem et asperiores in perspiciatis inventore quo saepe cum repudiandae et ut dolor aut aut dicta assumenda quia sed officiis omnis illo et dolorum atque soluta et.', 1359, 238, 4496, 20, 21, '2026-04-22 10:16:39', '2026-04-22 10:16:39'),
(18, 'ipsam consequatur nisi', 'Minus unde dolor culpa quaerat dolorem nemo voluptatum consequatur corrupti laborum molestiae officiis voluptates nisi omnis et ut dolorum repellat qui atque magni eaque esse officia labore non voluptas velit quia qui quibusdam odit consequuntur odio culpa praesentium in mollitia architecto praesentium vero architecto eos qui consequatur qui voluptate facere non consequuntur quidem temporibus rem in nostrum est ratione dolores eveniet et aut esse laboriosam suscipit sed dicta nulla est repellat voluptatem ex nihil nesciunt iusto culpa natus omnis illo voluptate quia magnam deserunt.', 3573, 221, 3451, 17, 15, '2026-04-22 10:16:39', '2026-04-22 10:16:39'),
(19, 'corrupti culpa sapiente', 'Totam ut repellat veniam sunt vero incidunt earum rerum voluptas quo vel ut unde quis maxime veniam omnis repudiandae nobis dolorem similique in eius minus non voluptatem esse exercitationem ullam nulla nam nulla ut omnis quaerat aut ipsum incidunt neque neque ex ab consequatur voluptas quia dolor repudiandae ratione aut ipsa cupiditate sint odio beatae quidem ut quo sint est minima ipsam officia omnis et quas facilis sit aut minima.', 1399, 231, 4699, 23, 24, '2026-04-22 10:16:39', '2026-04-22 10:16:39'),
(20, 'possimus ipsam', 'Molestiae expedita sunt voluptatem debitis nam illum odit mollitia possimus quibusdam voluptatem inventore vel aspernatur et excepturi voluptatem dolorem sunt illo alias eum tempora ad in et est delectus nihil sed et amet qui non beatae consequatur repellat provident quae totam saepe eum ratione non dolor voluptas et sed dolor corporis blanditiis dolorem et et iusto voluptatibus recusandae ullam amet eum est illum reprehenderit nulla qui cumque nostrum cum eaque voluptas cumque expedita explicabo sed ullam aut dolore qui ab.', 2306, 295, 1084, 14, 30, '2026-04-22 10:16:39', '2026-04-22 10:16:39'),
(21, 'modi voluptas ut', 'Qui ipsa nemo dolores possimus omnis recusandae eligendi et expedita est ratione suscipit ea deserunt blanditiis nam suscipit sed sed molestiae possimus quo et modi adipisci eius nulla eligendi explicabo sequi cumque velit eos nemo quo quia tenetur dignissimos autem tenetur nulla quibusdam qui eius ab aut nam doloremque numquam dolor aut.', 3531, 248, 4903, 2, 14, '2026-04-22 10:16:39', '2026-04-22 10:16:39'),
(22, 'repellendus occaecati aut', 'Maxime ut velit rem porro in repellat quam voluptas veniam in alias accusantium mollitia natus iusto neque nam dolorum ipsum ex qui labore autem quasi reiciendis necessitatibus dolores harum nihil et consequatur et voluptate voluptas aut distinctio dolore vel voluptatem ut dolores labore natus laborum natus blanditiis dignissimos soluta ipsum amet et accusantium sunt numquam dolore mollitia voluptatum qui necessitatibus ducimus sed beatae veritatis rem possimus est fuga ducimus ut pariatur ipsam magni numquam facilis perspiciatis quia modi voluptas et dolorem sint voluptas et molestiae quisquam fugit et similique facere quia rerum et ea et labore enim est rem illum accusamus dolor.', 2833, 252, 1734, 16, 29, '2026-04-22 10:16:39', '2026-04-22 10:16:39'),
(23, 'possimus', 'Qui minima eligendi voluptas itaque ducimus dolorem animi debitis laboriosam harum porro nesciunt et nemo sapiente est qui aut quis optio in iste qui soluta dolor voluptas quo esse aperiam delectus aspernatur quisquam ullam consectetur illum sunt in esse nesciunt reiciendis aliquam cumque quisquam nisi omnis dolorum nam aliquam eum veritatis fuga et ad pariatur unde ut et tempore dolorem dolore tempora quis voluptas quam corrupti aut laborum illum.', 2236, 294, 3407, 15, 18, '2026-04-22 10:16:39', '2026-04-22 10:16:39'),
(24, 'debitis cumque et', 'Omnis illo voluptatem et tempore distinctio omnis omnis occaecati ut ab corrupti aperiam non aut quisquam magni iste voluptas rerum aperiam praesentium voluptas velit maxime ut a libero aperiam ea autem quidem dignissimos veritatis aut earum et ea.', 1537, 267, 3891, 10, 18, '2026-04-22 10:16:39', '2026-04-22 10:16:39'),
(25, 'nihil molestias repellat', 'Neque qui sed nobis mollitia ea velit et veniam sit et similique excepturi suscipit quas soluta est eum mollitia id consequatur et iusto corporis sequi voluptatem unde voluptatibus facilis et aut nisi vero a repellendus non consequuntur quam totam molestias aut ut natus sit ea quo ut iste qui alias ducimus sit unde aut perspiciatis laborum dicta cum quibusdam alias nihil libero accusantium rerum sint neque.', 3273, 225, 4952, 22, 17, '2026-04-22 10:16:39', '2026-04-22 10:16:39'),
(26, 'et quasi repellat', 'Fugit labore nam sunt voluptatem occaecati minima quis quae et mollitia dignissimos harum alias quia suscipit blanditiis vitae molestiae rerum est quasi illo quibusdam accusamus est eligendi dignissimos quos autem aliquam quasi pariatur esse nihil consequuntur quisquam quaerat perspiciatis autem necessitatibus qui quia velit dolor.', 3697, 274, 3191, 2, 29, '2026-04-22 10:16:39', '2026-04-22 10:16:39'),
(27, 'vero aut', 'Maiores quia aspernatur ad ex sequi officia ipsam cumque magnam saepe ipsum sint qui mollitia velit quaerat tenetur officiis assumenda nam et culpa quia aperiam debitis et eligendi dolorem sint necessitatibus et voluptatem expedita quod nisi voluptatem totam est rerum.', 2294, 290, 3130, 25, 29, '2026-04-22 10:16:39', '2026-04-22 10:16:39'),
(28, 'aliquam', 'Aliquid voluptatibus ullam pariatur autem qui voluptas labore hic in qui veniam voluptate et voluptas nulla impedit minus consequatur quas fuga omnis sit fuga et unde eius dignissimos velit ut quia nostrum dolores aliquid quis quia in nihil qui occaecati deleniti asperiores esse nulla nobis nostrum assumenda voluptatem accusamus eum voluptas eum ratione blanditiis mollitia sit eligendi rerum consectetur eaque rerum alias nemo commodi dolores voluptas deleniti unde neque.', 1885, 213, 4896, 18, 23, '2026-04-22 10:16:39', '2026-04-22 10:16:39'),
(29, 'dicta illo', 'Dolore velit voluptate omnis et corporis totam libero ullam saepe qui enim assumenda molestias eos qui in illum dolor occaecati aut corporis maxime deleniti mollitia rem reprehenderit non ut fugiat laborum quia ut et facilis voluptas facere in odio inventore praesentium est sit hic ab saepe dolorem quidem aut voluptatum culpa et dolorem aut eius eos repellat vero omnis ad rerum incidunt quis ut accusamus omnis sunt eos et eos qui.', 4695, 232, 3735, 7, 23, '2026-04-22 10:16:39', '2026-04-22 10:16:39'),
(30, 'nisi eos', 'Quo cumque qui cumque consequatur voluptatem debitis facilis in beatae omnis qui ducimus porro esse laboriosam velit doloremque rem assumenda blanditiis et dolor vitae rerum beatae eius reprehenderit sit aut non numquam fugit expedita culpa.', 4763, 273, 2677, 3, 16, '2026-04-22 10:16:39', '2026-04-22 10:16:39'),
(31, 'nemo', 'Et odit excepturi optio fugiat cum deleniti eligendi est corrupti placeat unde nulla autem architecto ab quibusdam et labore eveniet unde sequi iste perspiciatis aut libero et nulla ratione laborum voluptatem quos autem quos temporibus molestias deleniti praesentium omnis aut mollitia corrupti id nemo eum a harum cumque numquam ut nemo et voluptatem soluta totam non velit inventore soluta maiores doloribus ea earum repudiandae iure.', 3572, 246, 1558, 22, 22, '2026-04-22 10:16:39', '2026-04-22 10:16:39'),
(32, 'molestiae ut sit', 'Autem facilis omnis nostrum porro doloremque dolorem est eum assumenda quia sed error rerum omnis architecto voluptates dolorem et minima et minima nam explicabo voluptas eaque provident quo voluptas iste quasi reprehenderit optio corrupti ullam laudantium non officiis eos et consequuntur in voluptas aut ut iure id numquam ipsum nobis vitae non quis dicta non consequuntur earum voluptas accusantium ea voluptatem consequatur molestiae et impedit velit omnis quam nihil qui ullam quibusdam consequatur consequatur et iure impedit hic voluptatem et.', 1787, 262, 1929, 5, 29, '2026-04-22 10:16:39', '2026-04-22 10:16:39');

-- --------------------------------------------------------

--
-- Tábla szerkezet ehhez a táblához `termekkategoriak`
--

CREATE TABLE `termekkategoriak` (
  `termek_id` int UNSIGNED NOT NULL,
  `kategoria_id` int UNSIGNED NOT NULL,
  `created_at` timestamp NULL DEFAULT NULL,
  `updated_at` timestamp NULL DEFAULT NULL
) ENGINE=InnoDB DEFAULT CHARSET=utf8mb4 COLLATE=utf8mb4_unicode_ci;

--
-- A tábla adatainak kiíratása `termekkategoriak`
--

INSERT INTO `termekkategoriak` (`termek_id`, `kategoria_id`, `created_at`, `updated_at`) VALUES
(1, 4, '2026-04-22 10:16:39', '2026-04-22 10:16:39'),
(2, 25, '2026-04-22 10:16:39', '2026-04-22 10:16:39'),
(5, 25, '2026-04-22 10:16:39', '2026-04-22 10:16:39'),
(6, 22, '2026-04-22 10:16:39', '2026-04-22 10:16:39'),
(7, 8, '2026-04-22 10:16:39', '2026-04-22 10:16:39'),
(8, 16, '2026-04-22 10:16:39', '2026-04-22 10:16:39'),
(10, 1, '2026-04-22 10:16:39', '2026-04-22 10:16:39'),
(11, 3, '2026-04-22 10:16:39', '2026-04-22 10:16:39'),
(11, 7, '2026-04-22 10:16:39', '2026-04-22 10:16:39'),
(11, 9, '2026-04-22 10:16:39', '2026-04-22 10:16:39'),
(11, 21, '2026-04-22 10:16:39', '2026-04-22 10:16:39'),
(12, 10, '2026-04-22 10:16:39', '2026-04-22 10:16:39'),
(12, 15, '2026-04-22 10:16:39', '2026-04-22 10:16:39'),
(13, 7, '2026-04-22 10:16:39', '2026-04-22 10:16:39'),
(13, 20, '2026-04-22 10:16:39', '2026-04-22 10:16:39'),
(15, 2, '2026-04-22 10:16:39', '2026-04-22 10:16:39'),
(15, 4, '2026-04-22 10:16:39', '2026-04-22 10:16:39'),
(16, 5, '2026-04-22 10:16:39', '2026-04-22 10:16:39'),
(17, 24, '2026-04-22 10:16:39', '2026-04-22 10:16:39'),
(19, 5, '2026-04-22 10:16:39', '2026-04-22 10:16:39'),
(19, 23, '2026-04-22 10:16:39', '2026-04-22 10:16:39'),
(20, 23, '2026-04-22 10:16:39', '2026-04-22 10:16:39'),
(22, 23, '2026-04-22 10:16:39', '2026-04-22 10:16:39'),
(23, 18, '2026-04-22 10:16:39', '2026-04-22 10:16:39'),
(25, 5, '2026-04-22 10:16:39', '2026-04-22 10:16:39'),
(27, 12, '2026-04-22 10:16:39', '2026-04-22 10:16:39'),
(27, 14, '2026-04-22 10:16:39', '2026-04-22 10:16:39'),
(30, 3, '2026-04-22 10:16:39', '2026-04-22 10:16:39'),
(30, 23, '2026-04-22 10:16:39', '2026-04-22 10:16:39'),
(32, 6, '2026-04-22 10:16:39', '2026-04-22 10:16:39');

-- --------------------------------------------------------

--
-- Tábla szerkezet ehhez a táblához `termekkepek`
--

CREATE TABLE `termekkepek` (
  `termek_id` int UNSIGNED NOT NULL,
  `kep_id` int UNSIGNED NOT NULL DEFAULT '0',
  `rendezes` int NOT NULL DEFAULT '1',
  `created_at` timestamp NULL DEFAULT NULL,
  `updated_at` timestamp NULL DEFAULT NULL
) ENGINE=InnoDB DEFAULT CHARSET=utf8mb4 COLLATE=utf8mb4_unicode_ci;

--
-- A tábla adatainak kiíratása `termekkepek`
--

INSERT INTO `termekkepek` (`termek_id`, `kep_id`, `rendezes`, `created_at`, `updated_at`) VALUES
(1, 17, 2, '2026-04-22 10:16:39', '2026-04-22 10:16:39'),
(1, 23, 1, '2026-04-22 10:16:39', '2026-04-22 10:16:39'),
(2, 18, 3, '2026-04-22 10:16:39', '2026-04-22 10:16:39'),
(3, 20, 7, '2026-04-22 10:16:39', '2026-04-22 10:16:39'),
(3, 24, 6, '2026-04-22 10:16:39', '2026-04-22 10:16:39'),
(4, 30, 9, '2026-04-22 10:16:39', '2026-04-22 10:16:39'),
(7, 25, 20, '2026-04-22 10:16:39', '2026-04-22 10:16:39'),
(8, 17, 11, '2026-04-22 10:16:39', '2026-04-22 10:16:39'),
(9, 16, 8, '2026-04-22 10:16:39', '2026-04-22 10:16:39'),
(11, 19, 13, '2026-04-22 10:16:39', '2026-04-22 10:16:39'),
(11, 29, 12, '2026-04-22 10:16:39', '2026-04-22 10:16:39'),
(12, 14, 26, '2026-04-22 10:16:39', '2026-04-22 10:16:39'),
(12, 23, 27, '2026-04-22 10:16:39', '2026-04-22 10:16:39'),
(13, 15, 10, '2026-04-22 10:16:39', '2026-04-22 10:16:39'),
(14, 24, 21, '2026-04-22 10:16:39', '2026-04-22 10:16:39'),
(14, 25, 22, '2026-04-22 10:16:39', '2026-04-22 10:16:39'),
(15, 27, 15, '2026-04-22 10:16:39', '2026-04-22 10:16:39'),
(16, 16, 16, '2026-04-22 10:16:39', '2026-04-22 10:16:39'),
(17, 17, 24, '2026-04-22 10:16:39', '2026-04-22 10:16:39'),
(17, 20, 25, '2026-04-22 10:16:39', '2026-04-22 10:16:39'),
(19, 14, 29, '2026-04-22 10:16:39', '2026-04-22 10:16:39'),
(20, 23, 17, '2026-04-22 10:16:39', '2026-04-22 10:16:39'),
(23, 20, 18, '2026-04-22 10:16:39', '2026-04-22 10:16:39'),
(23, 21, 19, '2026-04-22 10:16:39', '2026-04-22 10:16:39'),
(24, 16, 14, '2026-04-22 10:16:39', '2026-04-22 10:16:39'),
(26, 14, 4, '2026-04-22 10:16:39', '2026-04-22 10:16:39'),
(26, 20, 5, '2026-04-22 10:16:39', '2026-04-22 10:16:39'),
(27, 22, 30, '2026-04-22 10:16:39', '2026-04-22 10:16:39'),
(28, 31, 23, '2026-04-22 10:16:39', '2026-04-22 10:16:39'),
(31, 17, 28, '2026-04-22 10:16:39', '2026-04-22 10:16:39');

-- --------------------------------------------------------

--
-- Tábla szerkezet ehhez a táblához `termekszinek`
--

CREATE TABLE `termekszinek` (
  `termek_id` int UNSIGNED NOT NULL,
  `szin_id` int UNSIGNED NOT NULL,
  `created_at` timestamp NULL DEFAULT NULL,
  `updated_at` timestamp NULL DEFAULT NULL
) ENGINE=InnoDB DEFAULT CHARSET=utf8mb4 COLLATE=utf8mb4_unicode_ci;

--
-- A tábla adatainak kiíratása `termekszinek`
--

INSERT INTO `termekszinek` (`termek_id`, `szin_id`, `created_at`, `updated_at`) VALUES
(1, 52, '2026-04-22 10:16:39', '2026-04-22 10:16:39'),
(1, 59, '2026-04-22 10:16:39', '2026-04-22 10:16:39'),
(2, 11, '2026-04-22 10:16:39', '2026-04-22 10:16:39'),
(2, 98, '2026-04-22 10:16:39', '2026-04-22 10:16:39'),
(3, 75, '2026-04-22 10:16:39', '2026-04-22 10:16:39'),
(4, 17, '2026-04-22 10:16:39', '2026-04-22 10:16:39'),
(5, 54, '2026-04-22 10:16:39', '2026-04-22 10:16:39'),
(6, 31, '2026-04-22 10:16:39', '2026-04-22 10:16:39'),
(7, 33, '2026-04-22 10:16:39', '2026-04-22 10:16:39'),
(8, 22, '2026-04-22 10:16:39', '2026-04-22 10:16:39'),
(8, 57, '2026-04-22 10:16:39', '2026-04-22 10:16:39'),
(8, 79, '2026-04-22 10:16:39', '2026-04-22 10:16:39'),
(9, 55, '2026-04-22 10:16:39', '2026-04-22 10:16:39'),
(9, 82, '2026-04-22 10:16:39', '2026-04-22 10:16:39'),
(10, 11, '2026-04-22 10:16:39', '2026-04-22 10:16:39'),
(10, 62, '2026-04-22 10:16:39', '2026-04-22 10:16:39'),
(10, 89, '2026-04-22 10:16:39', '2026-04-22 10:16:39'),
(11, 17, '2026-04-22 10:16:39', '2026-04-22 10:16:39'),
(11, 26, '2026-04-22 10:16:39', '2026-04-22 10:16:39'),
(12, 75, '2026-04-22 10:16:39', '2026-04-22 10:16:39'),
(13, 24, '2026-04-22 10:16:39', '2026-04-22 10:16:39'),
(13, 52, '2026-04-22 10:16:39', '2026-04-22 10:16:39'),
(14, 87, '2026-04-22 10:16:39', '2026-04-22 10:16:39'),
(15, 58, '2026-04-22 10:16:39', '2026-04-22 10:16:39'),
(16, 63, '2026-04-22 10:16:39', '2026-04-22 10:16:39'),
(17, 50, '2026-04-22 10:16:39', '2026-04-22 10:16:39'),
(18, 18, '2026-04-22 10:16:39', '2026-04-22 10:16:39'),
(18, 56, '2026-04-22 10:16:39', '2026-04-22 10:16:39'),
(18, 96, '2026-04-22 10:16:39', '2026-04-22 10:16:39'),
(19, 26, '2026-04-22 10:16:39', '2026-04-22 10:16:39'),
(20, 38, '2026-04-22 10:16:39', '2026-04-22 10:16:39'),
(20, 65, '2026-04-22 10:16:39', '2026-04-22 10:16:39'),
(21, 37, '2026-04-22 10:16:39', '2026-04-22 10:16:39'),
(21, 97, '2026-04-22 10:16:39', '2026-04-22 10:16:39'),
(22, 64, '2026-04-22 10:16:39', '2026-04-22 10:16:39'),
(23, 62, '2026-04-22 10:16:39', '2026-04-22 10:16:39'),
(24, 100, '2026-04-22 10:16:39', '2026-04-22 10:16:39'),
(25, 69, '2026-04-22 10:16:39', '2026-04-22 10:16:39'),
(26, 9, '2026-04-22 10:16:39', '2026-04-22 10:16:39'),
(26, 47, '2026-04-22 10:16:39', '2026-04-22 10:16:39'),
(26, 61, '2026-04-22 10:16:39', '2026-04-22 10:16:39'),
(27, 2, '2026-04-22 10:16:39', '2026-04-22 10:16:39'),
(27, 56, '2026-04-22 10:16:39', '2026-04-22 10:16:39'),
(27, 67, '2026-04-22 10:16:39', '2026-04-22 10:16:39'),
(27, 81, '2026-04-22 10:16:39', '2026-04-22 10:16:39'),
(28, 12, '2026-04-22 10:16:39', '2026-04-22 10:16:39'),
(28, 25, '2026-04-22 10:16:39', '2026-04-22 10:16:39'),
(28, 55, '2026-04-22 10:16:39', '2026-04-22 10:16:39'),
(29, 20, '2026-04-22 10:16:39', '2026-04-22 10:16:39'),
(30, 62, '2026-04-22 10:16:39', '2026-04-22 10:16:39'),
(31, 66, '2026-04-22 10:16:39', '2026-04-22 10:16:39'),
(32, 73, '2026-04-22 10:16:39', '2026-04-22 10:16:39');

-- --------------------------------------------------------

--
-- Tábla szerkezet ehhez a táblához `varosok`
--

CREATE TABLE `varosok` (
  `id` int UNSIGNED NOT NULL,
  `iranyitoszam` varchar(5) COLLATE utf8mb4_unicode_ci DEFAULT NULL,
  `varos_nev` varchar(100) COLLATE utf8mb4_unicode_ci NOT NULL,
  `megye` varchar(100) COLLATE utf8mb4_unicode_ci DEFAULT NULL
) ENGINE=InnoDB DEFAULT CHARSET=utf8mb4 COLLATE=utf8mb4_unicode_ci;

--
-- A tábla adatainak kiíratása `varosok`
--

INSERT INTO `varosok` (`id`, `iranyitoszam`, `varos_nev`, `megye`) VALUES
(1, '﻿8128', 'Aba', 'Fejér'),
(2, '8127', 'Aba', 'Fejér'),
(3, '5241', 'Abádszalók', 'Jász-Nagykun-Szolnok'),
(4, '7678', 'Abaliget', 'Baranya'),
(5, '3261', 'Abasár', 'Heves'),
(6, '3882', 'Abaújalpár', 'Borsod-Abaúj-Zemplén'),
(7, '3882', 'Abaújkér', 'Borsod-Abaúj-Zemplén'),
(8, '3815', 'Abaújlak', 'Borsod-Abaúj-Zemplén'),
(9, '3881', 'Abaújszántó', 'Borsod-Abaúj-Zemplén'),
(10, '3809', 'Abaújszolnok', 'Borsod-Abaúj-Zemplén'),
(11, '3898', 'Abaújvár', 'Borsod-Abaúj-Zemplén'),
(12, '9151', 'Abda', 'Győr-Moson-Sopron'),
(13, '3753', 'Abod', 'Borsod-Abaúj-Zemplén'),
(14, '2740', 'Abony', 'Pest'),
(15, '8256', 'Ábrahámhegy', 'Veszprém'),
(16, '2941', 'Ács', 'Komárom-Esztergom'),
(17, '2683', 'Acsa', 'Pest'),
(18, '9746', 'Acsád', 'Vas'),
(19, '9168', 'Acsalag', 'Győr-Moson-Sopron'),
(20, '2887', 'Ácsteszér', 'Komárom-Esztergom'),
(21, '3292', 'Adács', 'Heves'),
(22, '8653', 'Ádánd', 'Somogy'),
(23, '8561', 'Adásztevel', 'Veszprém'),
(24, '2457', 'Adony', 'Fejér'),
(25, '8497', 'Adorjánháza', 'Veszprém'),
(26, '7841', 'Adorjás', 'Baranya'),
(27, '7381', 'Ág', 'Baranya'),
(28, '6076', 'Ágasegyháza', 'Bács-Kiskun'),
(29, '9423', 'Ágfalva', 'Győr-Moson-Sopron'),
(30, '3759', 'Aggtelek', 'Borsod-Abaúj-Zemplén'),
(31, '9441', 'Agyagosszergény', 'Győr-Moson-Sopron'),
(32, '4524', 'Ajak', 'Szabolcs-Szatmár-Bereg'),
(33, '8447', 'Ajka', 'Veszprém'),
(34, '8448', 'Ajka', 'Veszprém'),
(35, '8451', 'Ajka', 'Veszprém'),
(36, '8400', 'Ajka', 'Veszprém'),
(37, '2862', 'Aka', 'Komárom-Esztergom'),
(38, '6221', 'Akasztó', 'Bács-Kiskun'),
(39, '3779', 'Alacska', 'Borsod-Abaúj-Zemplén'),
(40, '7011', 'Alap', 'Fejér'),
(41, '5142', 'Alattyán', 'Jász-Nagykun-Szolnok'),
(42, '2730', 'Albertirsa', 'Pest'),
(43, '8087', 'Alcsútdoboz', 'Fejér'),
(44, '3353', 'Aldebrő', 'Heves'),
(45, '6750', 'Algyő', 'Csongrád'),
(46, '8921', 'Alibánfa', 'Zala'),
(47, '7934', 'Almamellék', 'Baranya'),
(48, '2931', 'Almásfüzitő', 'Komárom-Esztergom'),
(49, '8935', 'Almásháza', 'Zala'),
(50, '5747', 'Almáskamarás', 'Békés'),
(51, '7932', 'Almáskeresztúr', 'Baranya'),
(52, '4285', 'Álmosd', 'Hajdú-Bihar'),
(53, '3985', 'Alsóberecki', 'Borsod-Abaúj-Zemplén'),
(54, '7443', 'Alsóbogát', 'Somogy'),
(55, '3717', 'Alsódobsza', 'Borsod-Abaúj-Zemplén'),
(56, '3837', 'Alsógagy', 'Borsod-Abaúj-Zemplén'),
(57, '7345', 'Alsómocsolád', 'Baranya'),
(58, '7147', 'Alsónána', 'Tolna'),
(59, '2351', 'Alsónémedi', 'Pest'),
(60, '8924', 'Alsónemesapáti', 'Zala'),
(61, '7148', 'Alsónyék', 'Tolna'),
(62, '8226', 'Alsóörs', 'Veszprém'),
(63, '8394', 'Alsópáhok', 'Zala'),
(64, '2617', 'Alsópetény', 'Nógrád'),
(65, '8767', 'Alsórajk', 'Zala'),
(66, '3989', 'Alsóregmec', 'Borsod-Abaúj-Zemplén'),
(67, '8973', 'Alsószenterzsébet', 'Zala'),
(68, '7012', 'Alsószentiván', 'Fejér'),
(69, '7826', 'Alsószentmárton', 'Baranya'),
(70, '9983', 'Alsószölnök', 'Vas'),
(71, '3726', 'Alsószuha', 'Borsod-Abaúj-Zemplén'),
(72, '3735', 'Alsótelekes', 'Borsod-Abaúj-Zemplén'),
(73, '3069', 'Alsótold', 'Nógrád'),
(74, '9842', 'Alsóújlak', 'Vas'),
(75, '3811', 'Alsóvadász', 'Borsod-Abaúj-Zemplén'),
(76, '3571', 'Alsózsolca', 'Borsod-Abaúj-Zemplén'),
(77, '6916', 'Ambrózfalva', 'Csongrád'),
(78, '4546', 'Anarcs', 'Szabolcs-Szatmár-Bereg'),
(79, '8675', 'Andocs', 'Somogy'),
(80, '3399', 'Andornaktálya', 'Heves'),
(81, '9811', 'Andrásfa', 'Vas'),
(82, '2529', 'Annavölgy', 'Komárom-Esztergom'),
(83, '8477', 'Apácatorna', 'Veszprém'),
(84, '4553', 'Apagy', 'Szabolcs-Szatmár-Bereg'),
(85, '2345', 'Apaj', 'Pest'),
(86, '7186', 'Aparhant', 'Tolna'),
(87, '6931', 'Apátfalva', 'Csongrád'),
(88, '9982', 'Apátistvánfalva', 'Vas'),
(89, '7720', 'Apátvarasd', 'Baranya'),
(90, '3032', 'Apc', 'Heves'),
(91, '2338', 'Áporka', 'Pest'),
(92, '6088', 'Apostag', 'Bács-Kiskun'),
(93, '4634', 'Aranyosapáti', 'Szabolcs-Szatmár-Bereg'),
(94, '7671', 'Aranyosgadány', 'Baranya'),
(95, '3885', 'Arka', 'Borsod-Abaúj-Zemplén'),
(96, '3663', 'Arló', 'Borsod-Abaúj-Zemplén'),
(97, '3713', 'Arnót', 'Borsod-Abaúj-Zemplén'),
(98, '3467', 'Ároktő', 'Borsod-Abaúj-Zemplén'),
(99, '6623', 'Árpádhalom', 'Csongrád'),
(100, '9132', 'Árpás', 'Győr-Moson-Sopron'),
(101, '4115', 'Ártánd', 'Hajdú-Bihar'),
(102, '6783', 'Ásotthalom', 'Csongrád'),
(103, '9177', 'Ásványráró', 'Győr-Moson-Sopron'),
(104, '3841', 'Aszaló', 'Borsod-Abaúj-Zemplén'),
(105, '2170', 'Aszód', 'Pest'),
(106, '8241', 'Aszófő', 'Veszprém'),
(107, '7763', 'Áta', 'Baranya'),
(108, '3371', 'Átány', 'Heves'),
(109, '3213', 'Atkár', 'Heves'),
(110, '7252', 'Attala', 'Tolna'),
(111, '7757', 'Babarc', 'Baranya'),
(112, '7814', 'Babarcszőlős', 'Baranya'),
(113, '7584', 'Babócsa', 'Somogy'),
(114, '2943', 'Bábolna', 'Komárom-Esztergom'),
(115, '8658', 'Bábonymegyer', 'Somogy'),
(116, '8983', 'Babosdöbréte', 'Zala'),
(117, '9351', 'Babót', 'Győr-Moson-Sopron'),
(118, '6430', 'Bácsalmás', 'Bács-Kiskun'),
(119, '6453', 'Bácsbokod', 'Bács-Kiskun'),
(120, '6454', 'Bácsborsód', 'Bács-Kiskun'),
(121, '6511', 'Bácsszentgyörgy', 'Bács-Kiskun'),
(122, '6425', 'Bácsszőlős', 'Bács-Kiskun'),
(123, '8261', 'Badacsonytomaj', 'Veszprém'),
(124, '8257', 'Badacsonytomaj', 'Veszprém'),
(125, '8258', 'Badacsonytomaj', 'Veszprém'),
(126, '8262', 'Badacsonytördemic', 'Veszprém'),
(127, '8263', 'Badacsonytördemic', 'Veszprém'),
(128, '2191', 'Bag', 'Pest'),
(129, '4286', 'Bagamér', 'Hajdú-Bihar'),
(130, '8977', 'Baglad', 'Zala'),
(131, '8992', 'Bagod', 'Zala'),
(132, '9145', 'Bágyogszovát', 'Győr-Moson-Sopron'),
(133, '2836', 'Baj', 'Komárom-Esztergom'),
(134, '6503', 'Baja', 'Bács-Kiskun'),
(135, '6500', 'Baja', 'Bács-Kiskun'),
(136, '9944', 'Bajánsenye', 'Vas'),
(137, '2525', 'Bajna', 'Komárom-Esztergom'),
(138, '2533', 'Bajót', 'Komárom-Esztergom'),
(139, '8945', 'Bak', 'Zala'),
(140, '7585', 'Bakháza', 'Somogy'),
(141, '7393', 'Bakóca', 'Baranya'),
(142, '4164', 'Bakonszeg', 'Hajdú-Bihar'),
(143, '7675', 'Bakonya', 'Baranya'),
(144, '2885', 'Bakonybánk', 'Komárom-Esztergom'),
(145, '8427', 'Bakonybél', 'Veszprém'),
(146, '8056', 'Bakonycsernye', 'Fejér'),
(147, '8433', 'Bakonygyirót', 'Veszprém'),
(148, '8581', 'Bakonyjákó', 'Veszprém'),
(149, '8571', 'Bakonykoppány', 'Veszprém'),
(150, '8045', 'Bakonykúti', 'Fejér'),
(151, '8422', 'Bakonynána', 'Veszprém'),
(152, '8418', 'Bakonyoszlop', 'Veszprém'),
(153, '9088', 'Bakonypéterd', 'Győr-Moson-Sopron'),
(154, '8457', 'Bakonypölöske', 'Veszprém'),
(155, '8557', 'Bakonyság', 'Veszprém'),
(156, '2861', 'Bakonysárkány', 'Komárom-Esztergom'),
(157, '8557', 'Bakonyszentiván', 'Veszprém'),
(158, '8430', 'Bakonyszentkirály', 'Veszprém'),
(159, '8431', 'Bakonyszentlászló', 'Veszprém'),
(160, '2884', 'Bakonyszombathely', 'Komárom-Esztergom'),
(161, '8572', 'Bakonyszücs', 'Veszprém'),
(162, '8555', 'Bakonytamási', 'Veszprém'),
(163, '6768', 'Baks', 'Csongrád'),
(164, '7834', 'Baksa', 'Baranya'),
(165, '3836', 'Baktakék', 'Borsod-Abaúj-Zemplén'),
(166, '4561', 'Baktalórántháza', 'Szabolcs-Szatmár-Bereg'),
(167, '8946', 'Baktüttös', 'Zala'),
(168, '3780', 'Balajt', 'Borsod-Abaúj-Zemplén'),
(169, '2660', 'Balassagyarmat', 'Nógrád'),
(170, '6764', 'Balástya', 'Csongrád'),
(171, '3347', 'Balaton', 'Heves'),
(172, '8243', 'Balatonakali', 'Veszprém'),
(173, '8220', 'Balatonalmádi', 'Veszprém'),
(174, '8649', 'Balatonberény', 'Somogy'),
(175, '8691', 'Balatonboglár', 'Somogy'),
(176, '8630', 'Balatonboglár', 'Somogy'),
(177, '8272', 'Balatoncsicsó', 'Veszprém'),
(178, '8312', 'Balatonederics', 'Veszprém'),
(179, '8613', 'Balatonendréd', 'Somogy'),
(180, '8646', 'Balatonfenyves', 'Somogy'),
(181, '8164', 'Balatonfőkajár', 'Veszprém'),
(182, '8623', 'Balatonföldvár', 'Somogy'),
(183, '8236', 'Balatonfüred', 'Veszprém'),
(184, '8230', 'Balatonfüred', 'Veszprém'),
(185, '8184', 'Balatonfűzfő', 'Veszprém'),
(186, '8175', 'Balatonfűzfő', 'Veszprém'),
(187, '8313', 'Balatongyörök', 'Zala'),
(188, '8275', 'Balatonhenye', 'Veszprém'),
(189, '8172', 'Balatonkenese', 'Veszprém'),
(190, '8174', 'Balatonkenese', 'Veszprém'),
(191, '8648', 'Balatonkeresztúr', 'Somogy'),
(192, '8638', 'Balatonlelle', 'Somogy'),
(193, '8753', 'Balatonmagyaród', 'Zala'),
(194, '8647', 'Balatonmáriafürdő', 'Somogy'),
(195, '8637', 'Balatonőszöd', 'Somogy'),
(196, '8255', 'Balatonrendes', 'Veszprém'),
(197, '8651', 'Balatonszabadi', 'Somogy'),
(198, '8624', 'Balatonszárszó', 'Somogy'),
(199, '8636', 'Balatonszemes', 'Somogy'),
(200, '8710', 'Balatonszentgyörgy', 'Somogy'),
(201, '8252', 'Balatonszepezd', 'Veszprém'),
(202, '8233', 'Balatonszőlős', 'Veszprém'),
(203, '8242', 'Balatonudvari', 'Veszprém'),
(204, '8712', 'Balatonújlak', 'Somogy'),
(205, '8171', 'Balatonvilágos', 'Veszprém'),
(206, '8054', 'Balinka', 'Fejér'),
(207, '8055', 'Balinka', 'Fejér'),
(208, '4233', 'Balkány', 'Szabolcs-Szatmár-Bereg'),
(209, '6035', 'Ballószög', 'Bács-Kiskun'),
(210, '4060', 'Balmazújváros', 'Hajdú-Bihar'),
(211, '9771', 'Balogunyom', 'Vas'),
(212, '6412', 'Balotaszállás', 'Bács-Kiskun'),
(213, '4468', 'Balsa', 'Szabolcs-Szatmár-Bereg'),
(214, '8614', 'Bálványos', 'Somogy'),
(215, '2944', 'Bana', 'Komárom-Esztergom'),
(216, '8443', 'Bánd', 'Veszprém'),
(217, '7914', 'Bánfa', 'Baranya'),
(218, '3642', 'Bánhorváti', 'Borsod-Abaúj-Zemplén'),
(219, '2653', 'Bánk', 'Nógrád'),
(220, '8891', 'Bánokszentgyörgy', 'Zala'),
(221, '3654', 'Bánréve', 'Borsod-Abaúj-Zemplén'),
(222, '7711', 'Bár', 'Baranya'),
(223, '4937', 'Barabás', 'Szabolcs-Szatmár-Bereg'),
(224, '2427', 'Baracs', 'Fejér'),
(225, '2426', 'Baracs', 'Fejér'),
(226, '2471', 'Baracska', 'Fejér'),
(227, '4161', 'Báránd', 'Hajdú-Bihar'),
(228, '7841', 'Baranyahidvég', 'Baranya'),
(229, '7384', 'Baranyajenő', 'Baranya'),
(230, '7383', 'Baranyaszentgyörgy', 'Baranya'),
(231, '9169', 'Barbacs', 'Győr-Moson-Sopron'),
(232, '7557', 'Barcs', 'Somogy'),
(233, '7570', 'Barcs', 'Somogy'),
(234, '7478', 'Bárdudvarnok', 'Somogy'),
(235, '8948', 'Barlahida', 'Zala'),
(236, '3126', 'Bárna', 'Nógrád'),
(237, '8291', 'Barnag', 'Veszprém'),
(238, '2883', 'Bársonyos', 'Komárom-Esztergom'),
(239, '7923', 'Basal', 'Baranya'),
(240, '3881', 'Baskó', 'Borsod-Abaúj-Zemplén'),
(241, '7149', 'Báta', 'Tolna'),
(242, '7164', 'Bátaapáti', 'Tolna'),
(243, '7140', 'Bátaszék', 'Tolna'),
(244, '7258', 'Baté', 'Somogy'),
(245, '6528', 'Bátmonostor', 'Bács-Kiskun'),
(246, '3078', 'Bátonyterenye', 'Nógrád'),
(247, '3070', 'Bátonyterenye', 'Nógrád'),
(248, '3151', 'Bátonyterenye', 'Nógrád'),
(249, '3336', 'Bátor', 'Heves'),
(250, '4343', 'Bátorliget', 'Szabolcs-Szatmár-Bereg'),
(251, '5830', 'Battonya', 'Békés'),
(252, '6351', 'Bátya', 'Bács-Kiskun'),
(253, '8797', 'Batyk', 'Zala'),
(254, '8887', 'Bázakerettye', 'Zala'),
(255, '8352', 'Bazsi', 'Veszprém'),
(256, '8565', 'Béb', 'Veszprém'),
(257, '8866', 'Becsehely', 'Zala'),
(258, '2693', 'Becske', 'Nógrád'),
(259, '3768', 'Becskeháza', 'Borsod-Abaúj-Zemplén'),
(260, '8985', 'Becsvölgye', 'Zala'),
(261, '8666', 'Bedegkér', 'Somogy'),
(262, '4128', 'Bedő', 'Hajdú-Bihar'),
(263, '9683', 'Bejcgyertyános', 'Vas'),
(264, '8515', 'Békás', 'Veszprém'),
(265, '3903', 'Bekecs', 'Borsod-Abaúj-Zemplén'),
(266, '5630', 'Békés', 'Békés'),
(267, '5623', 'Békéscsaba', 'Békés'),
(268, '5671', 'Békéscsaba', 'Békés'),
(269, '5600', 'Békéscsaba', 'Békés'),
(270, '5946', 'Békéssámson', 'Békés'),
(271, '5561', 'Békésszentandrás', 'Békés'),
(272, '3343', 'Bekölce', 'Heves'),
(273, '3346', 'Bélapátfalva', 'Heves'),
(274, '7589', 'Bélavár', 'Somogy'),
(275, '7061', 'Belecska', 'Tolna'),
(276, '9343', 'Beled', 'Győr-Moson-Sopron'),
(277, '7543', 'Beleg', 'Somogy'),
(278, '8855', 'Belezna', 'Zala'),
(279, '5643', 'Bélmegyer', 'Békés'),
(280, '2455', 'Beloiannisz', 'Fejér'),
(281, '8978', 'Belsősárd', 'Zala'),
(282, '7747', 'Belvárdgyula', 'Baranya'),
(283, '4643', 'Benk', 'Szabolcs-Szatmár-Bereg'),
(284, '2216', 'Bénye', 'Pest'),
(285, '3045', 'Bér', 'Nógrád'),
(286, '9831', 'Bérbaltavár', 'Vas'),
(287, '2687', 'Bercel', 'Nógrád'),
(288, '4934', 'Beregdaróc', 'Szabolcs-Szatmár-Bereg'),
(289, '4933', 'Beregsurány', 'Szabolcs-Szatmár-Bereg'),
(290, '4116', 'Berekböszörmény', 'Hajdú-Bihar'),
(291, '5309', 'Berekfürdő', 'Jász-Nagykun-Szolnok'),
(292, '7827', 'Beremend', 'Baranya'),
(293, '3704', 'Berente', 'Borsod-Abaúj-Zemplén'),
(294, '3834', 'Beret', 'Borsod-Abaúj-Zemplén'),
(295, '4103', 'Berettyóújfalu', 'Hajdú-Bihar'),
(296, '4100', 'Berettyóújfalu', 'Hajdú-Bihar'),
(297, '8182', 'Berhida', 'Veszprém'),
(298, '8181', 'Berhida', 'Veszprém'),
(299, '2641', 'Berkenye', 'Nógrád'),
(300, '7664', 'Berkesd', 'Baranya'),
(301, '4521', 'Berkesz', 'Szabolcs-Szatmár-Bereg'),
(302, '2639', 'Bernecebaráti', 'Pest'),
(303, '3575', 'Berzék', 'Borsod-Abaúj-Zemplén'),
(304, '7516', 'Berzence', 'Somogy'),
(305, '7838', 'Besence', 'Baranya'),
(306, '4557', 'Besenyőd', 'Szabolcs-Szatmár-Bereg'),
(307, '3373', 'Besenyőtelek', 'Heves'),
(308, '5071', 'Besenyszög', 'Jász-Nagykun-Szolnok'),
(309, '2456', 'Besnyő', 'Fejér'),
(310, '4488', 'Beszterec', 'Szabolcs-Szatmár-Bereg'),
(311, '7782', 'Bezedek', 'Baranya'),
(312, '9223', 'Bezenye', 'Győr-Moson-Sopron'),
(313, '8934', 'Bezeréd', 'Zala'),
(314, '9162', 'Bezi', 'Győr-Moson-Sopron'),
(315, '2051', 'Biatorbágy', 'Pest'),
(316, '7671', 'Bicsérd', 'Baranya'),
(317, '2060', 'Bicske', 'Fejér'),
(318, '4175', 'Bihardancsháza', 'Hajdú-Bihar'),
(319, '4110', 'Biharkeresztes', 'Hajdú-Bihar'),
(320, '4172', 'Biharnagybajom', 'Hajdú-Bihar'),
(321, '4174', 'Bihartorda', 'Hajdú-Bihar'),
(322, '5538', 'Biharugra', 'Békés'),
(323, '7043', 'Bikács', 'Tolna'),
(324, '7346', 'Bikal', 'Baranya'),
(325, '4235', 'Biri', 'Szabolcs-Szatmár-Bereg'),
(326, '7747', 'Birján', 'Baranya'),
(327, '7811', 'Bisse', 'Baranya'),
(328, '9625', 'Bő', 'Vas'),
(329, '9542', 'Boba', 'Zala'),
(330, '8943', 'Bocfölde', 'Heves'),
(331, '3368', 'Boconád', 'Bács-Kiskun'),
(332, '3574', 'Bőcs', 'Zala'),
(333, '6235', 'Bócsa', 'Hajdú-Bihar'),
(334, '8776', 'Bocska', 'Baranya'),
(335, '4241', 'Bocskaikert', 'Fejér'),
(336, '7672', 'Boda', 'Fejér'),
(337, '8053', 'Bodajk', 'Baranya'),
(338, '8991', 'Böde', 'Győr-Moson-Sopron'),
(339, '8969', 'Bödeháza', 'Heves'),
(340, '8085', 'Bodmér', 'Veszprém'),
(341, '7394', 'Bodolyabér', 'Somogy'),
(342, '9134', 'Bodonhely', 'Borsod-Abaúj-Zemplén'),
(343, '3243', 'Bodony', 'Borsod-Abaúj-Zemplén'),
(344, '8471', 'Bodorfa', 'Borsod-Abaúj-Zemplén'),
(345, '7439', 'Bodrog', 'Borsod-Abaúj-Zemplén'),
(346, '3987', 'Bodroghalom', 'Borsod-Abaúj-Zemplén'),
(347, '3916', 'Bodrogkeresztúr', 'Borsod-Abaúj-Zemplén'),
(348, '3917', 'Bodrogkisfalud', 'Borsod-Abaúj-Zemplén'),
(349, '3943', 'Bodrogolaszi', 'Borsod-Abaúj-Zemplén'),
(350, '3768', 'Bódvalenke', 'Baranya'),
(351, '3764', 'Bódvarákó', 'Baranya'),
(352, '3763', 'Bódvaszilas', 'Baranya'),
(353, '3412', 'Bogács', 'Tolna'),
(354, '7742', 'Bogád', 'Győr-Moson-Sopron'),
(355, '7836', 'Bogádmindszent', 'Hajdú-Bihar'),
(356, '7966', 'Bogdása', 'Zala'),
(357, '9612', 'Bögöt', 'Komárom-Esztergom'),
(358, '9675', 'Bögöte', 'Nógrád'),
(359, '7132', 'Bogyiszló', 'Heves'),
(360, '9324', 'Bogyoszló', 'Baranya'),
(361, '8719', 'Böhönye', 'Borsod-Abaúj-Zemplén'),
(362, '4114', 'Bojt', 'Borsod-Abaúj-Zemplén'),
(363, '8741', 'Bókaháza', 'Borsod-Abaúj-Zemplén'),
(364, '2855', 'Bokod', 'Somogy'),
(365, '4231', 'Bököny', 'Somogy'),
(366, '3066', 'Bokor', 'Baranya'),
(367, '7025', 'Bölcske', 'Zala'),
(368, '3016', 'Boldog', 'Somogy'),
(369, '7937', 'Boldogasszonyfa', 'Tolna'),
(370, '3884', 'Boldogkőújfalu', 'Tolna'),
(371, '3885', 'Boldogkőváralja', 'Tolna'),
(372, '3794', 'Boldva', 'Csongrád'),
(373, '7517', 'Bolhás', 'Vas'),
(374, '7586', 'Bolhó', 'Baranya'),
(375, '7754', 'Bóly', 'Bács-Kiskun'),
(376, '8992', 'Boncodfölde', 'Zala'),
(377, '7281', 'Bonnya', 'Borsod-Abaúj-Zemplén'),
(378, '9073', 'Bőny', 'Borsod-Abaúj-Zemplén'),
(379, '7187', 'Bonyhád', 'Borsod-Abaúj-Zemplén'),
(380, '7150', 'Bonyhád', 'Borsod-Abaúj-Zemplén'),
(381, '7158', 'Bonyhádvarasd', 'Borsod-Abaúj-Zemplén'),
(382, '9152', 'Börcs', 'Borsod-Abaúj-Zemplén'),
(383, '6795', 'Bordány', 'Borsod-Abaúj-Zemplén'),
(384, '9554', 'Borgáta', 'Nógrád'),
(385, '7756', 'Borjád', 'Veszprém'),
(386, '6445', 'Borota', 'Veszprém'),
(387, '8885', 'Borsfa', 'Baranya'),
(388, '3658', 'Borsodbóta', 'Szabolcs-Szatmár-Bereg'),
(389, '3426', 'Borsodgeszt', 'Baranya'),
(390, '3462', 'Borsodivánka', 'Vas'),
(391, '3672', 'Borsodnádasd', 'Vas'),
(392, '3671', 'Borsodnádasd', 'Borsod-Abaúj-Zemplén'),
(393, '3623', 'Borsodszentgyörgy', 'Vas'),
(394, '3796', 'Borsodszirák', 'Borsod-Abaúj-Zemplén'),
(395, '2644', 'Borsosberény', 'Zala'),
(396, '8479', 'Borszörcsök', 'Zala'),
(397, '8428', 'Borzavár', 'Vas'),
(398, '8772', 'Börzönce', 'Vas'),
(399, '9167', 'Bősárkány', 'Somogy'),
(400, '7811', 'Bosta', 'Szabolcs-Szatmár-Bereg'),
(401, '7475', 'Bőszénfa', 'Tolna'),
(402, '4955', 'Botpalád', 'Győr-Moson-Sopron'),
(403, '7900', 'Botykapeterd', 'Győr-Moson-Sopron'),
(404, '9727', 'Bozsok', 'Zala'),
(405, '3994', 'Bózsva', 'Győr-Moson-Sopron'),
(406, '9752', 'Bozzai', 'Somogy'),
(407, '5527', 'Bucsa', 'Békés'),
(408, '9792', 'Bucsu', 'Vas'),
(409, '8925', 'Bucsuszentlászló', 'Zala'),
(410, '8893', 'Bucsuta', 'Zala'),
(411, '2093', 'Budajenő', 'Pest'),
(412, '2011', 'Budakalász', 'Pest'),
(413, '2092', 'Budakeszi', 'Pest'),
(414, '2040', 'Budaörs', 'Pest'),
(415, '1069', 'Budapest', ''),
(416, '1011', 'Budapest', ''),
(417, '1012', 'Budapest', ''),
(418, '1013', 'Budapest', ''),
(419, '1014', 'Budapest', ''),
(420, '1015', 'Budapest', ''),
(421, '1016', 'Budapest', ''),
(422, '1021', 'Budapest', ''),
(423, '1022', 'Budapest', ''),
(424, '1023', 'Budapest', ''),
(425, '1024', 'Budapest', ''),
(426, '1025', 'Budapest', ''),
(427, '1026', 'Budapest', ''),
(428, '1027', 'Budapest', ''),
(429, '1028', 'Budapest', ''),
(430, '1029', 'Budapest', ''),
(431, '1031', 'Budapest', ''),
(432, '1032', 'Budapest', ''),
(433, '1033', 'Budapest', ''),
(434, '1034', 'Budapest', ''),
(435, '1035', 'Budapest', ''),
(436, '1036', 'Budapest', ''),
(437, '1037', 'Budapest', ''),
(438, '1038', 'Budapest', ''),
(439, '1039', 'Budapest', ''),
(440, '1041', 'Budapest', ''),
(441, '1042', 'Budapest', ''),
(442, '1043', 'Budapest', ''),
(443, '1044', 'Budapest', ''),
(444, '1045', 'Budapest', ''),
(445, '1046', 'Budapest', ''),
(446, '1047', 'Budapest', ''),
(447, '1048', 'Budapest', ''),
(448, '1051', 'Budapest', ''),
(449, '1052', 'Budapest', ''),
(450, '1053', 'Budapest', ''),
(451, '1054', 'Budapest', ''),
(452, '1055', 'Budapest', ''),
(453, '1056', 'Budapest', ''),
(454, '1061', 'Budapest', ''),
(455, '1062', 'Budapest', ''),
(456, '1063', 'Budapest', ''),
(457, '1064', 'Budapest', ''),
(458, '1065', 'Budapest', ''),
(459, '1066', 'Budapest', ''),
(460, '1067', 'Budapest', ''),
(461, '1068', 'Budapest', ''),
(462, '1071', 'Budapest', ''),
(463, '1072', 'Budapest', ''),
(464, '1073', 'Budapest', ''),
(465, '1074', 'Budapest', ''),
(466, '1075', 'Budapest', ''),
(467, '1076', 'Budapest', ''),
(468, '1077', 'Budapest', ''),
(469, '1078', 'Budapest', ''),
(470, '1081', 'Budapest', ''),
(471, '1082', 'Budapest', ''),
(472, '1083', 'Budapest', ''),
(473, '1084', 'Budapest', ''),
(474, '1085', 'Budapest', ''),
(475, '1086', 'Budapest', ''),
(476, '1087', 'Budapest', ''),
(477, '1088', 'Budapest', ''),
(478, '1089', 'Budapest', ''),
(479, '1091', 'Budapest', ''),
(480, '1092', 'Budapest', ''),
(481, '1093', 'Budapest', ''),
(482, '1094', 'Budapest', ''),
(483, '1095', 'Budapest', ''),
(484, '1096', 'Budapest', ''),
(485, '1097', 'Budapest', ''),
(486, '1098', 'Budapest', ''),
(487, '1101', 'Budapest', ''),
(488, '1102', 'Budapest', ''),
(489, '1103', 'Budapest', ''),
(490, '1104', 'Budapest', ''),
(491, '1105', 'Budapest', ''),
(492, '1106', 'Budapest', ''),
(493, '1107', 'Budapest', ''),
(494, '1108', 'Budapest', ''),
(495, '1111', 'Budapest', ''),
(496, '1112', 'Budapest', ''),
(497, '1113', 'Budapest', ''),
(498, '1114', 'Budapest', ''),
(499, '1115', 'Budapest', ''),
(500, '1116', 'Budapest', ''),
(501, '1117', 'Budapest', ''),
(502, '1118', 'Budapest', ''),
(503, '1119', 'Budapest', ''),
(504, '1121', 'Budapest', ''),
(505, '1122', 'Budapest', ''),
(506, '1123', 'Budapest', ''),
(507, '1124', 'Budapest', ''),
(508, '1125', 'Budapest', ''),
(509, '1126', 'Budapest', ''),
(510, '1131', 'Budapest', ''),
(511, '1132', 'Budapest', ''),
(512, '1133', 'Budapest', ''),
(513, '1134', 'Budapest', ''),
(514, '1135', 'Budapest', ''),
(515, '1136', 'Budapest', ''),
(516, '1137', 'Budapest', ''),
(517, '1138', 'Budapest', ''),
(518, '1139', 'Budapest', ''),
(519, '1141', 'Budapest', ''),
(520, '1142', 'Budapest', ''),
(521, '1143', 'Budapest', ''),
(522, '1144', 'Budapest', ''),
(523, '1145', 'Budapest', ''),
(524, '1146', 'Budapest', ''),
(525, '1147', 'Budapest', ''),
(526, '1148', 'Budapest', ''),
(527, '1149', 'Budapest', ''),
(528, '1151', 'Budapest', ''),
(529, '1152', 'Budapest', ''),
(530, '1153', 'Budapest', ''),
(531, '1154', 'Budapest', ''),
(532, '1155', 'Budapest', ''),
(533, '1156', 'Budapest', ''),
(534, '1157', 'Budapest', ''),
(535, '1158', 'Budapest', ''),
(536, '1161', 'Budapest', ''),
(537, '1162', 'Budapest', ''),
(538, '1163', 'Budapest', ''),
(539, '1164', 'Budapest', ''),
(540, '1165', 'Budapest', ''),
(541, '1171', 'Budapest', ''),
(542, '1172', 'Budapest', ''),
(543, '1173', 'Budapest', ''),
(544, '1174', 'Budapest', ''),
(545, '1181', 'Budapest', ''),
(546, '1182', 'Budapest', ''),
(547, '1183', 'Budapest', ''),
(548, '1184', 'Budapest', ''),
(549, '1185', 'Budapest', ''),
(550, '1186', 'Budapest', ''),
(551, '1188', 'Budapest', ''),
(552, '1191', 'Budapest', ''),
(553, '1192', 'Budapest', ''),
(554, '1193', 'Budapest', ''),
(555, '1194', 'Budapest', ''),
(556, '1195', 'Budapest', ''),
(557, '1196', 'Budapest', ''),
(558, '1201', 'Budapest', ''),
(559, '1202', 'Budapest', ''),
(560, '1203', 'Budapest', ''),
(561, '1204', 'Budapest', ''),
(562, '1205', 'Budapest', ''),
(563, '1211', 'Budapest', ''),
(564, '1212', 'Budapest', ''),
(565, '1213', 'Budapest', ''),
(566, '1214', 'Budapest', ''),
(567, '1215', 'Budapest', ''),
(568, '1221', 'Budapest', ''),
(569, '1222', 'Budapest', ''),
(570, '1223', 'Budapest', ''),
(571, '1224', 'Budapest', ''),
(572, '1225', 'Budapest', ''),
(573, '1237', 'Budapest', ''),
(574, '1238', 'Budapest', ''),
(575, '1239', 'Budapest', ''),
(576, '1529', 'Budapest', ''),
(577, '6114', 'Bugac', 'Bács-Kiskun'),
(578, '6114', 'Bugacpusztaháza', 'Bács-Kiskun'),
(579, '2347', 'Bugyi', 'Pest'),
(580, '4483', 'Buj', 'Szabolcs-Szatmár-Bereg'),
(581, '3047', 'Buják', 'Nógrád'),
(582, '9740', 'Bük', 'Somogy'),
(583, '9737', 'Bük', 'Vas'),
(584, '3422', 'Bükkábrány', 'Vas'),
(585, '3554', 'Bükkaranyos', 'Borsod-Abaúj-Zemplén'),
(586, '3648', 'Bükkmogyorósd', 'Borsod-Abaúj-Zemplén'),
(587, '7682', 'Bükkösd', 'Borsod-Abaúj-Zemplén'),
(588, '3335', 'Bükkszék', 'Baranya'),
(589, '3257', 'Bükkszenterzsébet', 'Heves'),
(590, '3557', 'Bükkszentkereszt', 'Heves'),
(591, '3346', 'Bükkszentmárton', 'Borsod-Abaúj-Zemplén'),
(592, '3414', 'Bükkzsérc', 'Heves'),
(593, '7973', 'Bürüs', 'Borsod-Abaúj-Zemplén'),
(594, '7273', 'Büssü', 'Baranya'),
(595, '3821', 'Büttös', 'Somogy'),
(596, '8695', 'Buzsák', 'Borsod-Abaúj-Zemplén'),
(597, '9725', 'Cák', 'Vas'),
(598, '9165', 'Cakóháza', 'Győr-Moson-Sopron'),
(599, '7013', 'Cece', 'Fejér'),
(600, '4732', 'Cégénydányád', 'Szabolcs-Szatmár-Bereg'),
(601, '2738', 'Cegléd', 'Pest'),
(602, '2700', 'Cegléd', 'Pest'),
(603, '2737', 'Ceglédbercel', 'Pest'),
(604, '9541', 'Celldömölk', 'Vas'),
(605, '9500', 'Celldömölk', 'Vas'),
(606, '3123', 'Cered', 'Nógrád'),
(607, '9624', 'Chernelházadamonya', 'Vas'),
(608, '5462', 'Cibakháza', 'Jász-Nagykun-Szolnok'),
(609, '3973', 'Cigánd', 'Borsod-Abaúj-Zemplén'),
(610, '7161', 'Cikó', 'Tolna'),
(611, '9364', 'Cirák', 'Győr-Moson-Sopron'),
(612, '5551', 'Csabacsűd', 'Békés'),
(613, '5609', 'Csabaszabadi', 'Békés'),
(614, '2064', 'Csabdi', 'Fejér'),
(615, '8474', 'Csabrendek', 'Veszprém'),
(616, '9375', 'Csáfordjánosfa', 'Győr-Moson-Sopron'),
(617, '4967', 'Csaholc', 'Szabolcs-Szatmár-Bereg'),
(618, '8163', 'Csajág', 'Veszprém'),
(619, '8735', 'Csákány', 'Somogy'),
(620, '9919', 'Csákánydoroszló', 'Vas'),
(621, '8073', 'Csákberény', 'Fejér'),
(622, '8083', 'Csákvár', 'Fejér'),
(623, '6915', 'Csanádalberti', 'Csongrád'),
(624, '5662', 'Csanádapáca', 'Békés'),
(625, '6913', 'Csanádpalota', 'Csongrád'),
(626, '9654', 'Csánig', 'Vas'),
(627, '3015', 'Csány', 'Heves'),
(628, '7964', 'Csányoszró', 'Baranya'),
(629, '6647', 'Csanytelek', 'Csongrád'),
(630, '8756', 'Csapi', 'Zala'),
(631, '9372', 'Csapod', 'Győr-Moson-Sopron'),
(632, '5621', 'Csárdaszállás', 'Békés'),
(633, '7811', 'Csarnóta', 'Baranya'),
(634, '4844', 'Csaroda', 'Szabolcs-Szatmár-Bereg'),
(635, '2858', 'Császár', 'Komárom-Esztergom'),
(636, '6239', 'Császártöltés', 'Bács-Kiskun'),
(637, '4973', 'Császló', 'Szabolcs-Szatmár-Bereg'),
(638, '6523', 'Csátalja', 'Bács-Kiskun'),
(639, '8943', 'Csatár', 'Zala'),
(640, '5064', 'Csataszög', 'Jász-Nagykun-Szolnok'),
(641, '2888', 'Csatka', 'Komárom-Esztergom'),
(642, '6448', 'Csávoly', 'Bács-Kiskun'),
(643, '7935', 'Csebény', 'Baranya'),
(644, '3052', 'Csécse', 'Nógrád'),
(645, '4742', 'Csegöld', 'Szabolcs-Szatmár-Bereg'),
(646, '8445', 'Csehbánya', 'Veszprém'),
(647, '9833', 'Csehi', 'Vas'),
(648, '9834', 'Csehimindszent', 'Vas'),
(649, '2949', 'Csém', 'Komárom-Esztergom'),
(650, '2713', 'Csemő', 'Pest'),
(651, '9764', 'Csempeszkopács', 'Vas'),
(652, '6765', 'Csengele', 'Csongrád'),
(653, '4765', 'Csenger', 'Szabolcs-Szatmár-Bereg'),
(654, '4743', 'Csengersima', 'Szabolcs-Szatmár-Bereg'),
(655, '4764', 'Csengerújfalu', 'Szabolcs-Szatmár-Bereg'),
(656, '6222', 'Csengőd', 'Bács-Kiskun'),
(657, '9611', 'Csénye', 'Vas'),
(658, '3837', 'Csenyéte', 'Borsod-Abaúj-Zemplén'),
(659, '2946', 'Csép', 'Komárom-Esztergom'),
(660, '5475', 'Csépa', 'Jász-Nagykun-Szolnok'),
(661, '9735', 'Csepreg', 'Vas'),
(662, '9375', 'Csér', 'Győr-Moson-Sopron'),
(663, '7683', 'Cserdi', 'Baranya'),
(664, '7472', 'Cserénfa', 'Somogy'),
(665, '3413', 'Cserépfalu', 'Borsod-Abaúj-Zemplén'),
(666, '3417', 'Cserépváralja', 'Borsod-Abaúj-Zemplén'),
(667, '2694', 'Cserháthaláp', 'Nógrád'),
(668, '2676', 'Cserhátsurány', 'Nógrád'),
(669, '3066', 'Cserhátszentiván', 'Nógrád'),
(670, '5465', 'Cserkeszőlő', 'Jász-Nagykun-Szolnok'),
(671, '7673', 'Cserkút', 'Baranya'),
(672, '3648', 'Csernely', 'Borsod-Abaúj-Zemplén'),
(673, '8372', 'Cserszegtomaj', 'Zala'),
(674, '8951', 'Csertalakos', 'Zala'),
(675, '7900', 'Csertő', 'Baranya'),
(676, '8419', 'Csesznek', 'Veszprém'),
(677, '8973', 'Csesztreg', 'Zala'),
(678, '2678', 'Csesztve', 'Nógrád'),
(679, '8417', 'Csetény', 'Veszprém'),
(680, '2212', 'Csévharaszt', 'Pest'),
(681, '7225', 'Csibrák', 'Tolna'),
(682, '6424', 'Csikéria', 'Bács-Kiskun'),
(683, '7341', 'Csikóstőttős', 'Tolna'),
(684, '9127', 'Csikvánd', 'Győr-Moson-Sopron'),
(685, '3442', 'Csincse', 'Borsod-Abaúj-Zemplén'),
(686, '9836', 'Csipkerek', 'Vas'),
(687, '2673', 'Csitár', 'Nógrád'),
(688, '3848', 'Csobád', 'Borsod-Abaúj-Zemplén'),
(689, '3927', 'Csobaj', 'Borsod-Abaúj-Zemplén'),
(690, '2014', 'Csobánka', 'Pest'),
(691, '8999', 'Csöde', 'Fejér'),
(692, '8495', 'Csögle', 'Somogy'),
(693, '8074', 'Csókakő', 'Borsod-Abaúj-Zemplén'),
(694, '4145', 'Csökmő', 'Komárom-Esztergom'),
(695, '7526', 'Csököly', 'Bács-Kiskun'),
(696, '7555', 'Csokonyavisonta', 'Somogy'),
(697, '3647', 'Csokvaomány', 'Pest'),
(698, '2521', 'Csolnok', 'Somogy'),
(699, '6135', 'Csólyospálos', 'Csongrád'),
(700, '7253', 'Csoma', 'Csongrád'),
(701, '2161', 'Csomád', 'Zala'),
(702, '7432', 'Csombárd', 'Baranya'),
(703, '8700', 'Csömend', 'Veszprém'),
(704, '8957', 'Csömödér', 'Fejér'),
(705, '2141', 'Csömör', 'Győr-Moson-Sopron'),
(706, '9513', 'Csönge', 'Békés'),
(707, '6648', 'Csongrád', 'Veszprém'),
(708, '6640', 'Csongrád', 'Zala'),
(709, '8918', 'Csonkahegyhát', 'Veszprém'),
(710, '7940', 'Csonkamindszent', 'Hajdú-Bihar'),
(711, '8229', 'Csopak', 'Somogy'),
(712, '8041', 'Csór', 'Somogy'),
(713, '9300', 'Csorna', 'Zala'),
(714, '8873', 'Csörnyeföld', 'Pest'),
(715, '9962', 'Csörötnek', 'Vas'),
(716, '5920', 'Csorvás', 'Zala'),
(717, '8122', 'Csősz', 'Vas'),
(718, '8558', 'Csót', 'Fejér'),
(719, '2615', 'Csővár', 'Pest'),
(720, '8840', 'Csurgó', 'Somogy'),
(721, '8840', 'Csurgónagymarton', 'Somogy'),
(722, '7843', 'Cún', 'Baranya'),
(723, '2373', 'Dabas', 'Pest'),
(724, '2371', 'Dabas', 'Pest'),
(725, '2370', 'Dabas', 'Pest'),
(726, '8345', 'Dabronc', 'Veszprém'),
(727, '8485', 'Dabrony', 'Veszprém'),
(728, '2854', 'Dad', 'Komárom-Esztergom'),
(729, '2522', 'Dág', 'Komárom-Esztergom'),
(730, '8592', 'Dáka', 'Veszprém'),
(731, '7211', 'Dalmand', 'Tolna'),
(732, '3780', 'Damak', 'Borsod-Abaúj-Zemplén'),
(733, '3978', 'Dámóc', 'Borsod-Abaúj-Zemplén'),
(734, '2735', 'Dánszentmiklós', 'Pest'),
(735, '2118', 'Dány', 'Pest'),
(736, '9917', 'Daraboshegy', 'Vas'),
(737, '7988', 'Darány', 'Somogy'),
(738, '4737', 'Darnó', 'Szabolcs-Szatmár-Bereg'),
(739, '9232', 'Darnózseli', 'Győr-Moson-Sopron'),
(740, '4144', 'Darvas', 'Hajdú-Bihar'),
(741, '6524', 'Dávod', 'Bács-Kiskun'),
(742, '2694', 'Debercsény', 'Nógrád'),
(743, '4079', 'Debrecen', 'Hajdú-Bihar'),
(744, '4078', 'Debrecen', 'Hajdú-Bihar'),
(745, '4225', 'Debrecen', 'Hajdú-Bihar'),
(746, '4063', 'Debrecen', 'Hajdú-Bihar'),
(747, '4000', 'Debrecen', 'Hajdú-Bihar'),
(748, '4002', 'Debrecen', 'Hajdú-Bihar'),
(749, '4024', 'Debrecen', 'Hajdú-Bihar'),
(750, '4025', 'Debrecen', 'Hajdú-Bihar'),
(751, '4026', 'Debrecen', 'Hajdú-Bihar'),
(752, '4027', 'Debrecen', 'Hajdú-Bihar'),
(753, '4028', 'Debrecen', 'Hajdú-Bihar'),
(754, '4029', 'Debrecen', 'Hajdú-Bihar'),
(755, '4030', 'Debrecen', 'Hajdú-Bihar'),
(756, '4031', 'Debrecen', 'Hajdú-Bihar'),
(757, '4032', 'Debrecen', 'Hajdú-Bihar'),
(758, '4033', 'Debrecen', 'Hajdú-Bihar'),
(759, '4034', 'Debrecen', 'Hajdú-Bihar'),
(760, '3825', 'Debréte', 'Borsod-Abaúj-Zemplén'),
(761, '7144', 'Decs', 'Tolna'),
(762, '3643', 'Dédestapolcsány', 'Borsod-Abaúj-Zemplén'),
(763, '8135', 'Dég', 'Fejér'),
(764, '2649', 'Dejtár', 'Nógrád'),
(765, '2337', 'Délegyháza', 'Pest'),
(766, '4516', 'Demecser', 'Szabolcs-Szatmár-Bereg'),
(767, '3395', 'Demjén', 'Heves'),
(768, '7915', 'Dencsháza', 'Baranya'),
(769, '9365', 'Dénesfa', 'Győr-Moson-Sopron'),
(770, '4130', 'Derecske', 'Hajdú-Bihar'),
(771, '6621', 'Derekegyház', 'Csongrád'),
(772, '6772', 'Deszk', 'Csongrád'),
(773, '3834', 'Detek', 'Borsod-Abaúj-Zemplén'),
(774, '3275', 'Detk', 'Heves'),
(775, '5510', 'Dévaványa', 'Békés'),
(776, '8460', 'Devecser', 'Veszprém'),
(777, '7683', 'Dinnyeberki', 'Baranya'),
(778, '7072', 'Diósberény', 'Tolna'),
(779, '2049', 'Diósd', 'Pest'),
(780, '2643', 'Diósjenő', 'Nógrád'),
(781, '8764', 'Dióskál', 'Zala'),
(782, '7817', 'Diósviszló', 'Baranya'),
(783, '8482', 'Doba', 'Veszprém'),
(784, '9914', 'Döbörhegy', 'Békés'),
(785, '5624', 'Doboz', 'Zala'),
(786, '8874', 'Dobri', 'Zala'),
(787, '8357', 'Döbröce', 'Csongrád'),
(788, '7228', 'Döbrököz', 'Borsod-Abaúj-Zemplén'),
(789, '8989', 'Dobronhegy', 'Csongrád'),
(790, '8597', 'Döbrönte', 'Békés'),
(791, '6766', 'Dóc', 'Békés'),
(792, '4495', 'Döge', 'Tolna'),
(793, '3627', 'Domaháza', 'Szabolcs-Szatmár-Bereg'),
(794, '6781', 'Domaszék', 'Pest'),
(795, '5836', 'Dombegyház', 'Heves'),
(796, '5745', 'Dombiratos', 'Heves'),
(797, '7200', 'Dombóvár', 'Komárom-Esztergom'),
(798, '4492', 'Dombrád', 'Nógrád'),
(799, '2182', 'Domony', 'Vas'),
(800, '2027', 'Dömös', 'Vas'),
(801, '3263', 'Domoszló', 'Zala'),
(802, '2344', 'Dömsöd', 'Tolna'),
(803, '9147', 'Dör', 'Veszprém'),
(804, '8244', 'Dörgicse', 'Szabolcs-Szatmár-Bereg'),
(805, '3374', 'Dormánd', 'Komárom-Esztergom'),
(806, '2510', 'Dorog', 'Pest'),
(807, '3153', 'Dorogháza', 'Győr-Moson-Sopron'),
(808, '9913', 'Döröske', 'Veszprém'),
(809, '8799', 'Dötk', 'Vas'),
(810, '3721', 'Dövény', 'Zala'),
(811, '9791', 'Dozmat', 'Borsod-Abaúj-Zemplén'),
(812, '6342', 'Drágszél', 'Bács-Kiskun'),
(813, '7849', 'Drávacsehi', 'Baranya'),
(814, '7846', 'Drávacsepely', 'Baranya'),
(815, '7967', 'Drávafok', 'Baranya'),
(816, '7977', 'Drávagárdony', 'Somogy'),
(817, '7960', 'Drávaiványi', 'Baranya'),
(818, '7967', 'Drávakeresztúr', 'Baranya'),
(819, '7850', 'Drávapalkonya', 'Baranya'),
(820, '7843', 'Drávapiski', 'Baranya'),
(821, '7851', 'Drávaszabolcs', 'Baranya'),
(822, '7847', 'Drávaszerdahely', 'Baranya'),
(823, '7960', 'Drávasztára', 'Baranya'),
(824, '7979', 'Drávatamási', 'Somogy'),
(825, '2646', 'Drégelypalánk', 'Nógrád'),
(826, '3635', 'Dubicsány', 'Borsod-Abaúj-Zemplén'),
(827, '8416', 'Dudar', 'Veszprém'),
(828, '9556', 'Duka', 'Vas'),
(829, '2545', 'Dunaalmás', 'Komárom-Esztergom'),
(830, '2023', 'Dunabogdány', 'Pest'),
(831, '6323', 'Dunaegyháza', 'Bács-Kiskun'),
(832, '6513', 'Dunafalva', 'Bács-Kiskun'),
(833, '7020', 'Dunaföldvár', 'Tolna'),
(834, '2330', 'Dunaharaszti', 'Pest'),
(835, '2120', 'Dunakeszi', 'Pest'),
(836, '9225', 'Dunakiliti', 'Győr-Moson-Sopron'),
(837, '6328', 'Dunapataj', 'Bács-Kiskun'),
(838, '9235', 'Dunaremete', 'Győr-Moson-Sopron'),
(839, '9174', 'Dunaszeg', 'Győr-Moson-Sopron'),
(840, '7712', 'Dunaszekcső', 'Baranya'),
(841, '6333', 'Dunaszentbenedek', 'Bács-Kiskun'),
(842, '7135', 'Dunaszentgyörgy', 'Tolna'),
(843, '2897', 'Dunaszentmiklós', 'Komárom-Esztergom'),
(844, '9175', 'Dunaszentpál', 'Győr-Moson-Sopron'),
(845, '9226', 'Dunasziget', 'Győr-Moson-Sopron'),
(846, '6325', 'Dunatetétlen', 'Bács-Kiskun'),
(847, '2407', 'Dunaújváros', 'Fejér'),
(848, '2400', 'Dunaújváros', 'Fejér'),
(849, '2336', 'Dunavarsány', 'Pest'),
(850, '6087', 'Dunavecse', 'Bács-Kiskun'),
(851, '6353', 'Dusnok', 'Bács-Kiskun'),
(852, '7224', 'Dúzs', 'Tolna'),
(853, '9451', 'Ebergőc', 'Győr-Moson-Sopron'),
(854, '4211', 'Ebes', 'Hajdú-Bihar'),
(855, '9083', 'Écs', 'Győr-Moson-Sopron'),
(856, '3013', 'Ecséd', 'Heves'),
(857, '3053', 'Ecseg', 'Nógrád'),
(858, '5515', 'Ecsegfalva', 'Békés'),
(859, '7457', 'Ecseny', 'Somogy'),
(860, '2233', 'Ecser', 'Pest'),
(861, '7443', 'Edde', 'Somogy'),
(862, '3783', 'Edelény', 'Borsod-Abaúj-Zemplén'),
(863, '3780', 'Edelény', 'Borsod-Abaúj-Zemplén'),
(864, '9343', 'Edve', 'Győr-Moson-Sopron'),
(865, '3304', 'Eger', 'Heves'),
(866, '3323', 'Eger', 'Heves'),
(867, '3300', 'Eger', 'Heves'),
(868, '7763', 'Egerág', 'Baranya'),
(869, '8497', 'Egeralja', 'Veszprém'),
(870, '8765', 'Egeraracsa', 'Zala'),
(871, '3321', 'Egerbakta', 'Heves'),
(872, '3337', 'Egerbocs', 'Heves'),
(873, '3341', 'Egercsehi', 'Heves'),
(874, '3379', 'Egerfarmos', 'Heves'),
(875, '3461', 'Egerlövő', 'Borsod-Abaúj-Zemplén'),
(876, '3394', 'Egerszalók', 'Heves'),
(877, '3757', 'Égerszög', 'Heves'),
(878, '3328', 'Egerszólát', 'Borsod-Abaúj-Zemplén'),
(879, '8913', 'Egervár', 'Zala'),
(880, '9684', 'Egervölgy', 'Vas'),
(881, '9314', 'Egyed', 'Győr-Moson-Sopron'),
(882, '4067', 'Egyek', 'Hajdú-Bihar'),
(883, '4069', 'Egyek', 'Hajdú-Bihar'),
(884, '3043', 'Egyházasdengeleg', 'Nógrád'),
(885, '9473', 'Egyházasfalu', 'Győr-Moson-Sopron'),
(886, '3185', 'Egyházasgerge', 'Nógrád'),
(887, '7824', 'Egyházasharaszti', 'Baranya'),
(888, '9554', 'Egyházashetye', 'Vas'),
(889, '9781', 'Egyházashollós', 'Vas'),
(890, '8523', 'Egyházaskesző', 'Veszprém'),
(891, '7347', 'Egyházaskozár', 'Baranya'),
(892, '9783', 'Egyházasrádóc', 'Vas'),
(893, '5742', 'Elek', 'Békés'),
(894, '7744', 'Ellend', 'Baranya'),
(895, '2423', 'Előszállás', 'Fejér'),
(896, '2424', 'Előszállás', 'Fejér'),
(897, '3432', 'Emőd', 'Borsod-Abaúj-Zemplén'),
(898, '3854', 'Encs', 'Borsod-Abaúj-Zemplén'),
(899, '3860', 'Encs', 'Borsod-Abaúj-Zemplén'),
(900, '4374', 'Encsencs', 'Szabolcs-Szatmár-Bereg'),
(901, '3165', 'Endrefalva', 'Nógrád'),
(902, '7973', 'Endrőc', 'Baranya'),
(903, '9143', 'Enese', 'Győr-Moson-Sopron'),
(904, '8131', 'Enying', 'Fejér'),
(905, '8130', 'Enying', 'Fejér'),
(906, '6624', 'Eperjes', 'Csongrád'),
(907, '4646', 'Eperjeske', 'Szabolcs-Szatmár-Bereg'),
(908, '8413', 'Eplény', 'Veszprém'),
(909, '2526', 'Epöl', 'Komárom-Esztergom'),
(910, '2453', 'Ercsi', 'Fejér'),
(911, '2451', 'Ercsi', 'Fejér'),
(912, '2036', 'Érd', 'Pest'),
(913, '2035', 'Érd', 'Pest'),
(914, '2030', 'Érd', 'Pest'),
(915, '3932', 'Erdőbénye', 'Borsod-Abaúj-Zemplén'),
(916, '3935', 'Erdőhorváti', 'Borsod-Abaúj-Zemplén'),
(917, '2113', 'Erdőkertes', 'Pest'),
(918, '3252', 'Erdőkövesd', 'Heves'),
(919, '2176', 'Erdőkürt', 'Nógrád'),
(920, '7735', 'Erdősmárok', 'Baranya'),
(921, '7723', 'Erdősmecske', 'Baranya'),
(922, '2177', 'Erdőtarcsa', 'Nógrád'),
(923, '3358', 'Erdőtelek', 'Heves'),
(924, '3295', 'Erk', 'Heves'),
(925, '4245', 'Érpatak', 'Szabolcs-Szatmár-Bereg'),
(926, '6347', 'Érsekcsanád', 'Bács-Kiskun'),
(927, '6348', 'Érsekhalma', 'Bács-Kiskun'),
(928, '2659', 'Érsekvadkert', 'Nógrád'),
(929, '7093', 'Értény', 'Tolna'),
(930, '7661', 'Erzsébet', 'Baranya'),
(931, '4124', 'Esztár', 'Hajdú-Bihar'),
(932, '8882', 'Eszteregnye', 'Zala'),
(933, '8742', 'Esztergályhorváti', 'Zala'),
(934, '2509', 'Esztergom', 'Komárom-Esztergom'),
(935, '2500', 'Esztergom', 'Komárom-Esztergom'),
(936, '2947', 'Ete', 'Komárom-Esztergom'),
(937, '3136', 'Etes', 'Nógrád'),
(938, '2091', 'Etyek', 'Fejér'),
(939, '4354', 'Fábiánháza', 'Szabolcs-Szatmár-Bereg'),
(940, '6625', 'Fábiánsebestyén', 'Csongrád'),
(941, '7136', 'Fácánkert', 'Tolna'),
(942, '7139', 'Fadd', 'Tolna'),
(943, '7133', 'Fadd', 'Tolna'),
(944, '3865', 'Fáj', 'Borsod-Abaúj-Zemplén'),
(945, '6352', 'Fajsz', 'Bács-Kiskun'),
(946, '3855', 'Fancsal', 'Borsod-Abaúj-Zemplén'),
(947, '9321', 'Farád', 'Győr-Moson-Sopron'),
(948, '8582', 'Farkasgyepű', 'Veszprém'),
(949, '3608', 'Farkaslyuk', 'Borsod-Abaúj-Zemplén'),
(950, '2765', 'Farmos', 'Pest'),
(951, '7732', 'Fazekasboda', 'Baranya'),
(952, '3255', 'Fedémes', 'Heves'),
(953, '5213', 'Fegyvernek', 'Jász-Nagykun-Szolnok'),
(954, '5231', 'Fegyvernek', 'Jász-Nagykun-Szolnok'),
(955, '4900', 'Fehérgyarmat', 'Szabolcs-Szatmár-Bereg'),
(956, '9163', 'Fehértó', 'Győr-Moson-Sopron'),
(957, '8052', 'Fehérvárcsurgó', 'Fejér'),
(958, '7724', 'Feked', 'Baranya'),
(959, '9211', 'Feketeerdő', 'Győr-Moson-Sopron'),
(960, '8086', 'Felcsút', 'Fejér'),
(961, '3352', 'Feldebrő', 'Heves'),
(962, '6645', 'Felgyő', 'Csongrád'),
(963, '9122', 'Felpéc', 'Győr-Moson-Sopron'),
(964, '3985', 'Felsőberecki', 'Borsod-Abaúj-Zemplén'),
(965, '9794', 'Felsőcsatár', 'Vas'),
(966, '3847', 'Felsődobsza', 'Borsod-Abaúj-Zemplén'),
(967, '7370', 'Felsőegerszeg', 'Baranya'),
(968, '3837', 'Felsőgagy', 'Borsod-Abaúj-Zemplén'),
(969, '9934', 'Felsőjánosfa', 'Vas'),
(970, '3722', 'Felsőkelecsény', 'Borsod-Abaúj-Zemplén'),
(971, '6055', 'Felsőlajos', 'Bács-Kiskun'),
(972, '9918', 'Felsőmarác', 'Vas'),
(973, '7456', 'Felsőmocsolád', 'Somogy'),
(974, '7175', 'Felsőnána', 'Tolna'),
(975, '3721', 'Felsőnyárád', 'Borsod-Abaúj-Zemplén'),
(976, '7099', 'Felsőnyék', 'Tolna'),
(977, '8227', 'Felsőörs', 'Veszprém'),
(978, '8380', 'Felsőpáhok', 'Zala'),
(979, '2363', 'Felsőpakony', 'Pest'),
(980, '2611', 'Felsőpetény', 'Nógrád'),
(981, '8767', 'Felsőrajk', 'Zala'),
(982, '3989', 'Felsőregmec', 'Borsod-Abaúj-Zemplén'),
(983, '8973', 'Felsőszenterzsébet', 'Zala'),
(984, '6447', 'Felsőszentiván', 'Bács-Kiskun'),
(985, '7968', 'Felsőszentmárton', 'Baranya'),
(986, '9985', 'Felsőszölnök', 'Vas'),
(987, '3324', 'Felsőtárkány', 'Heves'),
(988, '3735', 'Felsőtelekes', 'Borsod-Abaúj-Zemplén'),
(989, '3067', 'Felsőtold', 'Nógrád'),
(990, '3814', 'Felsővadász', 'Borsod-Abaúj-Zemplén'),
(991, '3561', 'Felsőzsolca', 'Borsod-Abaúj-Zemplén'),
(992, '4621', 'Fényeslitke', 'Szabolcs-Szatmár-Bereg'),
(993, '8432', 'Fenyőfő', 'Veszprém'),
(994, '6774', 'Ferencszállás', 'Csongrád'),
(995, '9493', 'Fertőboz', 'Győr-Moson-Sopron'),
(996, '9433', 'Fertőd', 'Győr-Moson-Sopron'),
(997, '9431', 'Fertőd', 'Győr-Moson-Sopron'),
(998, '9442', 'Fertőendréd', 'Győr-Moson-Sopron'),
(999, '9492', 'Fertőhomok', 'Győr-Moson-Sopron'),
(1000, '9421', 'Fertőrákos', 'Győr-Moson-Sopron'),
(1001, '9444', 'Fertőszentmiklós', 'Győr-Moson-Sopron'),
(1002, '9436', 'Fertőszéplak', 'Győr-Moson-Sopron'),
(1003, '7282', 'Fiad', 'Somogy'),
(1004, '3994', 'Filkeháza', 'Borsod-Abaúj-Zemplén'),
(1005, '8835', 'Fityeház', 'Zala'),
(1006, '6331', 'Foktő', 'Bács-Kiskun'),
(1007, '6922', 'Földeák', 'Hajdú-Bihar'),
(1008, '4177', 'Földes', 'Somogy'),
(1009, '4090', 'Folyás', 'Borsod-Abaúj-Zemplén'),
(1010, '7271', 'Fonó', 'Somogy'),
(1011, '3893', 'Fony', 'Somogy'),
(1012, '8732', 'Főnyed', 'Csongrád'),
(1013, '8644', 'Fonyód', 'Borsod-Abaúj-Zemplén'),
(1014, '8640', 'Fonyód', 'Pest'),
(1015, '6793', 'Forráskút', 'Csongrád'),
(1016, '3849', 'Forró', 'Hajdú-Bihar'),
(1017, '2151', 'Fót', 'Somogy'),
(1018, '8157', 'Füle', 'Borsod-Abaúj-Zemplén'),
(1019, '4964', 'Fülesd', 'Hajdú-Bihar'),
(1020, '3864', 'Fulókércs', 'Fejér'),
(1021, '4266', 'Fülöp', 'Szabolcs-Szatmár-Bereg'),
(1022, '6042', 'Fülöpháza', 'Hajdú-Bihar'),
(1023, '6116', 'Fülöpjakab', 'Bács-Kiskun'),
(1024, '6085', 'Fülöpszállás', 'Bács-Kiskun'),
(1025, '4754', 'Fülpösdaróc', 'Bács-Kiskun'),
(1026, '7087', 'Fürged', 'Szabolcs-Szatmár-Bereg'),
(1027, '4141', 'Furta', 'Tolna'),
(1028, '3996', 'Füzér', 'Borsod-Abaúj-Zemplén'),
(1029, '3994', 'Füzérkajata', 'Borsod-Abaúj-Zemplén'),
(1030, '3997', 'Füzérkomlós', 'Borsod-Abaúj-Zemplén'),
(1031, '3993', 'Füzérradvány', 'Borsod-Abaúj-Zemplén'),
(1032, '3390', 'Füzesabony', 'Heves'),
(1033, '5525', 'Füzesgyarmat', 'Békés'),
(1034, '8777', 'Füzvölgy', 'Zala'),
(1035, '4122', 'Gáborján', 'Hajdú-Bihar'),
(1036, '8969', 'Gáborjánháza', 'Zala'),
(1037, '4972', 'Gacsály', 'Szabolcs-Szatmár-Bereg'),
(1038, '7276', 'Gadács', 'Somogy'),
(1039, '8716', 'Gadány', 'Somogy'),
(1040, '3815', 'Gadna', 'Borsod-Abaúj-Zemplén'),
(1041, '5932', 'Gádoros', 'Békés'),
(1042, '3837', 'Gagyapáti', 'Borsod-Abaúj-Zemplén'),
(1043, '3817', 'Gagybátor', 'Borsod-Abaúj-Zemplén'),
(1044, '3816', 'Gagyvendégi', 'Borsod-Abaúj-Zemplén'),
(1045, '8754', 'Galambok', 'Zala'),
(1046, '2686', 'Galgaguta', 'Nógrád'),
(1047, '2681', 'Galgagyörk', 'Pest'),
(1048, '2193', 'Galgahévíz', 'Pest'),
(1049, '2183', 'Galgamácsa', 'Pest'),
(1050, '7473', 'Gálosfa', 'Somogy'),
(1051, '3752', 'Galvács', 'Borsod-Abaúj-Zemplén'),
(1052, '8685', 'Gamás', 'Somogy'),
(1053, '8597', 'Ganna', 'Veszprém'),
(1054, '8082', 'Gánt', 'Fejér'),
(1055, '6522', 'Gara', 'Bács-Kiskun'),
(1056, '3067', 'Garáb', 'Nógrád'),
(1057, '8747', 'Garabonc', 'Zala'),
(1058, '3873', 'Garadna', 'Borsod-Abaúj-Zemplén'),
(1059, '4976', 'Garbolc', 'Szabolcs-Szatmár-Bereg'),
(1060, '2484', 'Gárdony', 'Fejér'),
(1061, '2485', 'Gárdony', 'Fejér'),
(1062, '2483', 'Gárdony', 'Fejér'),
(1063, '7812', 'Garé', 'Baranya'),
(1064, '9952', 'Gasztony', 'Vas'),
(1065, '6111', 'Gátér', 'Bács-Kiskun'),
(1066, '4471', 'Gávavencsellő', 'Szabolcs-Szatmár-Bereg'),
(1067, '4472', 'Gávavencsellő', 'Szabolcs-Szatmár-Bereg'),
(1068, '4754', 'Géberjén', 'Szabolcs-Szatmár-Bereg'),
(1069, '8543', 'Gecse', 'Veszprém'),
(1070, '6334', 'Géderlak', 'Bács-Kiskun'),
(1071, '4517', 'Gégény', 'Szabolcs-Szatmár-Bereg'),
(1072, '3444', 'Gelej', 'Borsod-Abaúj-Zemplén'),
(1073, '4935', 'Gelénes', 'Szabolcs-Szatmár-Bereg'),
(1074, '8981', 'Gellénháza', 'Zala'),
(1075, '8774', 'Gelse', 'Zala'),
(1076, '8774', 'Gelsesziget', 'Zala'),
(1077, '4567', 'Gemzse', 'Szabolcs-Szatmár-Bereg'),
(1078, '9721', 'Gencsapáti', 'Vas'),
(1079, '9672', 'Gérce', 'Vas'),
(1080, '7951', 'Gerde', 'Baranya'),
(1081, '5925', 'Gerendás', 'Békés'),
(1082, '7362', 'Gerényes', 'Baranya'),
(1083, '7733', 'Geresdlak', 'Baranya'),
(1084, '7134', 'Gerjen', 'Tolna'),
(1085, '9813', 'Gersekarát', 'Vas'),
(1086, '5734', 'Geszt', 'Békés'),
(1087, '3923', 'Gesztely', 'Borsod-Abaúj-Zemplén'),
(1088, '3715', 'Gesztely', 'Borsod-Abaúj-Zemplén'),
(1089, '4232', 'Geszteréd', 'Szabolcs-Szatmár-Bereg'),
(1090, '8762', 'Gétye', 'Zala'),
(1091, '8435', 'Gic', 'Veszprém'),
(1092, '7527', 'Gige', 'Somogy'),
(1093, '7954', 'Gilvánfa', 'Baranya'),
(1094, '3578', 'Girincs', 'Borsod-Abaúj-Zemplén'),
(1095, '2131', 'Göd', 'Veszprém'),
(1096, '2132', 'Göd', 'Borsod-Abaúj-Zemplén'),
(1097, '2100', 'Gödöllő', 'Pest'),
(1098, '7386', 'Gödre', 'Zala'),
(1099, '7385', 'Gödre', 'Vas'),
(1100, '8346', 'Gógánfa', 'Baranya'),
(1101, '7272', 'Gölle', 'Zala'),
(1102, '3906', 'Golop', 'Pest'),
(1103, '2217', 'Gomba', 'Pest'),
(1104, '8984', 'Gombosszeg', 'Pest'),
(1105, '3728', 'Gömörszőlős', 'Baranya'),
(1106, '3895', 'Gönc', 'Baranya'),
(1107, '3894', 'Göncruszka', 'Somogy'),
(1108, '9071', 'Gönyű', 'Borsod-Abaúj-Zemplén'),
(1109, '9625', 'Gór', 'Borsod-Abaúj-Zemplén'),
(1110, '4075', 'Görbeháza', 'Borsod-Abaúj-Zemplén'),
(1111, '7833', 'Görcsöny', 'Győr-Moson-Sopron'),
(1112, '7728', 'Görcsönydoboka', 'Hajdú-Bihar'),
(1113, '7853', 'Gordisa', 'Baranya'),
(1114, '7553', 'Görgeteg', 'Baranya'),
(1115, '8913', 'Gősfa', 'Somogy'),
(1116, '8978', 'Gosztola', 'Zala'),
(1117, '7162', 'Grábóc', 'Tolna'),
(1118, '4842', 'Gulács', 'Szabolcs-Szatmár-Bereg'),
(1119, '8951', 'Gutorfölde', 'Zala'),
(1120, '2360', 'Gyál', 'Pest'),
(1121, '9474', 'Gyalóka', 'Győr-Moson-Sopron'),
(1122, '9774', 'Gyanógeregye', 'Vas'),
(1123, '9126', 'Gyarmat', 'Győr-Moson-Sopron'),
(1124, '8851', 'Gyékényes', 'Somogy'),
(1125, '8315', 'Gyenesdiás', 'Zala'),
(1126, '8473', 'Gyepükaján', 'Veszprém'),
(1127, '2821', 'Gyermely', 'Komárom-Esztergom'),
(1128, '7668', 'Gyód', 'Baranya'),
(1129, '5502', 'Gyomaendrőd', 'Békés'),
(1130, '5500', 'Gyomaendrőd', 'Békés'),
(1131, '9124', 'Gyömöre', 'Győr-Moson-Sopron'),
(1132, '2230', 'Gyömrő', 'Győr-Moson-Sopron'),
(1133, '7954', 'Gyöngyfa', 'Pest'),
(1134, '3221', 'Gyöngyös', 'Baranya'),
(1135, '3232', 'Gyöngyös', 'Heves'),
(1136, '3233', 'Gyöngyös', 'Heves'),
(1137, '3200', 'Gyöngyös', 'Heves'),
(1138, '9723', 'Gyöngyösfalu', 'Heves'),
(1139, '3212', 'Gyöngyöshalász', 'Vas'),
(1140, '7972', 'Gyöngyösmellék', 'Heves'),
(1141, '3211', 'Gyöngyösoroszi', 'Baranya'),
(1142, '3035', 'Gyöngyöspata', 'Heves'),
(1143, '3231', 'Gyöngyössolymos', 'Heves'),
(1144, '3036', 'Gyöngyöstarján', 'Heves'),
(1145, '7064', 'Gyönk', 'Heves'),
(1146, '9019', 'Győr', 'Tolna'),
(1147, '9011', 'Győr', 'Győr-Moson-Sopron'),
(1148, '9012', 'Győr', 'Győr-Moson-Sopron'),
(1149, '9000', 'Győr', 'Győr-Moson-Sopron'),
(1150, '9021', 'Győr', 'Győr-Moson-Sopron'),
(1151, '9022', 'Győr', 'Győr-Moson-Sopron'),
(1152, '9023', 'Győr', 'Győr-Moson-Sopron'),
(1153, '9024', 'Győr', 'Győr-Moson-Sopron'),
(1154, '9025', 'Győr', 'Győr-Moson-Sopron'),
(1155, '9026', 'Győr', 'Győr-Moson-Sopron'),
(1156, '9027', 'Győr', 'Győr-Moson-Sopron'),
(1157, '9028', 'Győr', 'Győr-Moson-Sopron'),
(1158, '9029', 'Győr', 'Győr-Moson-Sopron'),
(1159, '9030', 'Győr', 'Győr-Moson-Sopron'),
(1160, '9093', 'Győrasszonyfa', 'Győr-Moson-Sopron'),
(1161, '7352', 'Györe', 'Győr-Moson-Sopron'),
(1162, '3954', 'Györgytarló', 'Tolna'),
(1163, '7045', 'Györköny', 'Borsod-Abaúj-Zemplén'),
(1164, '9173', 'Győrladamér', 'Tolna'),
(1165, '9363', 'Gyóró', 'Győr-Moson-Sopron'),
(1166, '4625', 'Győröcske', 'Szabolcs-Szatmár-Bereg'),
(1167, '9084', 'Győrság', 'Győr-Moson-Sopron'),
(1168, '9161', 'Győrsövényház', 'Győr-Moson-Sopron'),
(1169, '9121', 'Győrszemere', 'Győr-Moson-Sopron'),
(1170, '4752', 'Győrtelek', 'Szabolcs-Szatmár-Bereg'),
(1171, '9081', 'Győrújbarát', 'Győr-Moson-Sopron'),
(1172, '9171', 'Győrújfalu', 'Győr-Moson-Sopron'),
(1173, '9821', 'Győrvár', 'Vas'),
(1174, '9172', 'Győrzámoly', 'Győr-Moson-Sopron'),
(1175, '8692', 'Gyugy', 'Somogy'),
(1176, '4733', 'Gyügye', 'Békés'),
(1177, '5711', 'Gyula', 'Békés'),
(1178, '5703', 'Gyula', 'Békés'),
(1179, '5700', 'Gyula', 'Szabolcs-Szatmár-Bereg'),
(1180, '4545', 'Gyulaháza', 'Tolna'),
(1181, '7227', 'Gyulaj', 'Veszprém'),
(1182, '8286', 'Gyulakeszi', 'Fejér'),
(1183, '4813', 'Gyüre', 'Szabolcs-Szatmár-Bereg'),
(1184, '2464', 'Gyúró', 'Szabolcs-Szatmár-Bereg'),
(1185, '8932', 'Gyűrűs', 'Zala'),
(1186, '8694', 'Hács', 'Somogy'),
(1187, '8992', 'Hagyárosbörönd', 'Zala'),
(1188, '8771', 'Hahót', 'Zala'),
(1189, '4273', 'Hajdúbagos', 'Hajdú-Bihar'),
(1190, '4224', 'Hajdúböszörmény', 'Hajdú-Bihar'),
(1191, '4086', 'Hajdúböszörmény', 'Hajdú-Bihar'),
(1192, '4074', 'Hajdúböszörmény', 'Hajdú-Bihar'),
(1193, '4220', 'Hajdúböszörmény', 'Hajdú-Bihar'),
(1194, '4087', 'Hajdúdorog', 'Hajdú-Bihar'),
(1195, '4242', 'Hajdúhadház', 'Hajdú-Bihar'),
(1196, '4085', 'Hajdúnánás', 'Hajdú-Bihar'),
(1197, '4080', 'Hajdúnánás', 'Hajdú-Bihar'),
(1198, '4251', 'Hajdúsámson', 'Hajdú-Bihar'),
(1199, '4200', 'Hajdúszoboszló', 'Hajdú-Bihar'),
(1200, '4212', 'Hajdúszovát', 'Hajdú-Bihar'),
(1201, '7473', 'Hajmás', 'Somogy'),
(1202, '8192', 'Hajmáskér', 'Veszprém'),
(1203, '6344', 'Hajós', 'Bács-Kiskun'),
(1204, '9814', 'Halastó', 'Vas'),
(1205, '9228', 'Halászi', 'Győr-Moson-Sopron'),
(1206, '2314', 'Halásztelek', 'Pest'),
(1207, '8452', 'Halimba', 'Veszprém'),
(1208, '3842', 'Halmaj', 'Borsod-Abaúj-Zemplén'),
(1209, '3273', 'Halmajugra', 'Heves'),
(1210, '9917', 'Halogy', 'Vas'),
(1211, '3795', 'Hangács', 'Borsod-Abaúj-Zemplén'),
(1212, '3626', 'Hangony', 'Borsod-Abaúj-Zemplén'),
(1213, '2434', 'Hantos', 'Fejér'),
(1214, '9784', 'Harasztifalu', 'Vas'),
(1215, '7172', 'Harc', 'Tolna'),
(1216, '9422', 'Harka', 'Győr-Moson-Sopron'),
(1217, '6136', 'Harkakötöny', 'Bács-Kiskun'),
(1218, '7815', 'Harkány', 'Baranya'),
(1219, '7585', 'Háromfa', 'Somogy'),
(1220, '3936', 'Háromhuta', 'Borsod-Abaúj-Zemplén'),
(1221, '3555', 'Harsány', 'Borsod-Abaúj-Zemplén'),
(1222, '8442', 'Hárskút', 'Veszprém'),
(1223, '6327', 'Harta', 'Bács-Kiskun'),
(1224, '6326', 'Harta', 'Bács-Kiskun'),
(1225, '7745', 'Hásságy', 'Baranya'),
(1226, '3000', 'Hatvan', 'Heves'),
(1227, '9178', 'Hédervár', 'Győr-Moson-Sopron'),
(1228, '7533', 'Hedrehely', 'Somogy'),
(1229, '8296', 'Hegyesd', 'Veszprém'),
(1230, '9222', 'Hegyeshalom', 'Győr-Moson-Sopron'),
(1231, '9631', 'Hegyfalu', 'Vas'),
(1232, '9915', 'Hegyháthodász', 'Vas'),
(1233, '7348', 'Hegyhátmaróc', 'Baranya'),
(1234, '9915', 'Hegyhátsál', 'Vas'),
(1235, '9934', 'Hegyhátszentjakab', 'Vas'),
(1236, '9931', 'Hegyhátszentmárton', 'Vas'),
(1237, '9826', 'Hegyhátszentpéter', 'Vas'),
(1238, '9437', 'Hegykő', 'Győr-Moson-Sopron'),
(1239, '8265', 'Hegymagas', 'Veszprém'),
(1240, '3786', 'Hegymeg', 'Borsod-Abaúj-Zemplén'),
(1241, '7837', 'Hegyszentmárton', 'Baranya'),
(1242, '3041', 'Héhalom', 'Nógrád'),
(1243, '3892', 'Hejce', 'Borsod-Abaúj-Zemplén'),
(1244, '3593', 'Hejőbába', 'Borsod-Abaúj-Zemplén'),
(1245, '3597', 'Hejőkeresztúr', 'Borsod-Abaúj-Zemplén'),
(1246, '3588', 'Hejőkürt', 'Borsod-Abaúj-Zemplén'),
(1247, '3594', 'Hejőpapi', 'Borsod-Abaúj-Zemplén'),
(1248, '3595', 'Hejőszalonta', 'Borsod-Abaúj-Zemplén'),
(1249, '7683', 'Helesfa', 'Baranya'),
(1250, '6034', 'Helvécia', 'Bács-Kiskun'),
(1251, '4123', 'Hencida', 'Hajdú-Bihar'),
(1252, '7532', 'Hencse', 'Somogy'),
(1253, '2053', 'Herceghalom', 'Pest'),
(1254, '3958', 'Hercegkút', 'Borsod-Abaúj-Zemplén'),
(1255, '6525', 'Hercegszántó', 'Bács-Kiskun'),
(1256, '3011', 'Heréd', 'Heves'),
(1257, '2832', 'Héreg', 'Komárom-Esztergom'),
(1258, '2677', 'Herencsény', 'Nógrád'),
(1259, '8440', 'Herend', 'Veszprém'),
(1260, '7587', 'Heresznye', 'Somogy'),
(1261, '4735', 'Hermánszeg', 'Szabolcs-Szatmár-Bereg'),
(1262, '2376', 'Hernád', 'Pest'),
(1263, '3853', 'Hernádbűd', 'Borsod-Abaúj-Zemplén'),
(1264, '3887', 'Hernádcéce', 'Borsod-Abaúj-Zemplén'),
(1265, '3563', 'Hernádkak', 'Borsod-Abaúj-Zemplén'),
(1266, '3846', 'Hernádkércs', 'Borsod-Abaúj-Zemplén'),
(1267, '3564', 'Hernádnémeti', 'Borsod-Abaúj-Zemplén'),
(1268, '3874', 'Hernádpetri', 'Borsod-Abaúj-Zemplén'),
(1269, '3852', 'Hernádszentandrás', 'Borsod-Abaúj-Zemplén'),
(1270, '3875', 'Hernádszurdok', 'Borsod-Abaúj-Zemplén'),
(1271, '3874', 'Hernádvécse', 'Borsod-Abaúj-Zemplén'),
(1272, '8957', 'Hernyék', 'Zala'),
(1273, '3655', 'Hét', 'Borsod-Abaúj-Zemplén'),
(1274, '4843', 'Hetefejércse', 'Szabolcs-Szatmár-Bereg'),
(1275, '7432', 'Hetes', 'Somogy'),
(1276, '7681', 'Hetvehely', 'Baranya'),
(1277, '8344', 'Hetyefő', 'Veszprém'),
(1278, '3360', 'Heves', 'Heves'),
(1279, '3322', 'Hevesaranyos', 'Heves'),
(1280, '3383', 'Hevesvezekény', 'Heves'),
(1281, '8380', 'Hévíz', 'Zala'),
(1282, '2192', 'Hévízgyörk', 'Pest'),
(1283, '7696', 'Hidas', 'Baranya'),
(1284, '3876', 'Hidasnémeti', 'Borsod-Abaúj-Zemplén'),
(1285, '8247', 'Hidegkút', 'Veszprém'),
(1286, '9491', 'Hidegség', 'Győr-Moson-Sopron'),
(1287, '3768', 'Hidvégardó', 'Borsod-Abaúj-Zemplén'),
(1288, '7735', 'Himesháza', 'Baranya'),
(1289, '9362', 'Himod', 'Győr-Moson-Sopron'),
(1290, '7838', 'Hirics', 'Baranya'),
(1291, '7971', 'Hobol', 'Baranya'),
(1292, '4334', 'Hodász', 'Szabolcs-Szatmár-Bereg'),
(1293, '6806', 'Hódmezővásárhely', 'Csongrád'),
(1294, '6800', 'Hódmezővásárhely', 'Csongrád'),
(1295, '7191', 'Hőgyész', 'Somogy'),
(1296, '8731', 'Hollád', 'Borsod-Abaúj-Zemplén'),
(1297, '3999', 'Hollóháza', 'Nógrád'),
(1298, '3176', 'Hollókő', 'Veszprém'),
(1299, '8563', 'Homokbödöge', 'Zala'),
(1300, '8777', 'Homokkomárom', 'Bács-Kiskun'),
(1301, '6341', 'Homokmégy', 'Somogy');
INSERT INTO `varosok` (`id`, `iranyitoszam`, `varos_nev`, `megye`) VALUES
(1302, '7537', 'Homokszentgyörgy', 'Baranya'),
(1303, '7716', 'Homorúd', 'Borsod-Abaúj-Zemplén'),
(1304, '3812', 'Homrogd', 'Nógrád'),
(1305, '2647', 'Hont', 'Nógrád'),
(1306, '2658', 'Horpács', 'Heves'),
(1307, '3014', 'Hort', 'Hajdú-Bihar'),
(1308, '4071', 'Hortobágy', 'Baranya'),
(1309, '7935', 'Horváthertelend', 'Vas'),
(1310, '9796', 'Horvátlövő', 'Vas'),
(1311, '9733', 'Horvátzsidány', 'Baranya'),
(1312, '7694', 'Hosszúhetény', 'Hajdú-Bihar'),
(1313, '4274', 'Hosszúpályi', 'Vas'),
(1314, '9676', 'Hosszúpereszteg', 'Somogy'),
(1315, '8716', 'Hosszúvíz', 'Zala'),
(1316, '8777', 'Hosszúvölgy', 'Veszprém'),
(1317, '8475', 'Hosztót', 'Zala'),
(1318, '8991', 'Hottó', 'Tolna'),
(1319, '9361', 'Hövej', 'Győr-Moson-Sopron'),
(1320, '2672', 'Hugyag', 'Nógrád'),
(1321, '5555', 'Hunya', 'Békés'),
(1322, '5063', 'Hunyadfalva', 'Jász-Nagykun-Szolnok'),
(1323, '7678', 'Husztót', 'Baranya'),
(1324, '7935', 'Ibafa', 'Baranya'),
(1325, '8984', 'Iborfia', 'Zala'),
(1326, '4484', 'Ibrány', 'Szabolcs-Szatmár-Bereg'),
(1327, '7275', 'Igal', 'Somogy'),
(1328, '7016', 'Igar', 'Fejér'),
(1329, '7015', 'Igar', 'Fejér'),
(1330, '3459', 'Igrici', 'Borsod-Abaúj-Zemplén'),
(1331, '8726', 'Iharos', 'Somogy'),
(1332, '8725', 'Iharosberény', 'Somogy'),
(1333, '9756', 'Ikervár', 'Vas'),
(1334, '2181', 'Iklad', 'Pest'),
(1335, '9634', 'Iklanberény', 'Vas'),
(1336, '8958', 'Iklódbördőce', 'Zala'),
(1337, '9141', 'Ikrény', 'Győr-Moson-Sopron'),
(1338, '2675', 'Iliny', 'Nógrád'),
(1339, '4566', 'Ilk', 'Szabolcs-Szatmár-Bereg'),
(1340, '7775', 'Illocska', 'Baranya'),
(1341, '3724', 'Imola', 'Borsod-Abaúj-Zemplén'),
(1342, '6238', 'Imrehegy', 'Bács-Kiskun'),
(1343, '3851', 'Ináncs', 'Borsod-Abaúj-Zemplén'),
(1344, '2365', 'Inárcs', 'Pest'),
(1345, '8724', 'Inke', 'Somogy'),
(1346, '7847', 'Ipacsfa', 'Baranya'),
(1347, '2631', 'Ipolydamásd', 'Pest'),
(1348, '3138', 'Ipolytarnóc', 'Nógrád'),
(1349, '2633', 'Ipolytölgyes', 'Pest'),
(1350, '2669', 'Ipolyvece', 'Nógrád'),
(1351, '7095', 'Iregszemcse', 'Tolna'),
(1352, '3786', 'Irota', 'Borsod-Abaúj-Zemplén'),
(1353, '2117', 'Isaszeg', 'Pest'),
(1354, '9941', 'Ispánk', 'Vas'),
(1355, '3253', 'Istenmezeje', 'Heves'),
(1356, '7987', 'Istvándi', 'Somogy'),
(1357, '8043', 'Iszkaszentgyörgy', 'Fejér'),
(1358, '8493', 'Iszkáz', 'Veszprém'),
(1359, '8045', 'Isztimér', 'Fejér'),
(1360, '3248', 'Ivád', 'Heves'),
(1361, '9374', 'Iván', 'Győr-Moson-Sopron'),
(1362, '7772', 'Ivánbattyán', 'Baranya'),
(1363, '9931', 'Ivánc', 'Vas'),
(1364, '2454', 'Iváncsa', 'Fejér'),
(1365, '7781', 'Ivándárda', 'Baranya'),
(1366, '7353', 'Izmény', 'Tolna'),
(1367, '6070', 'Izsák', 'Bács-Kiskun'),
(1368, '3741', 'Izsófalva', 'Borsod-Abaúj-Zemplén'),
(1369, '7362', 'Jágónak', 'Tolna'),
(1370, '9798', 'Ják', 'Vas'),
(1371, '6078', 'Jakabszállás', 'Bács-Kiskun'),
(1372, '9643', 'Jákfa', 'Vas'),
(1373, '3721', 'Jákfalva', 'Borsod-Abaúj-Zemplén'),
(1374, '7525', 'Jákó', 'Somogy'),
(1375, '4841', 'Jánd', 'Szabolcs-Szatmár-Bereg'),
(1376, '4741', 'Jánkmajtis', 'Szabolcs-Szatmár-Bereg'),
(1377, '6440', 'Jánoshalma', 'Bács-Kiskun'),
(1378, '9545', 'Jánosháza', 'Vas'),
(1379, '5143', 'Jánoshida', 'Jász-Nagykun-Szolnok'),
(1380, '9241', 'Jánossomorja', 'Győr-Moson-Sopron'),
(1381, '9242', 'Jánossomorja', 'Győr-Moson-Sopron'),
(1382, '3664', 'Járdánháza', 'Borsod-Abaúj-Zemplén'),
(1383, '4337', 'Jármi', 'Szabolcs-Szatmár-Bereg'),
(1384, '8424', 'Jásd', 'Veszprém'),
(1385, '5124', 'Jászágó', 'Jász-Nagykun-Szolnok'),
(1386, '5054', 'Jászalsószentgyörgy', 'Jász-Nagykun-Szolnok'),
(1387, '5130', 'Jászapáti', 'Jász-Nagykun-Szolnok'),
(1388, '5123', 'Jászárokszállás', 'Jász-Nagykun-Szolnok'),
(1389, '5152', 'Jászberény', 'Jász-Nagykun-Szolnok'),
(1390, '5100', 'Jászberény', 'Jász-Nagykun-Szolnok'),
(1391, '5144', 'Jászboldogháza', 'Jász-Nagykun-Szolnok'),
(1392, '5122', 'Jászdózsa', 'Jász-Nagykun-Szolnok'),
(1393, '5111', 'Jászfelsőszentgyörgy', 'Jász-Nagykun-Szolnok'),
(1394, '5126', 'Jászfényszaru', 'Jász-Nagykun-Szolnok'),
(1395, '5135', 'Jászivány', 'Jász-Nagykun-Szolnok'),
(1396, '5121', 'Jászjákóhalma', 'Jász-Nagykun-Szolnok'),
(1397, '2746', 'Jászkarajenő', 'Pest'),
(1398, '5137', 'Jászkisér', 'Jász-Nagykun-Szolnok'),
(1399, '5055', 'Jászladány', 'Jász-Nagykun-Szolnok'),
(1400, '5136', 'Jászszentandrás', 'Jász-Nagykun-Szolnok'),
(1401, '6133', 'Jászszentlászló', 'Bács-Kiskun'),
(1402, '5141', 'Jásztelek', 'Jász-Nagykun-Szolnok'),
(1403, '4611', 'Jéke', 'Szabolcs-Szatmár-Bereg'),
(1404, '8146', 'Jenő', 'Fejér'),
(1405, '9323', 'Jobaháza', 'Győr-Moson-Sopron'),
(1406, '3063', 'Jobbágyi', 'Nógrád'),
(1407, '3758', 'Jósvafő', 'Borsod-Abaúj-Zemplén'),
(1408, '7431', 'Juta', 'Somogy'),
(1409, '4183', 'Kaba', 'Hajdú-Bihar'),
(1410, '8773', 'Kacorlak', 'Zala'),
(1411, '3424', 'Kács', 'Borsod-Abaúj-Zemplén'),
(1412, '7940', 'Kacsóta', 'Baranya'),
(1413, '7530', 'Kadarkút', 'Somogy'),
(1414, '9123', 'Kajárpéc', 'Győr-Moson-Sopron'),
(1415, '2472', 'Kajászó', 'Fejér'),
(1416, '7051', 'Kajdacs', 'Tolna'),
(1417, '7122', 'Kakasd', 'Tolna'),
(1418, '7958', 'Kákics', 'Baranya'),
(1419, '2366', 'Kakucs', 'Pest'),
(1420, '3350', 'Kál', 'Heves'),
(1421, '7194', 'Kalaznó', 'Tolna'),
(1422, '9673', 'Káld', 'Vas'),
(1423, '2175', 'Kálló', 'Nógrád'),
(1424, '8785', 'Kallósd', 'Zala'),
(1425, '4324', 'Kállósemjén', 'Szabolcs-Szatmár-Bereg'),
(1426, '7538', 'Kálmáncsa', 'Somogy'),
(1427, '4434', 'Kálmánháza', 'Szabolcs-Szatmár-Bereg'),
(1428, '8988', 'Kálócfa', 'Zala'),
(1429, '6300', 'Kalocsa', 'Bács-Kiskun'),
(1430, '8124', 'Káloz', 'Fejér'),
(1431, '9841', 'Kám', 'Vas'),
(1432, '8469', 'Kamond', 'Veszprém'),
(1433, '5673', 'Kamut', 'Békés'),
(1434, '3735', 'Kánó', 'Borsod-Abaúj-Zemplén'),
(1435, '4335', 'Kántorjánosi', 'Szabolcs-Szatmár-Bereg'),
(1436, '3821', 'Kány', 'Borsod-Abaúj-Zemplén'),
(1437, '8667', 'Kánya', 'Somogy'),
(1438, '8956', 'Kányavár', 'Zala'),
(1439, '8294', 'Kapolcs', 'Veszprém'),
(1440, '3355', 'Kápolna', 'Heves'),
(1441, '2475', 'Kápolnásnyék', 'Fejér'),
(1442, '8671', 'Kapoly', 'Somogy'),
(1443, '7523', 'Kaposfő', 'Somogy'),
(1444, '7473', 'Kaposgyarmat', 'Somogy'),
(1445, '7261', 'Kaposhomok', 'Somogy'),
(1446, '7258', 'Kaposkeresztúr', 'Somogy'),
(1447, '7521', 'Kaposmérő', 'Somogy'),
(1448, '7251', 'Kapospula', 'Tolna'),
(1449, '7361', 'Kaposszekcső', 'Tolna'),
(1450, '7476', 'Kaposszerdahely', 'Somogy'),
(1451, '7522', 'Kaposújlak', 'Somogy'),
(1452, '7400', 'Kaposvár', 'Somogy'),
(1453, '8471', 'Káptalanfa', 'Veszprém'),
(1454, '8283', 'Káptalantóti', 'Veszprém'),
(1455, '9339', 'Kapuvár', 'Győr-Moson-Sopron'),
(1456, '9330', 'Kapuvár', 'Győr-Moson-Sopron'),
(1457, '7285', 'Kára', 'Somogy'),
(1458, '3281', 'Karácsond', 'Heves'),
(1459, '8676', 'Karád', 'Somogy'),
(1460, '9547', 'Karakó', 'Vas'),
(1461, '8491', 'Karakószörcsök', 'Veszprém'),
(1462, '3181', 'Karancsalja', 'Nógrád'),
(1463, '3137', 'Karancsberény', 'Nógrád'),
(1464, '3183', 'Karancskeszi', 'Nógrád'),
(1465, '3182', 'Karancslapujtő', 'Nógrád'),
(1466, '3163', 'Karancsság', 'Nógrád'),
(1467, '7333', 'Kárász', 'Baranya'),
(1468, '5300', 'Karcag', 'Jász-Nagykun-Szolnok'),
(1469, '3963', 'Karcsa', 'Borsod-Abaúj-Zemplén'),
(1470, '5552', 'Kardos', 'Békés'),
(1471, '5945', 'Kardoskút', 'Békés'),
(1472, '8354', 'Karmacs', 'Zala'),
(1473, '3962', 'Karos', 'Borsod-Abaúj-Zemplén'),
(1474, '2173', 'Kartal', 'Pest'),
(1475, '7827', 'Kásád', 'Baranya'),
(1476, '6211', 'Kaskantyú', 'Bács-Kiskun'),
(1477, '7977', 'Kastélyosdombó', 'Somogy'),
(1478, '5948', 'Kaszaper', 'Békés'),
(1479, '7564', 'Kaszó', 'Somogy'),
(1480, '7914', 'Katádfa', 'Baranya'),
(1481, '9915', 'Katafa', 'Vas'),
(1482, '7661', 'Kátoly', 'Baranya'),
(1483, '6455', 'Katymár', 'Bács-Kiskun'),
(1484, '2215', 'Káva', 'Pest'),
(1485, '8994', 'Kávás', 'Zala'),
(1486, '3147', 'Kazár', 'Nógrád'),
(1487, '3127', 'Kazár', 'Nógrád'),
(1488, '3700', 'Kazincbarcika', 'Borsod-Abaúj-Zemplén'),
(1489, '3831', 'Kázsmárk', 'Borsod-Abaúj-Zemplén'),
(1490, '7274', 'Kazsok', 'Somogy'),
(1491, '6237', 'Kecel', 'Bács-Kiskun'),
(1492, '2852', 'Kecskéd', 'Komárom-Esztergom'),
(1493, '6044', 'Kecskemét', 'Bács-Kiskun'),
(1494, '6008', 'Kecskemét', 'Bács-Kiskun'),
(1495, '6000', 'Kecskemét', 'Bács-Kiskun'),
(1496, '8784', 'Kehidakustány', 'Zala'),
(1497, '4515', 'Kék', 'Szabolcs-Szatmár-Bereg'),
(1498, '4494', 'Kékcse', 'Szabolcs-Szatmár-Bereg'),
(1499, '3899', 'Kéked', 'Borsod-Abaúj-Zemplén'),
(1500, '7661', 'Kékesd', 'Baranya'),
(1501, '8254', 'Kékkút', 'Veszprém'),
(1502, '6423', 'Kelebia', 'Bács-Kiskun'),
(1503, '9549', 'Keléd', 'Vas'),
(1504, '3728', 'Kelemér', 'Borsod-Abaúj-Zemplén'),
(1505, '6444', 'Kéleshalom', 'Bács-Kiskun'),
(1506, '8714', 'Kelevíz', 'Somogy'),
(1507, '4501', 'Kemecse', 'Szabolcs-Szatmár-Bereg'),
(1508, '2638', 'Kemence', 'Pest'),
(1509, '8931', 'Kemendollár', 'Zala'),
(1510, '8516', 'Kemeneshőgyész', 'Veszprém'),
(1511, '9553', 'Kemeneskápolna', 'Vas'),
(1512, '9522', 'Kemenesmagasi', 'Vas'),
(1513, '9511', 'Kemenesmihályfa', 'Vas'),
(1514, '9544', 'Kemenespálfa', 'Vas'),
(1515, '9517', 'Kemenessömjén', 'Vas'),
(1516, '9521', 'Kemenesszentmárton', 'Vas'),
(1517, '8518', 'Kemenesszentpéter', 'Veszprém'),
(1518, '8995', 'Keménfa', 'Zala'),
(1519, '7843', 'Kémes', 'Baranya'),
(1520, '9923', 'Kemestaródfa', 'Vas'),
(1521, '7839', 'Kemse', 'Baranya'),
(1522, '5349', 'Kenderes', 'Jász-Nagykun-Szolnok'),
(1523, '5331', 'Kenderes', 'Jász-Nagykun-Szolnok'),
(1524, '9752', 'Kenéz', 'Vas'),
(1525, '3955', 'Kenézlő', 'Borsod-Abaúj-Zemplén'),
(1526, '5083', 'Kengyel', 'Jász-Nagykun-Szolnok'),
(1527, '9514', 'Kenyeri', 'Vas'),
(1528, '9945', 'Kercaszomor', 'Vas'),
(1529, '7256', 'Kercseliget', 'Somogy'),
(1530, '3396', 'Kerecsend', 'Heves'),
(1531, '8745', 'Kerecseny', 'Zala'),
(1532, '6041', 'Kerekegyháza', 'Bács-Kiskun'),
(1533, '8618', 'Kereki', 'Somogy'),
(1534, '2882', 'Kerékteleki', 'Komárom-Esztergom'),
(1535, '2145', 'Kerepes', 'Pest'),
(1536, '2144', 'Kerepes', 'Pest'),
(1537, '3821', 'Keresztéte', 'Borsod-Abaúj-Zemplén'),
(1538, '8971', 'Kerkabarabás', 'Zala'),
(1539, '8973', 'Kerkafalva', 'Zala'),
(1540, '8973', 'Kerkakutas', 'Zala'),
(1541, '9944', 'Kerkáskápolna', 'Vas'),
(1542, '8874', 'Kerkaszentkirály', 'Zala'),
(1543, '8879', 'Kerkateskánd', 'Zala'),
(1544, '4912', 'Kérsemjén', 'Szabolcs-Szatmár-Bereg'),
(1545, '8492', 'Kerta', 'Veszprém'),
(1546, '5526', 'Kertészsziget', 'Békés'),
(1547, '2616', 'Keszeg', 'Nógrád'),
(1548, '3579', 'Kesznyéten', 'Borsod-Abaúj-Zemplén'),
(1549, '7062', 'Keszőhidegkút', 'Tolna'),
(1550, '8360', 'Keszthely', 'Zala'),
(1551, '2517', 'Kesztölc', 'Komárom-Esztergom'),
(1552, '7668', 'Keszü', 'Baranya'),
(1553, '2655', 'Kétbodony', 'Nógrád'),
(1554, '5741', 'Kétegyháza', 'Békés'),
(1555, '8713', 'Kéthely', 'Somogy'),
(1556, '5411', 'Kétpó', 'Jász-Nagykun-Szolnok'),
(1557, '5674', 'Kétsoprony', 'Békés'),
(1558, '7975', 'Kétújfalu', 'Baranya'),
(1559, '9982', 'Kétvölgy', 'Vas'),
(1560, '7174', 'Kéty', 'Tolna'),
(1561, '5744', 'Kevermes', 'Békés'),
(1562, '8774', 'Kilimán', 'Zala'),
(1563, '9181', 'Kimle', 'Győr-Moson-Sopron'),
(1564, '8044', 'Kincsesbánya', 'Fejér'),
(1565, '3657', 'Királd', 'Borsod-Abaúj-Zemplén'),
(1566, '7953', 'Királyegyháza', 'Baranya'),
(1567, '6911', 'Királyhegyes', 'Csongrád'),
(1568, '8195', 'Királyszentistván', 'Veszprém'),
(1569, '8284', 'Kisapáti', 'Veszprém'),
(1570, '2428', 'Kisapostag', 'Fejér'),
(1571, '4921', 'Kisar', 'Szabolcs-Szatmár-Bereg'),
(1572, '7523', 'Kisasszond', 'Somogy'),
(1573, '7954', 'Kisasszonyfa', 'Baranya'),
(1574, '9133', 'Kisbabot', 'Győr-Moson-Sopron'),
(1575, '3046', 'Kisbágyon', 'Nógrád'),
(1576, '9062', 'Kisbajcs', 'Győr-Moson-Sopron'),
(1577, '7542', 'Kisbajom', 'Somogy'),
(1578, '7282', 'Kisbárapáti', 'Somogy'),
(1579, '3075', 'Kisbárkány', 'Nógrád'),
(1580, '2881', 'Kisbér', 'Komárom-Esztergom'),
(1581, '2879', 'Kisbér', 'Komárom-Esztergom'),
(1582, '2870', 'Kisbér', 'Komárom-Esztergom'),
(1583, '8693', 'Kisberény', 'Somogy'),
(1584, '8477', 'Kisberzseny', 'Veszprém'),
(1585, '7391', 'Kisbeszterce', 'Baranya'),
(1586, '9234', 'Kisbodak', 'Győr-Moson-Sopron'),
(1587, '8925', 'Kisbucsa', 'Zala'),
(1588, '7756', 'Kisbudmér', 'Baranya'),
(1589, '3578', 'Kiscsécs', 'Borsod-Abaúj-Zemplén'),
(1590, '8888', 'Kiscsehi', 'Zala'),
(1591, '8494', 'Kiscsősz', 'Veszprém'),
(1592, '7814', 'Kisdér', 'Baranya'),
(1593, '7985', 'Kisdobsza', 'Baranya'),
(1594, '5837', 'Kisdombegyház', 'Békés'),
(1595, '7159', 'Kisdorog', 'Tolna'),
(1596, '2655', 'Kisecset', 'Nógrád'),
(1597, '9341', 'Kisfalud', 'Győr-Moson-Sopron'),
(1598, '3256', 'Kisfüzes', 'Heves'),
(1599, '8356', 'Kisgörbő', 'Zala'),
(1600, '7279', 'Kisgyalán', 'Somogy'),
(1601, '3556', 'Kisgyőr', 'Borsod-Abaúj-Zemplén'),
(1602, '7391', 'Kishajmás', 'Baranya'),
(1603, '7800', 'Kisharsány', 'Baranya'),
(1604, '3161', 'Kishartyán', 'Nógrád'),
(1605, '7763', 'Kisherend', 'Baranya'),
(1606, '4977', 'Kishódos', 'Szabolcs-Szatmár-Bereg'),
(1607, '3994', 'Kishuta', 'Borsod-Abaúj-Zemplén'),
(1608, '2948', 'Kisigmánd', 'Komárom-Esztergom'),
(1609, '7773', 'Kisjakabfalva', 'Baranya'),
(1610, '7766', 'Kiskassa', 'Baranya'),
(1611, '3843', 'Kiskinizs', 'Borsod-Abaúj-Zemplén'),
(1612, '3384', 'Kisköre', 'Somogy'),
(1613, '6200', 'Kiskőrös', 'Heves'),
(1614, '7524', 'Kiskorpád', 'Bács-Kiskun'),
(1615, '6100', 'Kiskunfélegyháza', 'Bács-Kiskun'),
(1616, '6400', 'Kiskunhalas', 'Bács-Kiskun'),
(1617, '2340', 'Kiskunlacháza', 'Pest'),
(1618, '6120', 'Kiskunmajsa', 'Bács-Kiskun'),
(1619, '8911', 'Kiskutas', 'Zala'),
(1620, '8156', 'Kisláng', 'Fejér'),
(1621, '4325', 'Kisléta', 'Szabolcs-Szatmár-Bereg'),
(1622, '7775', 'Kislippó', 'Baranya'),
(1623, '8446', 'Kislőd', 'Veszprém'),
(1624, '7356', 'Kismányok', 'Tolna'),
(1625, '4126', 'Kismarja', 'Hajdú-Bihar'),
(1626, '2623', 'Kismaros', 'Pest'),
(1627, '4737', 'Kisnamény', 'Szabolcs-Szatmár-Bereg'),
(1628, '3264', 'Kisnána', 'Heves'),
(1629, '2165', 'Kisnémedi', 'Pest'),
(1630, '7759', 'Kisnyárád', 'Baranya'),
(1631, '2024', 'Kisoroszi', 'Pest'),
(1632, '4956', 'Kispalád', 'Szabolcs-Szatmár-Bereg'),
(1633, '8912', 'Kispáli', 'Zala'),
(1634, '8496', 'Kispirit', 'Veszprém'),
(1635, '9936', 'Kisrákos', 'Vas'),
(1636, '8756', 'Kisrécse', 'Zala'),
(1637, '3965', 'Kisrozvágy', 'Borsod-Abaúj-Zemplén'),
(1638, '3627', 'Kissikátor', 'Borsod-Abaúj-Zemplén'),
(1639, '9555', 'Kissomlyó', 'Vas'),
(1640, '6421', 'Kisszállás', 'Bács-Kiskun'),
(1641, '7082', 'Kisszékely', 'Tolna'),
(1642, '4963', 'Kisszekeres', 'Szabolcs-Szatmár-Bereg'),
(1643, '7841', 'Kisszentmárton', 'Baranya'),
(1644, '8957', 'Kissziget', 'Zala'),
(1645, '8483', 'Kisszőlős', 'Veszprém'),
(1646, '7981', 'Kistamási', 'Baranya'),
(1647, '7823', 'Kistapolca', 'Baranya'),
(1648, '2143', 'Kistarcsa', 'Pest'),
(1649, '6760', 'Kistelek', 'Csongrád'),
(1650, '3553', 'Kistokaj', 'Borsod-Abaúj-Zemplén'),
(1651, '8868', 'Kistolmács', 'Zala'),
(1652, '7068', 'Kistormás', 'Tolna'),
(1653, '7768', 'Kistótfalu', 'Baranya'),
(1654, '5310', 'Kisújszállás', 'Jász-Nagykun-Szolnok'),
(1655, '9772', 'Kisunyom', 'Vas'),
(1656, '4600', 'Kisvárda', 'Szabolcs-Szatmár-Bereg'),
(1657, '4811', 'Kisvarsány', 'Szabolcs-Szatmár-Bereg'),
(1658, '8341', 'Kisvásárhely', 'Zala'),
(1659, '7381', 'Kisvaszar', 'Baranya'),
(1660, '7183', 'Kisvejke', 'Tolna'),
(1661, '6775', 'Kiszombor', 'Csongrád'),
(1662, '9733', 'Kiszsidány', 'Vas'),
(1663, '6773', 'Klárafalva', 'Csongrád'),
(1664, '7334', 'Köblény', 'Komárom-Esztergom'),
(1665, '2898', 'Kocs', 'Pest'),
(1666, '2755', 'Kocsér', 'Tolna'),
(1667, '9553', 'Köcsk', 'Szabolcs-Szatmár-Bereg'),
(1668, '7212', 'Kocsola', 'Pest'),
(1669, '4751', 'Kocsord', 'Hajdú-Bihar'),
(1670, '2243', 'Kóka', 'Veszprém'),
(1671, '4284', 'Kokad', 'Hajdú-Bihar'),
(1672, '7668', 'Kökény', 'Komárom-Esztergom'),
(1673, '7530', 'Kőkút', 'Komárom-Esztergom'),
(1674, '4965', 'Kölcse', 'Komárom-Esztergom'),
(1675, '7052', 'Kölesd', 'Borsod-Abaúj-Zemplén'),
(1676, '7717', 'Kölked', 'Baranya'),
(1677, '8468', 'Kolontár', 'Baranya'),
(1678, '4138', 'Komádi', 'Szabolcs-Szatmár-Bereg'),
(1679, '2903', 'Komárom', 'Somogy'),
(1680, '2921', 'Komárom', 'Borsod-Abaúj-Zemplén'),
(1681, '2900', 'Komárom', 'Szabolcs-Szatmár-Bereg'),
(1682, '3765', 'Komjáti', 'Heves'),
(1683, '7305', 'Komló', 'Borsod-Abaúj-Zemplén'),
(1684, '7300', 'Komló', 'Vas'),
(1685, '3372', 'Kömlő', 'Békés'),
(1686, '2853', 'Kömlőd', 'Győr-Moson-Sopron'),
(1687, '4765', 'Komlódtótfalu', 'Hajdú-Bihar'),
(1688, '7582', 'Komlósd', 'Győr-Moson-Sopron'),
(1689, '3937', 'Komlóska', 'Tolna'),
(1690, '4622', 'Komoró', 'Borsod-Abaúj-Zemplén'),
(1691, '4943', 'Kömörő', 'Győr-Moson-Sopron'),
(1692, '6134', 'Kömpöc', 'Baranya'),
(1693, '3356', 'Kompolt', 'Pest'),
(1694, '3775', 'Kondó', 'Pest'),
(1695, '9943', 'Kondorfa', 'Szabolcs-Szatmár-Bereg'),
(1696, '5553', 'Kondoros', 'Baranya'),
(1697, '9144', 'Kóny', 'Baranya'),
(1698, '4133', 'Konyár', 'Borsod-Abaúj-Zemplén'),
(1699, '9495', 'Kópháza', 'Nógrád'),
(1700, '7094', 'Koppányszántó', 'Baranya'),
(1701, '3886', 'Korlát', 'Zala'),
(1702, '9909', 'Körmend', 'Baranya'),
(1703, '9900', 'Körmend', 'Vas'),
(1704, '2851', 'Környe', 'Baranya'),
(1705, '3577', 'Köröm', 'Somogy'),
(1706, '9113', 'Koroncó', 'Szabolcs-Szatmár-Bereg'),
(1707, '7841', 'Kórós', 'Tolna'),
(1708, '8617', 'Kőröshegy', 'Baranya'),
(1709, '5516', 'Körösladány', 'Heves'),
(1710, '5539', 'Körösnagyharsány', 'Komárom-Esztergom'),
(1711, '4136', 'Körösszakál', 'Szabolcs-Szatmár-Bereg'),
(1712, '4135', 'Körösszegapáti', 'Bács-Kiskun'),
(1713, '5622', 'Köröstarcsa', 'Vas'),
(1714, '2745', 'Kőröstetétlen', 'Vas'),
(1715, '5536', 'Körösújfalu', 'Komárom-Esztergom'),
(1716, '2612', 'Kosd', 'Borsod-Abaúj-Zemplén'),
(1717, '2625', 'Kóspallag', 'Somogy'),
(1718, '8152', 'Kőszárhegy', 'Békés'),
(1719, '9730', 'Kőszeg', 'Békés'),
(1720, '9725', 'Kőszegdoroszló', 'Békés'),
(1721, '9739', 'Kőszegpaty', 'Pest'),
(1722, '9725', 'Kőszegszerdahely', 'Békés'),
(1723, '4482', 'Kótaj', 'Hajdú-Bihar'),
(1724, '8627', 'Kötcse', 'Hajdú-Bihar'),
(1725, '5725', 'Kötegyán', 'Fejér'),
(1726, '5062', 'Kőtelek', 'Vas'),
(1727, '7847', 'Kovácshida', 'Vas'),
(1728, '7678', 'Kovácsszénája', 'Vas'),
(1729, '3992', 'Kovácsvágás', 'Vas'),
(1730, '8254', 'Kővágóörs', 'Somogy'),
(1731, '7673', 'Kővágószőlős', 'Békés'),
(1732, '7675', 'Kővágótőttős', 'Jász-Nagykun-Szolnok'),
(1733, '6912', 'Kövegy', 'Veszprém'),
(1734, '8274', 'Köveskál', 'Baranya'),
(1735, '3053', 'Kozárd', 'Baranya'),
(1736, '7761', 'Kozármisleny', 'Csongrád'),
(1737, '8988', 'Kozmadombja', 'Veszprém'),
(1738, '3821', 'Krasznokvajda', 'Borsod-Abaúj-Zemplén'),
(1739, '6755', 'Kübekháza', 'Fejér'),
(1740, '2458', 'Kulcs', 'Bács-Kiskun'),
(1741, '8978', 'Külsősárd', 'Békés'),
(1742, '9532', 'Külsővat', 'Bács-Kiskun'),
(1743, '6097', 'Kunadacs', 'Bács-Kiskun'),
(1744, '5746', 'Kunágota', 'Jász-Nagykun-Szolnok'),
(1745, '6435', 'Kunbaja', 'Bács-Kiskun'),
(1746, '6043', 'Kunbaracs', 'Jász-Nagykun-Szolnok'),
(1747, '5412', 'Kuncsorba', 'Jász-Nagykun-Szolnok'),
(1748, '6413', 'Kunfehértó', 'Bács-Kiskun'),
(1749, '8162', 'Küngös', 'Bács-Kiskun'),
(1750, '5340', 'Kunhegyes', 'Jász-Nagykun-Szolnok'),
(1751, '5321', 'Kunmadaras', 'Jász-Nagykun-Szolnok'),
(1752, '6096', 'Kunpeszér', 'Bács-Kiskun'),
(1753, '6115', 'Kunszállás', 'Győr-Moson-Sopron'),
(1754, '5449', 'Kunszentmárton', 'Veszprém'),
(1755, '5440', 'Kunszentmárton', 'Borsod-Abaúj-Zemplén'),
(1756, '6090', 'Kunszentmiklós', 'Tolna'),
(1757, '9184', 'Kunsziget', 'Borsod-Abaúj-Zemplén'),
(1758, '8595', 'Kup', 'Zala'),
(1759, '3813', 'Kupa', 'Somogy'),
(1760, '7226', 'Kurd', 'Nógrád'),
(1761, '3732', 'Kurityán', 'Csongrád'),
(1762, '8919', 'Kustánszeg', 'Zala'),
(1763, '7541', 'Kutas', 'Veszprém'),
(1764, '3066', 'Kutasó', 'Veszprém'),
(1765, '2541', 'Lábatlan', 'Komárom-Esztergom'),
(1766, '7551', 'Lábod', 'Somogy'),
(1767, '3967', 'Lácacséke', 'Borsod-Abaúj-Zemplén'),
(1768, '7535', 'Lad', 'Somogy'),
(1769, '6045', 'Ladánybene', 'Bács-Kiskun'),
(1770, '3780', 'Ládbesenyő', 'Borsod-Abaúj-Zemplén'),
(1771, '8136', 'Lajoskomárom', 'Fejér'),
(1772, '6050', 'Lajosmizse', 'Bács-Kiskun'),
(1773, '3786', 'Lak', 'Borsod-Abaúj-Zemplén'),
(1774, '8913', 'Lakhegy', 'Zala'),
(1775, '6065', 'Lakitelek', 'Bács-Kiskun'),
(1776, '7918', 'Lakócsa', 'Somogy'),
(1777, '7759', 'Lánycsók', 'Baranya'),
(1778, '7214', 'Lápafő', 'Tolna'),
(1779, '7775', 'Lapáncsa', 'Baranya'),
(1780, '4543', 'Laskod', 'Szabolcs-Szatmár-Bereg'),
(1781, '8887', 'Lasztonya', 'Zala'),
(1782, '8681', 'Látrány', 'Somogy'),
(1783, '9089', 'Lázi', 'Győr-Moson-Sopron'),
(1784, '2016', 'Leányfalu', 'Pest'),
(1785, '2518', 'Leányvár', 'Komárom-Esztergom'),
(1786, '9155', 'Lébény', 'Győr-Moson-Sopron'),
(1787, '2619', 'Legénd', 'Nógrád'),
(1788, '3904', 'Legyesbénye', 'Borsod-Abaúj-Zemplén'),
(1789, '3832', 'Léh', 'Borsod-Abaúj-Zemplén'),
(1790, '3648', 'Lénárddaróc', 'Borsod-Abaúj-Zemplén'),
(1791, '8978', 'Lendvadedes', 'Zala'),
(1792, '8977', 'Lendvajakabfa', 'Zala'),
(1793, '7184', 'Lengyel', 'Tolna'),
(1794, '8693', 'Lengyeltóti', 'Somogy'),
(1795, '8966', 'Lenti', 'Zala'),
(1796, '8960', 'Lenti', 'Zala'),
(1797, '8132', 'Lepsény', 'Fejér'),
(1798, '8318', 'Lesencefalu', 'Veszprém'),
(1799, '8319', 'Lesenceistvánd', 'Veszprém'),
(1800, '8318', 'Lesencetomaj', 'Veszprém'),
(1801, '4281', 'Létavértes', 'Hajdú-Bihar'),
(1802, '4283', 'Létavértes', 'Hajdú-Bihar'),
(1803, '8868', 'Letenye', 'Zala'),
(1804, '2632', 'Letkés', 'Pest'),
(1805, '9221', 'Levél', 'Győr-Moson-Sopron'),
(1806, '4555', 'Levelek', 'Szabolcs-Szatmár-Bereg'),
(1807, '8707', 'Libickozma', 'Somogy'),
(1808, '8981', 'Lickóvadamos', 'Zala'),
(1809, '7331', 'Liget', 'Baranya'),
(1810, '8782', 'Ligetfalva', 'Zala'),
(1811, '9233', 'Lipót', 'Győr-Moson-Sopron'),
(1812, '7781', 'Lippó', 'Baranya'),
(1813, '7757', 'Liptód', 'Baranya'),
(1814, '8888', 'Lispeszentadorján', 'Zala'),
(1815, '8831', 'Liszó', 'Zala'),
(1816, '8196', 'Litér', 'Veszprém'),
(1817, '3866', 'Litka', 'Borsod-Abaúj-Zemplén'),
(1818, '3186', 'Litke', 'Nógrád'),
(1819, '9634', 'Lócs', 'Vas'),
(1820, '5743', 'Lőkösháza', 'Veszprém'),
(1821, '8425', 'Lókút', 'Szabolcs-Szatmár-Bereg'),
(1822, '4836', 'Lónya', 'Pest'),
(1823, '2309', 'Lórév', 'Baranya'),
(1824, '3022', 'Lőrinci', 'Veszprém'),
(1825, '3024', 'Lőrinci', 'Fejér'),
(1826, '3021', 'Lőrinci', 'Baranya'),
(1827, '7761', 'Lothárd', 'Zala'),
(1828, '8228', 'Lovas', 'Veszprém'),
(1829, '8093', 'Lovasberény', 'Békés'),
(1830, '7720', 'Lovászhetény', 'Heves'),
(1831, '8878', 'Lovászi', 'Heves'),
(1832, '8553', 'Lovászpatona', 'Heves'),
(1833, '9461', 'Lövő', 'Győr-Moson-Sopron'),
(1834, '4633', 'Lövőpetri', 'Szabolcs-Szatmár-Bereg'),
(1835, '3129', 'Lucfalva', 'Nógrád'),
(1836, '3188', 'Ludányhalászi', 'Nógrád'),
(1837, '3274', 'Ludas', 'Heves'),
(1838, '9724', 'Lukácsháza', 'Vas'),
(1839, '8660', 'Lulla', 'Somogy'),
(1840, '7838', 'Lúzsok', 'Baranya'),
(1841, '3909', 'Mád', 'Borsod-Abaúj-Zemplén'),
(1842, '6456', 'Madaras', 'Bács-Kiskun'),
(1843, '7026', 'Madocsa', 'Tolna'),
(1844, '9169', 'Maglóca', 'Győr-Moson-Sopron'),
(1845, '2234', 'Maglód', 'Pest'),
(1846, '7342', 'Mágocs', 'Baranya'),
(1847, '4953', 'Magosliget', 'Szabolcs-Szatmár-Bereg'),
(1848, '4556', 'Magy', 'Szabolcs-Szatmár-Bereg'),
(1849, '8071', 'Magyaralmás', 'Fejér'),
(1850, '7463', 'Magyaratád', 'Somogy'),
(1851, '5667', 'Magyarbánhegyes', 'Békés'),
(1852, '7775', 'Magyarbóly', 'Baranya'),
(1853, '6932', 'Magyarcsanád', 'Csongrád'),
(1854, '5838', 'Magyardombegyház', 'Békés'),
(1855, '7332', 'Magyaregregy', 'Baranya'),
(1856, '7441', 'Magyaregres', 'Somogy'),
(1857, '8973', 'Magyarföld', 'Zala'),
(1858, '3133', 'Magyargéc', 'Nógrád'),
(1859, '8517', 'Magyargencs', 'Veszprém'),
(1860, '7394', 'Magyarhertelend', 'Baranya'),
(1861, '4137', 'Magyarhomorog', 'Hajdú-Bihar'),
(1862, '9346', 'Magyarkeresztúr', 'Győr-Moson-Sopron'),
(1863, '7098', 'Magyarkeszi', 'Tolna'),
(1864, '9962', 'Magyarlak', 'Vas'),
(1865, '7925', 'Magyarlukafa', 'Baranya'),
(1866, '7954', 'Magyarmecske', 'Baranya'),
(1867, '9909', 'Magyarnádalja', 'Vas'),
(1868, '2694', 'Magyarnándor', 'Nógrád'),
(1869, '8449', 'Magyarpolány', 'Veszprém'),
(1870, '7761', 'Magyarsarlós', 'Baranya'),
(1871, '9912', 'Magyarszecsőd', 'Vas'),
(1872, '7396', 'Magyarszék', 'Baranya'),
(1873, '8776', 'Magyarszentmiklós', 'Zala'),
(1874, '8776', 'Magyarszerdahely', 'Zala'),
(1875, '9946', 'Magyarszombatfa', 'Vas'),
(1876, '7954', 'Magyartelek', 'Baranya'),
(1877, '2339', 'Majosháza', 'Pest'),
(1878, '7783', 'Majs', 'Baranya'),
(1879, '2322', 'Makád', 'Pest'),
(1880, '3959', 'Makkoshotyka', 'Borsod-Abaúj-Zemplén'),
(1881, '3397', 'Maklár', 'Heves'),
(1882, '6903', 'Makó', 'Csongrád'),
(1883, '6900', 'Makó', 'Csongrád'),
(1884, '8533', 'Malomsok', 'Veszprém'),
(1885, '3434', 'Mályi', 'Borsod-Abaúj-Zemplén'),
(1886, '3645', 'Mályinka', 'Borsod-Abaúj-Zemplén'),
(1887, '4942', 'Mánd', 'Szabolcs-Szatmár-Bereg'),
(1888, '4644', 'Mándok', 'Szabolcs-Szatmár-Bereg'),
(1889, '7304', 'Mánfa', 'Baranya'),
(1890, '2065', 'Mány', 'Fejér'),
(1891, '7733', 'Maráza', 'Baranya'),
(1892, '9534', 'Marcalgergelyi', 'Veszprém'),
(1893, '8714', 'Marcali', 'Somogy'),
(1894, '8709', 'Marcali', 'Somogy'),
(1895, '8700', 'Marcali', 'Somogy'),
(1896, '8531', 'Marcaltő', 'Veszprém'),
(1897, '8532', 'Marcaltő', 'Veszprém'),
(1898, '7817', 'Márfa', 'Baranya'),
(1899, '2527', 'Máriahalom', 'Komárom-Esztergom'),
(1900, '9231', 'Máriakálnok', 'Győr-Moson-Sopron'),
(1901, '7663', 'Máriakéménd', 'Baranya'),
(1902, '2629', 'Márianosztra', 'Pest'),
(1903, '4326', 'Máriapócs', 'Szabolcs-Szatmár-Bereg'),
(1904, '3262', 'Markaz', 'Heves'),
(1905, '3075', 'Márkháza', 'Nógrád'),
(1906, '8441', 'Márkó', 'Veszprém'),
(1907, '7967', 'Markóc', 'Baranya'),
(1908, '9164', 'Markotabödöge', 'Győr-Moson-Sopron'),
(1909, '8888', 'Maróc', 'Zala'),
(1910, '7960', 'Marócsa', 'Baranya'),
(1911, '7774', 'Márok', 'Baranya'),
(1912, '8976', 'Márokföld', 'Zala'),
(1913, '4932', 'Márokpapi', 'Szabolcs-Szatmár-Bereg'),
(1914, '6921', 'Maroslele', 'Csongrád'),
(1915, '6636', 'Mártély', 'Csongrád'),
(1916, '5435', 'Martfű', 'Jász-Nagykun-Szolnok'),
(1917, '7720', 'Martonfa', 'Baranya'),
(1918, '2462', 'Martonvásár', 'Fejér'),
(1919, '3755', 'Martonyi', 'Borsod-Abaúj-Zemplén'),
(1920, '4700', 'Mátészalka', 'Szabolcs-Szatmár-Bereg'),
(1921, '6452', 'Mátételke', 'Bács-Kiskun'),
(1922, '3247', 'Mátraballa', 'Heves'),
(1923, '3246', 'Mátraderecske', 'Heves'),
(1924, '3155', 'Mátramindszent', 'Nógrád'),
(1925, '3144', 'Mátranovák', 'Nógrád'),
(1926, '3143', 'Mátranovák', 'Nógrád'),
(1927, '3142', 'Mátraszele', 'Nógrád'),
(1928, '3234', 'Mátraszentimre', 'Heves'),
(1929, '3235', 'Mátraszentimre', 'Heves'),
(1930, '3068', 'Mátraszőlős', 'Nógrád'),
(1931, '3145', 'Mátraterenye', 'Nógrád'),
(1932, '3146', 'Mátraterenye', 'Nógrád'),
(1933, '3077', 'Mátraverebély', 'Nógrád'),
(1934, '7854', 'Matty', 'Fejér'),
(1935, '8134', 'Mátyásdomb', 'Baranya'),
(1936, '4835', 'Mátyus', 'Szabolcs-Szatmár-Bereg'),
(1937, '7351', 'Máza', 'Baranya'),
(1938, '7695', 'Mecseknádasd', 'Baranya'),
(1939, '7300', 'Mecsekpölöske', 'Baranya'),
(1940, '9176', 'Mecsér', 'Győr-Moson-Sopron'),
(1941, '5664', 'Medgyesbodzás', 'Békés'),
(1942, '5663', 'Medgyesbodzás', 'Békés'),
(1943, '5752', 'Medgyesegyháza', 'Békés'),
(1944, '5666', 'Medgyesegyháza', 'Békés'),
(1945, '7057', 'Medina', 'Tolna'),
(1946, '9757', 'Meggyeskovácsi', 'Vas'),
(1947, '3718', 'Megyaszó', 'Borsod-Abaúj-Zemplén'),
(1948, '9754', 'Megyehid', 'Vas'),
(1949, '8348', 'Megyer', 'Veszprém'),
(1950, '5726', 'Méhkerék', 'Békés'),
(1951, '4975', 'Méhtelek', 'Szabolcs-Szatmár-Bereg'),
(1952, '7344', 'Mekényes', 'Baranya'),
(1953, '6449', 'Mélykút', 'Bács-Kiskun'),
(1954, '8271', 'Mencshely', 'Veszprém'),
(1955, '2235', 'Mende', 'Pest'),
(1956, '3871', 'Méra', 'Borsod-Abaúj-Zemplén'),
(1957, '7981', 'Merenye', 'Baranya'),
(1958, '9136', 'Mérges', 'Győr-Moson-Sopron'),
(1959, '4352', 'Mérk', 'Szabolcs-Szatmár-Bereg'),
(1960, '7453', 'Mernye', 'Somogy'),
(1961, '9531', 'Mersevát', 'Vas'),
(1962, '9662', 'Mesterháza', 'Vas'),
(1963, '9551', 'Mesteri', 'Vas'),
(1964, '5452', 'Mesterszállás', 'Jász-Nagykun-Szolnok'),
(1965, '3754', 'Meszes', 'Borsod-Abaúj-Zemplén'),
(1966, '9745', 'Meszlen', 'Vas'),
(1967, '8716', 'Mesztegnyő', 'Somogy'),
(1968, '5650', 'Mezőberény', 'Békés'),
(1969, '3450', 'Mezőcsát', 'Borsod-Abaúj-Zemplén'),
(1970, '7434', 'Mezőcsokonya', 'Somogy'),
(1971, '7370', 'Meződ', 'Baranya'),
(1972, '2422', 'Mezőfalva', 'Fejér'),
(1973, '5732', 'Mezőgyán', 'Békés'),
(1974, '5820', 'Mezőhegyes', 'Békés'),
(1975, '5453', 'Mezőhék', 'Jász-Nagykun-Szolnok'),
(1976, '3441', 'Mezőkeresztes', 'Borsod-Abaúj-Zemplén'),
(1977, '8137', 'Mezőkomárom', 'Fejér'),
(1978, '5800', 'Mezőkovácsháza', 'Békés'),
(1979, '3400', 'Mezőkövesd', 'Borsod-Abaúj-Zemplén'),
(1980, '4641', 'Mezőladány', 'Szabolcs-Szatmár-Bereg'),
(1981, '8514', 'Mezőlak', 'Veszprém'),
(1982, '3443', 'Mezőnagymihály', 'Borsod-Abaúj-Zemplén'),
(1983, '3421', 'Mezőnyárád', 'Borsod-Abaúj-Zemplén'),
(1984, '9098', 'Mezőörs', 'Győr-Moson-Sopron'),
(1985, '9097', 'Mezőörs', 'Győr-Moson-Sopron'),
(1986, '4118', 'Mezőpeterd', 'Hajdú-Bihar'),
(1987, '4134', 'Mezősas', 'Hajdú-Bihar'),
(1988, '3378', 'Mezőszemere', 'Heves'),
(1989, '8133', 'Mezőszentgyörgy', 'Fejér'),
(1990, '7017', 'Mezőszilas', 'Fejér'),
(1991, '3375', 'Mezőtárkány', 'Heves'),
(1992, '5400', 'Mezőtúr', 'Jász-Nagykun-Szolnok'),
(1993, '3931', 'Mezőzombor', 'Borsod-Abaúj-Zemplén'),
(1994, '8825', 'Miháld', 'Zala'),
(1995, '8341', 'Mihályfa', 'Zala'),
(1996, '3184', 'Mihálygerge', 'Nógrád'),
(1997, '8513', 'Mihályháza', 'Veszprém'),
(1998, '9342', 'Mihályi', 'Győr-Moson-Sopron'),
(1999, '7512', 'Mike', 'Somogy'),
(2000, '2736', 'Mikebuda', 'Pest'),
(2001, '8949', 'Mikekarácsonyfa', 'Zala'),
(2002, '4271', 'Mikepércs', 'Hajdú-Bihar'),
(2003, '7286', 'Miklósi', 'Somogy'),
(2004, '3344', 'Mikófalva', 'Heves'),
(2005, '3989', 'Mikóháza', 'Borsod-Abaúj-Zemplén'),
(2006, '9835', 'Mikosszéplak', 'Vas'),
(2007, '8917', 'Milejszeg', 'Zala'),
(2008, '4948', 'Milota', 'Szabolcs-Szatmár-Bereg'),
(2009, '6630', 'Mindszent', 'Csongrád'),
(2010, '7391', 'Mindszentgodisa', 'Baranya'),
(2011, '8282', 'Mindszentkálla', 'Veszprém'),
(2012, '8935', 'Misefa', 'Zala'),
(2013, '6343', 'Miske', 'Bács-Kiskun'),
(2014, '3510', 'Miskolc', 'Borsod-Abaúj-Zemplén'),
(2015, '3515', 'Miskolc', 'Borsod-Abaúj-Zemplén'),
(2016, '3516', 'Miskolc', 'Borsod-Abaúj-Zemplén'),
(2017, '3508', 'Miskolc', 'Borsod-Abaúj-Zemplén'),
(2018, '3517', 'Miskolc', 'Borsod-Abaúj-Zemplén'),
(2019, '3518', 'Miskolc', 'Borsod-Abaúj-Zemplén'),
(2020, '3521', 'Miskolc', 'Borsod-Abaúj-Zemplén'),
(2021, '3519', 'Miskolc', 'Borsod-Abaúj-Zemplén'),
(2022, '3500', 'Miskolc', 'Borsod-Abaúj-Zemplén'),
(2023, '3501', 'Miskolc', 'Borsod-Abaúj-Zemplén'),
(2024, '3524', 'Miskolc', 'Borsod-Abaúj-Zemplén'),
(2025, '3525', 'Miskolc', 'Borsod-Abaúj-Zemplén'),
(2026, '3526', 'Miskolc', 'Borsod-Abaúj-Zemplén'),
(2027, '3527', 'Miskolc', 'Borsod-Abaúj-Zemplén'),
(2028, '3528', 'Miskolc', 'Borsod-Abaúj-Zemplén'),
(2029, '3529', 'Miskolc', 'Borsod-Abaúj-Zemplén'),
(2030, '3530', 'Miskolc', 'Borsod-Abaúj-Zemplén'),
(2031, '3531', 'Miskolc', 'Borsod-Abaúj-Zemplén'),
(2032, '3532', 'Miskolc', 'Borsod-Abaúj-Zemplén'),
(2033, '3533', 'Miskolc', 'Borsod-Abaúj-Zemplén'),
(2034, '3534', 'Miskolc', 'Borsod-Abaúj-Zemplén'),
(2035, '3535', 'Miskolc', 'Borsod-Abaúj-Zemplén'),
(2036, '7065', 'Miszla', 'Tolna'),
(2037, '2911', 'Mocsa', 'Komárom-Esztergom'),
(2038, '7163', 'Mőcsény', 'Pest'),
(2039, '2146', 'Mogyoród', 'Komárom-Esztergom'),
(2040, '2535', 'Mogyorósbánya', 'Borsod-Abaúj-Zemplén'),
(2041, '3893', 'Mogyoróska', 'Fejér'),
(2042, '8042', 'Moha', 'Baranya'),
(2043, '7715', 'Mohács', 'Baranya'),
(2044, '7714', 'Mohács', 'Baranya'),
(2045, '7700', 'Mohács', 'Nógrád'),
(2046, '2698', 'Mohora', 'Zala'),
(2047, '8863', 'Molnári', 'Vas'),
(2048, '9912', 'Molnaszecsőd', 'Baranya'),
(2049, '7981', 'Molvány', 'Borsod-Abaúj-Zemplén'),
(2050, '3812', 'Monaj', 'Borsod-Abaúj-Zemplén'),
(2051, '3905', 'Monok', 'Pest'),
(2052, '2213', 'Monor', 'Pest'),
(2053, '2200', 'Monor', 'Heves'),
(2054, '3345', 'Mónosbél', 'Veszprém'),
(2055, '8296', 'Monostorapáti', 'Hajdú-Bihar'),
(2056, '4275', 'Monostorpályi', 'Veszprém'),
(2057, '8273', 'Monoszló', 'Baranya'),
(2058, '7751', 'Monyoród', 'Fejér'),
(2059, '8060', 'Mór', 'Tolna'),
(2060, '7165', 'Mórágy', 'Csongrád'),
(2061, '6782', 'Mórahalom', 'Bács-Kiskun'),
(2062, '6132', 'Móricgát', 'Győr-Moson-Sopron'),
(2063, '9131', 'Mórichida', 'Somogy'),
(2064, '7257', 'Mosdós', 'Győr-Moson-Sopron'),
(2065, '9200', 'Mosonmagyaróvár', 'Győr-Moson-Sopron'),
(2066, '9183', 'Mosonszentmiklós', 'Győr-Moson-Sopron'),
(2067, '9154', 'Mosonszentmiklós', 'Győr-Moson-Sopron'),
(2068, '9245', 'Mosonszolnok', 'Baranya'),
(2069, '7932', 'Mozsgó', 'Tolna'),
(2070, '7185', 'Mucsfa', 'Tolna'),
(2071, '7195', 'Mucsi', 'Tolna'),
(2072, '3744', 'Múcsony', 'Borsod-Abaúj-Zemplén'),
(2073, '3552', 'Muhi', 'Borsod-Abaúj-Zemplén'),
(2074, '8834', 'Murakeresztúr', 'Zala'),
(2075, '8868', 'Murarátka', 'Zala'),
(2076, '8872', 'Muraszemenye', 'Zala'),
(2077, '7176', 'Murga', 'Tolna'),
(2078, '5672', 'Murony', 'Békés'),
(2079, '4911', 'Nábrád', 'Szabolcs-Szatmár-Bereg'),
(2080, '8097', 'Nadap', 'Fejér'),
(2081, '9915', 'Nádasd', 'Vas'),
(2082, '8145', 'Nádasdladány', 'Fejér'),
(2083, '4181', 'Nádudvar', 'Hajdú-Bihar'),
(2084, '8674', 'Nágocs', 'Somogy'),
(2085, '8521', 'Nagyacsád', 'Veszprém'),
(2086, '8484', 'Nagyalásony', 'Veszprém'),
(2087, '4922', 'Nagyar', 'Szabolcs-Szatmár-Bereg'),
(2088, '7500', 'Nagyatád', 'Somogy'),
(2089, '9063', 'Nagybajcs', 'Győr-Moson-Sopron'),
(2090, '7561', 'Nagybajom', 'Somogy'),
(2091, '8821', 'Nagybakónak', 'Zala'),
(2092, '5668', 'Nagybánhegyes', 'Békés'),
(2093, '6527', 'Nagybaracska', 'Bács-Kiskun'),
(2094, '3641', 'Nagybarca', 'Borsod-Abaúj-Zemplén'),
(2095, '3075', 'Nagybárkány', 'Nógrád'),
(2096, '8656', 'Nagyberény', 'Somogy'),
(2097, '7255', 'Nagyberki', 'Somogy'),
(2098, '2634', 'Nagybörzsöny', 'Pest'),
(2099, '7756', 'Nagybudmér', 'Baranya'),
(2100, '9485', 'Nagycenk', 'Győr-Moson-Sopron'),
(2101, '7838', 'Nagycsány', 'Baranya'),
(2102, '3598', 'Nagycsécs', 'Borsod-Abaúj-Zemplén'),
(2103, '8628', 'Nagycsepely', 'Somogy'),
(2104, '4445', 'Nagycserkesz', 'Szabolcs-Szatmár-Bereg'),
(2105, '8554', 'Nagydém', 'Veszprém'),
(2106, '4823', 'Nagydobos', 'Szabolcs-Szatmár-Bereg'),
(2107, '7985', 'Nagydobsza', 'Baranya'),
(2108, '7044', 'Nagydorog', 'Tolna'),
(2109, '4355', 'Nagyecsed', 'Szabolcs-Szatmár-Bereg'),
(2110, '6917', 'Nagyér', 'Csongrád'),
(2111, '8415', 'Nagyesztergár', 'Veszprém'),
(2112, '3282', 'Nagyfüged', 'Heves'),
(2113, '9664', 'Nagygeresd', 'Vas'),
(2114, '8356', 'Nagygörbő', 'Zala'),
(2115, '8551', 'Nagygyimót', 'Veszprém'),
(2116, '7343', 'Nagyhajmás', 'Baranya'),
(2117, '4485', 'Nagyhalász', 'Szabolcs-Szatmár-Bereg'),
(2118, '7822', 'Nagyharsány', 'Baranya'),
(2119, '4064', 'Nagyhegyes', 'Hajdú-Bihar'),
(2120, '4977', 'Nagyhódos', 'Szabolcs-Szatmár-Bereg'),
(2121, '3994', 'Nagyhuta', 'Borsod-Abaúj-Zemplén'),
(2122, '2942', 'Nagyigmánd', 'Komárom-Esztergom'),
(2123, '5363', 'Nagyiván', 'Jász-Nagykun-Szolnok'),
(2124, '4320', 'Nagykálló', 'Szabolcs-Szatmár-Bereg'),
(2125, '5751', 'Nagykamarás', 'Békés'),
(2126, '8831', 'Nagykanizsa', 'Zala'),
(2127, '8808', 'Nagykanizsa', 'Zala'),
(2128, '8809', 'Nagykanizsa', 'Zala'),
(2129, '8800', 'Nagykanizsa', 'Zala'),
(2130, '8935', 'Nagykapornak', 'Zala'),
(2131, '2425', 'Nagykarácsony', 'Fejér'),
(2132, '2760', 'Nagykáta', 'Pest'),
(2133, '4127', 'Nagykereki', 'Hajdú-Bihar'),
(2134, '3129', 'Nagykeresztúr', 'Nógrád'),
(2135, '3844', 'Nagykinizs', 'Borsod-Abaúj-Zemplén'),
(2136, '3012', 'Nagykökényes', 'Tolna'),
(2137, '9784', 'Nagykölked', 'Somogy'),
(2138, '7092', 'Nagykónyi', 'Pest'),
(2139, '2750', 'Nagykőrös', 'Baranya'),
(2140, '7545', 'Nagykorpád', 'Heves'),
(2141, '5065', 'Nagykörű', 'Vas'),
(2142, '2094', 'Nagykovácsi', 'Pest'),
(2143, '7741', 'Nagykozár', 'Jász-Nagykun-Szolnok'),
(2144, '8911', 'Nagykutas', 'Zala'),
(2145, '6933', 'Nagylak', 'Csongrád'),
(2146, '8983', 'Nagylengyel', 'Zala'),
(2147, '3175', 'Nagylóc', 'Nógrád'),
(2148, '2435', 'Nagylók', 'Fejér'),
(2149, '9482', 'Nagylózs', 'Győr-Moson-Sopron'),
(2150, '6622', 'Nagymágocs', 'Csongrád'),
(2151, '7355', 'Nagymányok', 'Tolna'),
(2152, '2626', 'Nagymaros', 'Pest'),
(2153, '9913', 'Nagymizdó', 'Vas'),
(2154, '7784', 'Nagynyárád', 'Baranya'),
(2155, '2645', 'Nagyoroszi', 'Nógrád'),
(2156, '8912', 'Nagypáli', 'Zala'),
(2157, '7731', 'Nagypall', 'Baranya'),
(2158, '7912', 'Nagypeterd', 'Baranya'),
(2159, '8496', 'Nagypirit', 'Veszprém'),
(2160, '4173', 'Nagyrábé', 'Hajdú-Bihar'),
(2161, '8746', 'Nagyrada', 'Zala'),
(2162, '9938', 'Nagyrákos', 'Vas'),
(2163, '8756', 'Nagyrécse', 'Zala'),
(2164, '3214', 'Nagyréde', 'Heves'),
(2165, '5463', 'Nagyrév', 'Jász-Nagykun-Szolnok'),
(2166, '3965', 'Nagyrozvágy', 'Borsod-Abaúj-Zemplén'),
(2167, '2524', 'Nagysáp', 'Komárom-Esztergom'),
(2168, '9561', 'Nagysimonyi', 'Vas'),
(2169, '8739', 'Nagyszakácsi', 'Somogy'),
(2170, '7085', 'Nagyszékely', 'Tolna'),
(2171, '4962', 'Nagyszekeres', 'Szabolcs-Szatmár-Bereg'),
(2172, '5931', 'Nagyszénás', 'Békés'),
(2173, '9072', 'Nagyszentjános', 'Győr-Moson-Sopron'),
(2174, '7097', 'Nagyszokoly', 'Tolna'),
(2175, '3398', 'Nagytálya', 'Heves'),
(2176, '2142', 'Nagytarcsa', 'Pest'),
(2177, '8562', 'Nagytevel', 'Veszprém'),
(2178, '9832', 'Nagytilaj', 'Vas'),
(2179, '6612', 'Nagytőke', 'Baranya'),
(2180, '7800', 'Nagytótfalu', 'Csongrád'),
(2181, '3357', 'Nagyút', 'Heves'),
(2182, '4812', 'Nagyvarsány', 'Szabolcs-Szatmár-Bereg'),
(2183, '7912', 'Nagyváty', 'Baranya'),
(2184, '8291', 'Nagyvázsony', 'Veszprém'),
(2185, '7186', 'Nagyvejke', 'Tolna'),
(2186, '8065', 'Nagyveleg', 'Fejér'),
(2187, '2421', 'Nagyvenyim', 'Fejér'),
(2188, '3349', 'Nagyvisnyó', 'Heves'),
(2189, '7215', 'Nak', 'Tolna'),
(2190, '4552', 'Napkor', 'Szabolcs-Szatmár-Bereg'),
(2191, '9797', 'Nárai', 'Vas'),
(2192, '9793', 'Narda', 'Vas'),
(2193, '2899', 'Naszály', 'Komárom-Esztergom'),
(2194, '3463', 'Négyes', 'Borsod-Abaúj-Zemplén'),
(2195, '3646', 'Nekézseny', 'Borsod-Abaúj-Zemplén'),
(2196, '8923', 'Nemesapáti', 'Zala'),
(2197, '3592', 'Nemesbikk', 'Borsod-Abaúj-Zemplén'),
(2198, '9749', 'Nemesbőd', 'Szabolcs-Szatmár-Bereg'),
(2199, '4942', 'Nemesborzova', 'Vas'),
(2200, '8371', 'Nemesbük', 'Zala'),
(2201, '9739', 'Nemescsó', 'Vas'),
(2202, '8722', 'Nemesdéd', 'Somogy'),
(2203, '8522', 'Nemesgörzsöny', 'Veszprém'),
(2204, '8284', 'Nemesgulács', 'Veszprém'),
(2205, '8471', 'Nemeshany', 'Veszprém'),
(2206, '8925', 'Nemeshetés', 'Zala'),
(2207, '7981', 'Nemeske', 'Baranya'),
(2208, '9471', 'Nemeskér', 'Győr-Moson-Sopron'),
(2209, '9548', 'Nemeskeresztúr', 'Vas'),
(2210, '8717', 'Nemeskisfalud', 'Somogy'),
(2211, '9542', 'Nemeskocs', 'Vas'),
(2212, '9775', 'Nemeskolta', 'Vas'),
(2213, '9663', 'Nemesládony', 'Vas'),
(2214, '9953', 'Nemesmedves', 'Vas'),
(2215, '6345', 'Nemesnádudvar', 'Bács-Kiskun'),
(2216, '8976', 'Nemesnép', 'Zala'),
(2217, '8856', 'Nemespátró', 'Zala'),
(2218, '8915', 'Nemesrádó', 'Zala'),
(2219, '9782', 'Nemesrempehollós', 'Vas'),
(2220, '8925', 'Nemessándorháza', 'Zala'),
(2221, '9533', 'Nemesszalók', 'Veszprém'),
(2222, '8925', 'Nemesszentandrás', 'Zala'),
(2223, '8248', 'Nemesvámos', 'Veszprém'),
(2224, '8738', 'Nemesvid', 'Somogy'),
(2225, '8311', 'Nemesvita', 'Veszprém'),
(2226, '8581', 'Németbánya', 'Veszprém'),
(2227, '8918', 'Németfalu', 'Zala'),
(2228, '7039', 'Németkér', 'Tolna'),
(2229, '3152', 'Nemti', 'Nógrád'),
(2230, '2544', 'Neszmély', 'Komárom-Esztergom'),
(2231, '2618', 'Nézsa', 'Nógrád'),
(2232, '9652', 'Nick', 'Vas'),
(2233, '8706', 'Nikla', 'Somogy'),
(2234, '2642', 'Nógrád', 'Nógrád'),
(2235, '2691', 'Nógrádkövesd', 'Nógrád'),
(2236, '2675', 'Nógrádmarcal', 'Nógrád'),
(2237, '3132', 'Nógrádmegyer', 'Nógrád'),
(2238, '2685', 'Nógrádsáp', 'Nógrád'),
(2239, '3179', 'Nógrádsipek', 'Nógrád'),
(2240, '3187', 'Nógrádszakál', 'Nógrád'),
(2241, '8591', 'Nóráp', 'Veszprém'),
(2242, '8456', 'Noszlop', 'Veszprém'),
(2243, '3325', 'Noszvaj', 'Heves'),
(2244, '2610', 'Nőtincs', 'Zala'),
(2245, '8948', 'Nova', 'Heves'),
(2246, '3327', 'Novaj', 'Borsod-Abaúj-Zemplén'),
(2247, '3872', 'Novajidrány', 'Nógrád'),
(2248, '9096', 'Nyalka', 'Győr-Moson-Sopron'),
(2249, '8512', 'Nyárád', 'Veszprém'),
(2250, '2723', 'Nyáregyháza', 'Pest'),
(2251, '6032', 'Nyárlőrinc', 'Bács-Kiskun'),
(2252, '2712', 'Nyársapát', 'Pest'),
(2253, '3433', 'Nyékládháza', 'Borsod-Abaúj-Zemplén'),
(2254, '2537', 'Nyergesújfalu', 'Komárom-Esztergom'),
(2255, '2536', 'Nyergesújfalu', 'Komárom-Esztergom'),
(2256, '3809', 'Nyésta', 'Borsod-Abaúj-Zemplén'),
(2257, '8612', 'Nyim', 'Somogy'),
(2258, '4264', 'Nyírábrány', 'Hajdú-Bihar'),
(2259, '4262', 'Nyíracsád', 'Hajdú-Bihar'),
(2260, '8454', 'Nyirád', 'Veszprém'),
(2261, '4253', 'Nyíradony', 'Hajdú-Bihar'),
(2262, '4252', 'Nyíradony', 'Hajdú-Bihar'),
(2263, '4254', 'Nyíradony', 'Hajdú-Bihar'),
(2264, '4300', 'Nyírbátor', 'Szabolcs-Szatmár-Bereg'),
(2265, '4372', 'Nyírbéltek', 'Szabolcs-Szatmár-Bereg'),
(2266, '4361', 'Nyírbogát', 'Szabolcs-Szatmár-Bereg'),
(2267, '4511', 'Nyírbogdány', 'Szabolcs-Szatmár-Bereg'),
(2268, '4356', 'Nyírcsaholy', 'Szabolcs-Szatmár-Bereg'),
(2269, '4331', 'Nyírcsászári', 'Szabolcs-Szatmár-Bereg'),
(2270, '4332', 'Nyírderzs', 'Szabolcs-Szatmár-Bereg'),
(2271, '4405', 'Nyíregyháza', 'Szabolcs-Szatmár-Bereg'),
(2272, '4246', 'Nyíregyháza', 'Szabolcs-Szatmár-Bereg'),
(2273, '4433', 'Nyíregyháza', 'Szabolcs-Szatmár-Bereg'),
(2274, '4412', 'Nyíregyháza', 'Szabolcs-Szatmár-Bereg'),
(2275, '4432', 'Nyíregyháza', 'Szabolcs-Szatmár-Bereg'),
(2276, '4551', 'Nyíregyháza', 'Szabolcs-Szatmár-Bereg'),
(2277, '4431', 'Nyíregyháza', 'Szabolcs-Szatmár-Bereg'),
(2278, '4481', 'Nyíregyháza', 'Szabolcs-Szatmár-Bereg'),
(2279, '4400', 'Nyíregyháza', 'Szabolcs-Szatmár-Bereg'),
(2280, '4362', 'Nyírgelse', 'Szabolcs-Szatmár-Bereg'),
(2281, '4311', 'Nyírgyulaj', 'Szabolcs-Szatmár-Bereg'),
(2282, '3997', 'Nyíri', 'Borsod-Abaúj-Zemplén'),
(2283, '4535', 'Nyíribrony', 'Szabolcs-Szatmár-Bereg'),
(2284, '4541', 'Nyírjákó', 'Szabolcs-Szatmár-Bereg'),
(2285, '4544', 'Nyírkarász', 'Szabolcs-Szatmár-Bereg'),
(2286, '4333', 'Nyírkáta', 'Szabolcs-Szatmár-Bereg'),
(2287, '4537', 'Nyírkércs', 'Szabolcs-Szatmár-Bereg'),
(2288, '4632', 'Nyírlövő', 'Szabolcs-Szatmár-Bereg'),
(2289, '4371', 'Nyírlugos', 'Szabolcs-Szatmár-Bereg'),
(2290, '4564', 'Nyírmada', 'Szabolcs-Szatmár-Bereg'),
(2291, '4263', 'Nyírmártonfalva', 'Hajdú-Bihar'),
(2292, '4722', 'Nyírmeggyes', 'Szabolcs-Szatmár-Bereg'),
(2293, '4363', 'Nyírmihálydi', 'Szabolcs-Szatmár-Bereg'),
(2294, '4822', 'Nyírparasznya', 'Szabolcs-Szatmár-Bereg'),
(2295, '4531', 'Nyírpazony', 'Szabolcs-Szatmár-Bereg'),
(2296, '4376', 'Nyírpilis', 'Szabolcs-Szatmár-Bereg'),
(2297, '4522', 'Nyírtass', 'Szabolcs-Szatmár-Bereg'),
(2298, '4461', 'Nyírtelek', 'Szabolcs-Szatmár-Bereg'),
(2299, '4554', 'Nyírtét', 'Szabolcs-Szatmár-Bereg'),
(2300, '4532', 'Nyírtura', 'Szabolcs-Szatmár-Bereg'),
(2301, '4341', 'Nyírvasvári', 'Szabolcs-Szatmár-Bereg'),
(2302, '9682', 'Nyőgér', 'Borsod-Abaúj-Zemplén'),
(2303, '3795', 'Nyomár', 'Vas'),
(2304, '7912', 'Nyugotszenterzsébet', 'Baranya'),
(2305, '9082', 'Nyúl', 'Győr-Moson-Sopron'),
(2306, '7695', 'Óbánya', 'Baranya'),
(2307, '2063', 'Óbarok', 'Fejér'),
(2308, '8272', 'Óbudavár', 'Veszprém'),
(2309, '8292', 'Öcs', 'Pest'),
(2310, '2364', 'Ócsa', 'Baranya'),
(2311, '7814', 'Ócsárd', 'Baranya'),
(2312, '7143', 'Őcsény', 'Szabolcs-Szatmár-Bereg'),
(2313, '5451', 'Öcsöd', 'Csongrád'),
(2314, '7695', 'Ófalu', 'Zala'),
(2315, '4558', 'Ófehértó', 'Békés'),
(2316, '6923', 'Óföldeák', 'Baranya'),
(2317, '8342', 'Óhid', 'Baranya'),
(2318, '5534', 'Okány', 'Baranya'),
(2319, '7957', 'Okorág', 'Vas'),
(2320, '4755', 'Ököritófülpös', 'Veszprém'),
(2321, '7681', 'Okorvölgy', 'Borsod-Abaúj-Zemplén'),
(2322, '7745', 'Olasz', 'Szabolcs-Szatmár-Bereg'),
(2323, '9824', 'Olaszfa', 'Szabolcs-Szatmár-Bereg'),
(2324, '8414', 'Olaszfalu', 'Baranya'),
(2325, '3933', 'Olaszliszka', 'Vas'),
(2326, '9621', 'Ölbő', 'Zala'),
(2327, '4826', 'Olcsva', 'Borsod-Abaúj-Zemplén'),
(2328, '4914', 'Olcsvaapáti', 'Borsod-Abaúj-Zemplén'),
(2329, '7824', 'Old', 'Szabolcs-Szatmár-Bereg'),
(2330, '9733', 'Ólmod', 'Csongrád'),
(2331, '8886', 'Oltárc', 'Zala'),
(2332, '4373', 'Ömböly', 'Somogy'),
(2333, '3562', 'Onga', 'Somogy'),
(2334, '3551', 'Ónod', 'Bács-Kiskun'),
(2335, '4821', 'Ópályi', 'Vas'),
(2336, '6767', 'Ópusztaszer', 'Baranya'),
(2337, '4336', 'Őr', 'Bács-Kiskun'),
(2338, '8935', 'Orbányosfa', 'Zala'),
(2339, '2162', 'Őrbottyán', 'Borsod-Abaúj-Zemplén'),
(2340, '7400', 'Orci', 'Békés'),
(2341, '8635', 'Ordacsehi', 'Békés'),
(2342, '6335', 'Ordas', 'Békés'),
(2343, '6311', 'Öregcsertő', 'Békés'),
(2344, '8697', 'Öreglak', 'Veszprém'),
(2345, '9982', 'Orfalu', 'Komárom-Esztergom'),
(2346, '7677', 'Orfű', 'Baranya'),
(2347, '6077', 'Orgovány', 'Zala'),
(2348, '2671', 'Őrhalom', 'Zala'),
(2349, '9933', 'Őrimagyarósd', 'Győr-Moson-Sopron'),
(2350, '9941', 'Őriszentpéter', 'Vas'),
(2351, '2377', 'Örkény', 'Heves'),
(2352, '8983', 'Ormándlak', 'Vas'),
(2353, '5222', 'Örményes', 'Borsod-Abaúj-Zemplén'),
(2354, '5556', 'Örménykút', 'Somogy'),
(2355, '3743', 'Ormosbánya', 'Borsod-Abaúj-Zemplén'),
(2356, '5904', 'Orosháza', 'Borsod-Abaúj-Zemplén'),
(2357, '5903', 'Orosháza', 'Borsod-Abaúj-Zemplén'),
(2358, '5905', 'Orosháza', 'Borsod-Abaúj-Zemplén'),
(2359, '5900', 'Orosháza', 'Borsod-Abaúj-Zemplén'),
(2360, '8458', 'Oroszi', 'Borsod-Abaúj-Zemplén'),
(2361, '2840', 'Oroszlány', 'Borsod-Abaúj-Zemplén'),
(2362, '7370', 'Oroszló', 'Borsod-Abaúj-Zemplén'),
(2363, '8744', 'Orosztony', 'Baranya'),
(2364, '8954', 'Ortaháza', 'Zala'),
(2365, '8854', 'Őrtilos', 'Tolna'),
(2366, '8242', 'Örvényes', 'Veszprém'),
(2367, '2610', 'Ősagárd', 'Tolna'),
(2368, '8161', 'Ősi', 'Jász-Nagykun-Szolnok'),
(2369, '8191', 'Öskü', 'Szabolcs-Szatmár-Bereg'),
(2370, '9354', 'Osli', 'Vas'),
(2371, '9512', 'Ostffyasszonyfa', 'Szabolcs-Szatmár-Bereg'),
(2372, '3326', 'Ostoros', 'Szabolcs-Szatmár-Bereg'),
(2373, '9825', 'Oszkó', 'Pest'),
(2374, '3591', 'Oszlár', 'Bács-Kiskun'),
(2375, '7444', 'Osztopán', 'Somogy'),
(2376, '9153', 'Öttevény', 'Nógrád'),
(2377, '6784', 'Öttömös', 'Vas'),
(2378, '7511', 'Ötvöskónyi', 'Vas'),
(2379, '3604', 'Ózd', 'Pest'),
(2380, '3651', 'Ózd', 'Jász-Nagykun-Szolnok'),
(2381, '3661', 'Ózd', 'Békés'),
(2382, '3603', 'Ózd', 'Somogy'),
(2383, '3662', 'Ózd', 'Veszprém'),
(2384, '3625', 'Ózd', 'Nógrád'),
(2385, '3621', 'Ózd', 'Veszprém'),
(2386, '3600', 'Ózd', 'Veszprém'),
(2387, '7836', 'Ózdfalu', 'Győr-Moson-Sopron'),
(2388, '8998', 'Ozmánbük', 'Csongrád'),
(2389, '7086', 'Ozora', 'Somogy'),
(2390, '3964', 'Pácin', 'Borsod-Abaúj-Zemplén'),
(2391, '8761', 'Pacsa', 'Zala'),
(2392, '9823', 'Pácsony', 'Vas'),
(2393, '8935', 'Padár', 'Zala'),
(2394, '6075', 'Páhi', 'Bács-Kiskun'),
(2395, '8956', 'Páka', 'Zala'),
(2396, '8799', 'Pakod', 'Zala'),
(2397, '8095', 'Pákozd', 'Fejér'),
(2398, '7027', 'Paks', 'Tolna'),
(2399, '7030', 'Paks', 'Tolna'),
(2400, '7370', 'Palé', 'Baranya'),
(2401, '7042', 'Pálfa', 'Tolna'),
(2402, '8990', 'Pálfiszeg', 'Zala'),
(2403, '3994', 'Pálháza', 'Borsod-Abaúj-Zemplén'),
(2404, '9345', 'Páli', 'Győr-Moson-Sopron'),
(2405, '7771', 'Palkonya', 'Baranya'),
(2406, '7561', 'Pálmajor', 'Somogy'),
(2407, '6112', 'Pálmonostora', 'Bács-Kiskun'),
(2408, '7727', 'Palotabozsok', 'Baranya'),
(2409, '3042', 'Palotás', 'Nógrád'),
(2410, '8229', 'Paloznak', 'Veszprém'),
(2411, '3821', 'Pamlény', 'Borsod-Abaúj-Zemplén'),
(2412, '8698', 'Pamuk', 'Somogy'),
(2413, '2214', 'Pánd', 'Pest'),
(2414, '9937', 'Pankasz', 'Vas'),
(2415, '9090', 'Pannonhalma', 'Győr-Moson-Sopron'),
(2416, '3898', 'Pányok', 'Borsod-Abaúj-Zemplén'),
(2417, '4913', 'Panyola', 'Szabolcs-Szatmár-Bereg'),
(2418, '4631', 'Pap', 'Szabolcs-Szatmár-Bereg'),
(2419, '8511', 'Pápa', 'Veszprém'),
(2420, '8591', 'Pápa', 'Veszprém'),
(2421, '8598', 'Pápa', 'Veszprém'),
(2422, '8500', 'Pápa', 'Veszprém'),
(2423, '8593', 'Pápadereske', 'Veszprém'),
(2424, '8596', 'Pápakovácsi', 'Veszprém'),
(2425, '8594', 'Pápasalamon', 'Veszprém'),
(2426, '8556', 'Pápateszér', 'Veszprém'),
(2427, '8183', 'Papkeszi', 'Veszprém'),
(2428, '9515', 'Pápoc', 'Vas'),
(2429, '4338', 'Papos', 'Szabolcs-Szatmár-Bereg'),
(2430, '7838', 'Páprád', 'Baranya'),
(2431, '3244', 'Parád', 'Heves'),
(2432, '3240', 'Parád', 'Heves'),
(2433, '3242', 'Parádsasvár', 'Heves'),
(2434, '3777', 'Parasznya', 'Borsod-Abaúj-Zemplén'),
(2435, '4475', 'Paszab', 'Szabolcs-Szatmár-Bereg'),
(2436, '3065', 'Pásztó', 'Nógrád'),
(2437, '3082', 'Pásztó', 'Nógrád'),
(2438, '3060', 'Pásztó', 'Nógrád'),
(2439, '9311', 'Pásztori', 'Győr-Moson-Sopron'),
(2440, '8825', 'Pat', 'Zala'),
(2441, '2648', 'Patak', 'Nógrád'),
(2442, '7463', 'Patalom', 'Somogy'),
(2443, '7923', 'Patapoklosi', 'Baranya'),
(2444, '7477', 'Patca', 'Somogy'),
(2445, '8092', 'Pátka', 'Fejér'),
(2446, '7536', 'Patosfa', 'Somogy'),
(2447, '4523', 'Pátroha', 'Szabolcs-Szatmár-Bereg'),
(2448, '2668', 'Patvarc', 'Nógrád'),
(2449, '2071', 'Páty', 'Pest'),
(2450, '4766', 'Pátyod', 'Szabolcs-Szatmár-Bereg'),
(2451, '2476', 'Pázmánd', 'Fejér'),
(2452, '9085', 'Pázmándfalu', 'Győr-Moson-Sopron'),
(2453, '2119', 'Pécel', 'Pest'),
(2454, '9754', 'Pecöl', 'Vas'),
(2455, '7693', 'Pécs', 'Baranya'),
(2456, '7691', 'Pécs', 'Baranya'),
(2457, '7600', 'Pécs', 'Baranya'),
(2458, '7621', 'Pécs', 'Baranya'),
(2459, '7622', 'Pécs', 'Baranya'),
(2460, '7623', 'Pécs', 'Baranya'),
(2461, '7624', 'Pécs', 'Baranya'),
(2462, '7625', 'Pécs', 'Baranya'),
(2463, '7626', 'Pécs', 'Baranya'),
(2464, '7627', 'Pécs', 'Baranya'),
(2465, '7628', 'Pécs', 'Baranya'),
(2466, '7629', 'Pécs', 'Baranya'),
(2467, '7630', 'Pécs', 'Baranya'),
(2468, '7631', 'Pécs', 'Baranya'),
(2469, '7632', 'Pécs', 'Baranya'),
(2470, '7633', 'Pécs', 'Baranya'),
(2471, '7634', 'Pécs', 'Baranya'),
(2472, '7635', 'Pécs', 'Baranya'),
(2473, '7636', 'Pécs', 'Baranya'),
(2474, '7951', 'Pécsbagota', 'Baranya'),
(2475, '7766', 'Pécsdevecser', 'Baranya'),
(2476, '8245', 'Pécsely', 'Veszprém'),
(2477, '7762', 'Pécsudvard', 'Baranya'),
(2478, '7720', 'Pécsvárad', 'Baranya'),
(2479, '7831', 'Pellérd', 'Baranya'),
(2480, '3381', 'Pély', 'Heves'),
(2481, '2614', 'Penc', 'Pest'),
(2482, '4267', 'Penészlek', 'Szabolcs-Szatmár-Bereg'),
(2483, '4941', 'Penyige', 'Veszprém'),
(2484, '8426', 'Pénzesgyőr', 'Szabolcs-Szatmár-Bereg'),
(2485, '9099', 'Pér', 'Győr-Moson-Sopron'),
(2486, '2074', 'Perbál', 'Pest'),
(2487, '3853', 'Pere', 'Borsod-Abaúj-Zemplén'),
(2488, '3821', 'Perecse', 'Borsod-Abaúj-Zemplén'),
(2489, '7664', 'Pereked', 'Baranya'),
(2490, '9722', 'Perenye', 'Vas'),
(2491, '9734', 'Peresznye', 'Vas'),
(2492, '9484', 'Pereszteg', 'Győr-Moson-Sopron'),
(2493, '2431', 'Perkáta', 'Fejér'),
(2494, '3756', 'Perkupa', 'Borsod-Abaúj-Zemplén'),
(2495, '2637', 'Perőcsény', 'Pest'),
(2496, '7766', 'Peterd', 'Baranya'),
(2497, '7582', 'Péterhida', 'Somogy'),
(2498, '2209', 'Péteri', 'Pest'),
(2499, '3250', 'Pétervására', 'Heves'),
(2500, '8105', 'Pétfürdő', 'Veszprém'),
(2501, '8921', 'Pethőhenye', 'Zala'),
(2502, '4542', 'Petneháza', 'Szabolcs-Szatmár-Bereg'),
(2503, '3023', 'Petőfibánya', 'Heves'),
(2504, '6113', 'Petőfiszállás', 'Bács-Kiskun'),
(2505, '9443', 'Petőháza', 'Győr-Moson-Sopron'),
(2506, '9826', 'Petőmihályfa', 'Vas'),
(2507, '8984', 'Petrikeresztúr', 'Zala'),
(2508, '8866', 'Petrivente', 'Zala'),
(2509, '7980', 'Pettend', 'Baranya'),
(2510, '3134', 'Piliny', 'Nógrád'),
(2511, '2721', 'Pilis', 'Pest'),
(2512, '2097', 'Pilisborosjenő', 'Pest'),
(2513, '2087', 'Piliscsaba', 'Pest'),
(2514, '2081', 'Piliscsaba', 'Pest'),
(2515, '2519', 'Piliscsév', 'Komárom-Esztergom'),
(2516, '2080', 'Pilisjászfalu', 'Pest'),
(2517, '2028', 'Pilismarót', 'Komárom-Esztergom'),
(2518, '2095', 'Pilisszántó', 'Pest'),
(2519, '2084', 'Pilisszentiván', 'Pest'),
(2520, '2099', 'Pilisszentkereszt', 'Pest'),
(2521, '2098', 'Pilisszentkereszt', 'Pest'),
(2522, '2009', 'Pilisszentlászló', 'Pest'),
(2523, '2085', 'Pilisvörösvár', 'Pest'),
(2524, '7084', 'Pincehely', 'Tolna'),
(2525, '9922', 'Pinkamindszent', 'Vas'),
(2526, '9481', 'Pinnye', 'Győr-Moson-Sopron'),
(2527, '4375', 'Piricse', 'Szabolcs-Szatmár-Bereg'),
(2528, '6414', 'Pirtó', 'Bács-Kiskun'),
(2529, '7838', 'Piskó', 'Baranya'),
(2530, '6914', 'Pitvaros', 'Csongrád'),
(2531, '7756', 'Pócsa', 'Baranya'),
(2532, '4125', 'Pocsaj', 'Hajdú-Bihar'),
(2533, '2017', 'Pócsmegyer', 'Pest'),
(2534, '4327', 'Pócspetri', 'Szabolcs-Szatmár-Bereg'),
(2535, '7666', 'Pogány', 'Baranya'),
(2536, '8728', 'Pogányszentpéter', 'Somogy'),
(2537, '8932', 'Pókaszepetk', 'Zala'),
(2538, '7458', 'Polány', 'Somogy'),
(2539, '4090', 'Polgár', 'Hajdú-Bihar'),
(2540, '8153', 'Polgárdi', 'Fejér');
INSERT INTO `varosok` (`id`, `iranyitoszam`, `varos_nev`, `megye`) VALUES
(2541, '8155', 'Polgárdi', 'Fejér'),
(2542, '8154', 'Polgárdi', 'Fejér'),
(2543, '8929', 'Pölöske', 'Pest'),
(2544, '8773', 'Pölöskefő', 'Szabolcs-Szatmár-Bereg'),
(2545, '2013', 'Pomáz', 'Vas'),
(2546, '7142', 'Pörböly', 'Heves'),
(2547, '4761', 'Porcsalma', 'Vas'),
(2548, '8956', 'Pördefölde', 'Somogy'),
(2549, '9796', 'Pornóapáti', 'Somogy'),
(2550, '3388', 'Poroszló', 'Somogy'),
(2551, '9612', 'Porpác', 'Zala'),
(2552, '8858', 'Porrog', 'Veszprém'),
(2553, '8858', 'Porrogszentkirály', 'Vas'),
(2554, '8858', 'Porrogszentpál', 'Somogy'),
(2555, '8986', 'Pórszombat', 'Győr-Moson-Sopron'),
(2556, '8429', 'Porva', 'Zala'),
(2557, '9636', 'Pósfa', 'Zala'),
(2558, '7977', 'Potony', 'Tolna'),
(2559, '8767', 'Pötréte', 'Zala'),
(2560, '9324', 'Potyond', 'Zala'),
(2561, '3925', 'Prügy', 'Borsod-Abaúj-Zemplén'),
(2562, '8291', 'Pula', 'Veszprém'),
(2563, '9235', 'Püski', 'Zala'),
(2564, '2682', 'Püspökhatvan', 'Nógrád'),
(2565, '4150', 'Püspökladány', 'Győr-Moson-Sopron'),
(2566, '9776', 'Püspökmolnári', 'Vas'),
(2567, '2166', 'Püspökszilágy', 'Szabolcs-Szatmár-Bereg'),
(2568, '8986', 'Pusztaapáti', 'Zala'),
(2569, '2658', 'Pusztaberki', 'Borsod-Abaúj-Zemplén'),
(2570, '9373', 'Pusztacsalád', 'Békés'),
(2571, '9739', 'Pusztacsó', 'Tolna'),
(2572, '4565', 'Pusztadobos', 'Somogy'),
(2573, '8946', 'Pusztaederics', 'Zala'),
(2574, '3995', 'Pusztafalu', 'Csongrád'),
(2575, '5919', 'Pusztaföldvár', 'Veszprém'),
(2576, '7038', 'Pusztahencse', 'Jász-Nagykun-Szolnok'),
(2577, '8707', 'Pusztakovácsi', 'Békés'),
(2578, '8895', 'Pusztamagyaród', 'Borsod-Abaúj-Zemplén'),
(2579, '6785', 'Pusztamérges', 'Fejér'),
(2580, '8455', 'Pusztamiske', 'Somogy'),
(2581, '5125', 'Pusztamonostor', 'Zala'),
(2582, '5665', 'Pusztaottlaka', 'Csongrád'),
(2583, '3874', 'Pusztaradvány', 'Pest'),
(2584, '2490', 'Pusztaszabolcs', 'Fejér'),
(2585, '8619', 'Pusztaszemes', 'Pest'),
(2586, '8896', 'Pusztaszentlászló', 'Borsod-Abaúj-Zemplén'),
(2587, '6769', 'Pusztaszer', 'Győr-Moson-Sopron'),
(2588, '2378', 'Pusztavacs', 'Pest'),
(2589, '8066', 'Pusztavám', 'Hajdú-Bihar'),
(2590, '2039', 'Pusztazámor', 'Vas'),
(2591, '3630', 'Putnok', 'Pest'),
(2592, '9313', 'Rábacsanak', 'Győr-Moson-Sopron'),
(2593, '9136', 'Rábacsécsény', 'Győr-Moson-Sopron'),
(2594, '9961', 'Rábagyarmat', 'Vas'),
(2595, '9777', 'Rábahidvég', 'Vas'),
(2596, '9344', 'Rábakecöl', 'Győr-Moson-Sopron'),
(2597, '9142', 'Rábapatona', 'Győr-Moson-Sopron'),
(2598, '9641', 'Rábapaty', 'Vas'),
(2599, '9146', 'Rábapordány', 'Győr-Moson-Sopron'),
(2600, '9327', 'Rábasebes', 'Győr-Moson-Sopron'),
(2601, '9316', 'Rábaszentandrás', 'Győr-Moson-Sopron'),
(2602, '9135', 'Rábaszentmihály', 'Győr-Moson-Sopron'),
(2603, '9133', 'Rábaszentmiklós', 'Győr-Moson-Sopron'),
(2604, '9322', 'Rábatamási', 'Győr-Moson-Sopron'),
(2605, '9766', 'Rábatöttös', 'Vas'),
(2606, '9165', 'Rábcakapi', 'Győr-Moson-Sopron'),
(2607, '2459', 'Rácalmás', 'Fejér'),
(2608, '2465', 'Ráckeresztúr', 'Fejér'),
(2609, '2300', 'Ráckeve', 'Pest'),
(2610, '2613', 'Rád', 'Pest'),
(2611, '7817', 'Rádfalva', 'Baranya'),
(2612, '9784', 'Rádóckölked', 'Vas'),
(2613, '3776', 'Radostyán', 'Borsod-Abaúj-Zemplén'),
(2614, '3724', 'Ragály', 'Borsod-Abaúj-Zemplén'),
(2615, '9224', 'Rajka', 'Győr-Moson-Sopron'),
(2616, '3825', 'Rakaca', 'Borsod-Abaúj-Zemplén'),
(2617, '3826', 'Rakacaszend', 'Borsod-Abaúj-Zemplén'),
(2618, '4465', 'Rakamaz', 'Szabolcs-Szatmár-Bereg'),
(2619, '5085', 'Rákóczifalva', 'Jász-Nagykun-Szolnok'),
(2620, '5084', 'Rákócziújfalu', 'Jász-Nagykun-Szolnok'),
(2621, '7464', 'Ráksi', 'Somogy'),
(2622, '8973', 'Ramocsa', 'Zala'),
(2623, '4536', 'Ramocsaháza', 'Szabolcs-Szatmár-Bereg'),
(2624, '4756', 'Rápolt', 'Szabolcs-Szatmár-Bereg'),
(2625, '8300', 'Raposka', 'Veszprém'),
(2626, '3833', 'Rásonysápberencs', 'Borsod-Abaúj-Zemplén'),
(2627, '3908', 'Rátka', 'Borsod-Abaúj-Zemplén'),
(2628, '9951', 'Rátót', 'Vas'),
(2629, '9091', 'Ravazd', 'Győr-Moson-Sopron'),
(2630, '3245', 'Recsk', 'Heves'),
(2631, '2886', 'Réde', 'Komárom-Esztergom'),
(2632, '8978', 'Rédics', 'Zala'),
(2633, '3893', 'Regéc', 'Borsod-Abaúj-Zemplén'),
(2634, '7833', 'Regenye', 'Baranya'),
(2635, '7193', 'Regöly', 'Tolna'),
(2636, '6446', 'Rém', 'Bács-Kiskun'),
(2637, '2094', 'Remeteszőlős', 'Pest'),
(2638, '3559', 'Répáshuta', 'Borsod-Abaúj-Zemplén'),
(2639, '9653', 'Répcelak', 'Vas'),
(2640, '9375', 'Répceszemere', 'Győr-Moson-Sopron'),
(2641, '9623', 'Répceszentgyörgy', 'Vas'),
(2642, '9475', 'Répcevis', 'Győr-Moson-Sopron'),
(2643, '8977', 'Resznek', 'Zala'),
(2644, '9074', 'Rétalap', 'Győr-Moson-Sopron'),
(2645, '4525', 'Rétközberencs', 'Szabolcs-Szatmár-Bereg'),
(2646, '2651', 'Rétság', 'Nógrád'),
(2647, '8253', 'Révfülöp', 'Veszprém'),
(2648, '3976', 'Révleányvár', 'Borsod-Abaúj-Zemplén'),
(2649, '8373', 'Rezi', 'Zala'),
(2650, '3974', 'Ricse', 'Borsod-Abaúj-Zemplén'),
(2651, '8348', 'Rigács', 'Veszprém'),
(2652, '8883', 'Rigyác', 'Zala'),
(2653, '3177', 'Rimóc', 'Nógrád'),
(2654, '7552', 'Rinyabesenyő', 'Somogy'),
(2655, '7527', 'Rinyakovácsi', 'Somogy'),
(2656, '7513', 'Rinyaszentkirály', 'Somogy'),
(2657, '7556', 'Rinyaújlak', 'Somogy'),
(2658, '7584', 'Rinyaújnép', 'Somogy'),
(2659, '4563', 'Rohod', 'Szabolcs-Szatmár-Bereg'),
(2660, '9451', 'Röjtökmuzsaj', 'Veszprém'),
(2661, '8434', 'Románd', 'Nógrád'),
(2662, '2654', 'Romhány', 'Baranya'),
(2663, '7743', 'Romonya', 'Baranya'),
(2664, '9954', 'Rönök', 'Szabolcs-Szatmár-Bereg'),
(2665, '6758', 'Röszke', 'Heves'),
(2666, '7914', 'Rózsafa', 'Győr-Moson-Sopron'),
(2667, '4971', 'Rozsály', 'Vas'),
(2668, '3033', 'Rózsaszentmárton', 'Csongrád'),
(2669, '3733', 'Rudabánya', 'Borsod-Abaúj-Zemplén'),
(2670, '3742', 'Rudolftelep', 'Borsod-Abaúj-Zemplén'),
(2671, '9766', 'Rum', 'Vas'),
(2672, '6786', 'Ruzsa', 'Csongrád'),
(2673, '3162', 'Ságújfalu', 'Nógrád'),
(2674, '8654', 'Ságvár', 'Somogy'),
(2675, '3792', 'Sajóbábony', 'Borsod-Abaúj-Zemplén'),
(2676, '3793', 'Sajóecseg', 'Borsod-Abaúj-Zemplén'),
(2677, '3636', 'Sajógalgóc', 'Borsod-Abaúj-Zemplén'),
(2678, '3576', 'Sajóhidvég', 'Borsod-Abaúj-Zemplén'),
(2679, '3720', 'Sajóivánka', 'Borsod-Abaúj-Zemplén'),
(2680, '3773', 'Sajókápolna', 'Borsod-Abaúj-Zemplén'),
(2681, '3720', 'Sajókaza', 'Borsod-Abaúj-Zemplén'),
(2682, '3791', 'Sajókeresztúr', 'Borsod-Abaúj-Zemplén'),
(2683, '3572', 'Sajólád', 'Borsod-Abaúj-Zemplén'),
(2684, '3773', 'Sajólászlófalva', 'Borsod-Abaúj-Zemplén'),
(2685, '3656', 'Sajómercse', 'Borsod-Abaúj-Zemplén'),
(2686, '3652', 'Sajónémeti', 'Borsod-Abaúj-Zemplén'),
(2687, '3586', 'Sajóörös', 'Borsod-Abaúj-Zemplén'),
(2688, '3714', 'Sajópálfala', 'Borsod-Abaúj-Zemplén'),
(2689, '3573', 'Sajópetri', 'Borsod-Abaúj-Zemplén'),
(2690, '3653', 'Sajópüspöki', 'Borsod-Abaúj-Zemplén'),
(2691, '3712', 'Sajósenye', 'Borsod-Abaúj-Zemplén'),
(2692, '3770', 'Sajószentpéter', 'Borsod-Abaúj-Zemplén'),
(2693, '3599', 'Sajószöged', 'Borsod-Abaúj-Zemplén'),
(2694, '3712', 'Sajóvámos', 'Borsod-Abaúj-Zemplén'),
(2695, '3656', 'Sajóvelezd', 'Borsod-Abaúj-Zemplén'),
(2696, '9632', 'Sajtoskál', 'Vas'),
(2697, '8256', 'Salföld', 'Veszprém'),
(2698, '3102', 'Salgótarján', 'Nógrád'),
(2699, '3109', 'Salgótarján', 'Nógrád'),
(2700, '3121', 'Salgótarján', 'Nógrád'),
(2701, '3104', 'Salgótarján', 'Nógrád'),
(2702, '3141', 'Salgótarján', 'Nógrád'),
(2703, '3100', 'Salgótarján', 'Nógrád'),
(2704, '9742', 'Salköveskút', 'Vas'),
(2705, '8995', 'Salomvár', 'Zala'),
(2706, '3425', 'Sály', 'Borsod-Abaúj-Zemplén'),
(2707, '7841', 'Sámod', 'Baranya'),
(2708, '3074', 'Sámsonháza', 'Nógrád'),
(2709, '8824', 'Sand', 'Zala'),
(2710, '6762', 'Sándorfalva', 'Csongrád'),
(2711, '7479', 'Sántos', 'Somogy'),
(2712, '4176', 'Sáp', 'Hajdú-Bihar'),
(2713, '4272', 'Sáránd', 'Hajdú-Bihar'),
(2714, '3942', 'Sárazsadány', 'Borsod-Abaúj-Zemplén'),
(2715, '7018', 'Sárbogárd', 'Fejér'),
(2716, '7019', 'Sárbogárd', 'Fejér'),
(2717, '7003', 'Sárbogárd', 'Fejér'),
(2718, '7000', 'Sárbogárd', 'Fejér'),
(2719, '7014', 'Sáregres', 'Fejér'),
(2720, '9813', 'Sárfimizdó', 'Vas'),
(2721, '8944', 'Sárhida', 'Zala'),
(2722, '2523', 'Sárisáp', 'Komárom-Esztergom'),
(2723, '5720', 'Sarkad', 'Békés'),
(2724, '5731', 'Sarkadkeresztúr', 'Békés'),
(2725, '8051', 'Sárkeresztes', 'Fejér'),
(2726, '8125', 'Sárkeresztúr', 'Fejér'),
(2727, '8144', 'Sárkeszi', 'Fejér'),
(2728, '8391', 'Sármellék', 'Zala'),
(2729, '7781', 'Sárok', 'Baranya'),
(2730, '2433', 'Sárosd', 'Fejér'),
(2731, '3952', 'Sárospatak', 'Borsod-Abaúj-Zemplén'),
(2732, '3950', 'Sárospatak', 'Borsod-Abaúj-Zemplén'),
(2733, '7145', 'Sárpilis', 'Tolna'),
(2734, '4171', 'Sárrétudvari', 'Hajdú-Bihar'),
(2735, '9434', 'Sarród', 'Győr-Moson-Sopron'),
(2736, '9435', 'Sarród', 'Győr-Moson-Sopron'),
(2737, '8126', 'Sárszentágota', 'Fejér'),
(2738, '7047', 'Sárszentlőrinc', 'Tolna'),
(2739, '8141', 'Sárszentmihály', 'Fejér'),
(2740, '8143', 'Sárszentmihály', 'Fejér'),
(2741, '3386', 'Sarud', 'Heves'),
(2742, '9609', 'Sárvár', 'Vas'),
(2743, '9608', 'Sárvár', 'Vas'),
(2744, '9600', 'Sárvár', 'Vas'),
(2745, '7370', 'Sásd', 'Baranya'),
(2746, '8308', 'Sáska', 'Veszprém'),
(2747, '3659', 'Sáta', 'Borsod-Abaúj-Zemplén'),
(2748, '3944', 'Sátoraljaújhely', 'Borsod-Abaúj-Zemplén'),
(2749, '3945', 'Sátoraljaújhely', 'Borsod-Abaúj-Zemplén'),
(2750, '3988', 'Sátoraljaújhely', 'Borsod-Abaúj-Zemplén'),
(2751, '3980', 'Sátoraljaújhely', 'Borsod-Abaúj-Zemplén'),
(2752, '7785', 'Sátorhely', 'Baranya'),
(2753, '8732', 'Sávoly', 'Somogy'),
(2754, '9789', 'Sé', 'Vas'),
(2755, '7562', 'Segesd', 'Somogy'),
(2756, '7960', 'Sellye', 'Baranya'),
(2757, '3809', 'Selyeb', 'Borsod-Abaúj-Zemplén'),
(2758, '3974', 'Semjén', 'Borsod-Abaúj-Zemplén'),
(2759, '8862', 'Semjénháza', 'Zala'),
(2760, '8788', 'Sénye', 'Zala'),
(2761, '4533', 'Sényő', 'Szabolcs-Szatmár-Bereg'),
(2762, '8111', 'Seregélyes', 'Fejér'),
(2763, '3729', 'Serényfalva', 'Borsod-Abaúj-Zemplén'),
(2764, '8660', 'Sérsekszőlős', 'Somogy'),
(2765, '8439', 'Sikátor', 'Veszprém'),
(2766, '7818', 'Siklós', 'Baranya'),
(2767, '7800', 'Siklós', 'Baranya'),
(2768, '7814', 'Siklósbodony', 'Baranya'),
(2769, '7823', 'Siklósnagyfalu', 'Baranya'),
(2770, '3881', 'Sima', 'Borsod-Abaúj-Zemplén'),
(2771, '9633', 'Simaság', 'Vas'),
(2772, '7474', 'Simonfa', 'Somogy'),
(2773, '7081', 'Simontornya', 'Tolna'),
(2774, '7171', 'Sióagárd', 'Tolna'),
(2775, '8611', 'Siófok', 'Somogy'),
(2776, '8609', 'Siófok', 'Somogy'),
(2777, '8600', 'Siófok', 'Somogy'),
(2778, '8652', 'Siójut', 'Somogy'),
(2779, '3332', 'Sirok', 'Heves'),
(2780, '9671', 'Sitke', 'Vas'),
(2781, '9315', 'Sobor', 'Győr-Moson-Sopron'),
(2782, '8897', 'Söjtör', 'Győr-Moson-Sopron'),
(2783, '9112', 'Sokorópátka', 'Bács-Kiskun'),
(2784, '6320', 'Solt', 'Bács-Kiskun'),
(2785, '6223', 'Soltszentimre', 'Bács-Kiskun'),
(2786, '6230', 'Soltvadkert', 'Veszprém'),
(2787, '8193', 'Sóly', 'Pest'),
(2788, '2083', 'Solymár', 'Somogy'),
(2789, '8655', 'Som', 'Baranya'),
(2790, '7728', 'Somberek', 'Veszprém'),
(2791, '8478', 'Somlójenő', 'Veszprém'),
(2792, '8483', 'Somlószőlős', 'Veszprém'),
(2793, '8481', 'Somlóvásárhely', 'Veszprém'),
(2794, '8484', 'Somlóvecse', 'Somogy'),
(2795, '7454', 'Somodor', 'Somogy'),
(2796, '7283', 'Somogyacsa', 'Baranya'),
(2797, '7922', 'Somogyapáti', 'Somogy'),
(2798, '7584', 'Somogyaracs', 'Somogy'),
(2799, '7452', 'Somogyaszaló', 'Somogy'),
(2800, '8684', 'Somogybabod', 'Somogy'),
(2801, '8858', 'Somogybükkösd', 'Somogy'),
(2802, '8726', 'Somogycsicsó', 'Somogy'),
(2803, '7284', 'Somogydöröcske', 'Somogy'),
(2804, '8666', 'Somogyegres', 'Somogy'),
(2805, '8708', 'Somogyfajsz', 'Somogy'),
(2806, '7455', 'Somogygeszti', 'Baranya'),
(2807, '7925', 'Somogyhárságy', 'Baranya'),
(2808, '7921', 'Somogyhatvan', 'Somogy'),
(2809, '7443', 'Somogyjád', 'Somogy'),
(2810, '8673', 'Somogymeggyes', 'Somogy'),
(2811, '8733', 'Somogysámson', 'Somogy'),
(2812, '7435', 'Somogysárd', 'Somogy'),
(2813, '8737', 'Somogysimonyi', 'Somogy'),
(2814, '8705', 'Somogyszentpál', 'Somogy'),
(2815, '7276', 'Somogyszil', 'Somogy'),
(2816, '7563', 'Somogyszob', 'Somogy'),
(2817, '8683', 'Somogytúr', 'Somogy'),
(2818, '7515', 'Somogyudvarhely', 'Somogy'),
(2819, '8699', 'Somogyvámos', 'Somogy'),
(2820, '8698', 'Somogyvár', 'Baranya'),
(2821, '7924', 'Somogyviszló', 'Somogy'),
(2822, '8734', 'Somogyzsitfa', 'Szabolcs-Szatmár-Bereg'),
(2823, '4954', 'Sonkád', 'Fejér'),
(2824, '8123', 'Soponya', 'Győr-Moson-Sopron'),
(2825, '9494', 'Sopron', 'Győr-Moson-Sopron'),
(2826, '9408', 'Sopron', 'Győr-Moson-Sopron'),
(2827, '9407', 'Sopron', 'Győr-Moson-Sopron'),
(2828, '9400', 'Sopron', 'Győr-Moson-Sopron'),
(2829, '9463', 'Sopronhorpács', 'Győr-Moson-Sopron'),
(2830, '9483', 'Sopronkövesd', 'Győr-Moson-Sopron'),
(2831, '9325', 'Sopronnémeti', 'Vas'),
(2832, '9743', 'Söpte', 'Vas'),
(2833, '8072', 'Söréd', 'Zala'),
(2834, '9774', 'Sorkifalud', 'Vas'),
(2835, '9774', 'Sorkikápolna', 'Nógrád'),
(2836, '8881', 'Sormás', 'Pest'),
(2837, '9773', 'Sorokpolány', 'Borsod-Abaúj-Zemplén'),
(2838, '3131', 'Sóshartyán', 'Baranya'),
(2839, '2038', 'Sóskút', 'Vas'),
(2840, '3716', 'Sóstófalva', 'Zala'),
(2841, '7960', 'Sósvertike', 'Vas'),
(2842, '9681', 'Sótony', 'Fejér'),
(2843, '8096', 'Sukoró', 'Fejér'),
(2844, '6346', 'Sükösd', 'Baranya'),
(2845, '2242', 'Sülysáp', 'Komárom-Esztergom'),
(2846, '2241', 'Sülysáp', 'Zala'),
(2847, '8330', 'Sümeg', 'Bács-Kiskun'),
(2848, '8357', 'Sümegcsehi', 'Pest'),
(2849, '8351', 'Sümegprága', 'Pest'),
(2850, '7960', 'Sumony', 'Veszprém'),
(2851, '2889', 'Súr', 'Zala'),
(2852, '8856', 'Surd', 'Veszprém'),
(2853, '2543', 'Süttő', 'Komárom-Esztergom'),
(2854, '8151', 'Szabadbattyán', 'Fejér'),
(2855, '2432', 'Szabadegyháza', 'Fejér'),
(2856, '8139', 'Szabadhidvég', 'Fejér'),
(2857, '8138', 'Szabadhidvég', 'Fejér'),
(2858, '7253', 'Szabadi', 'Somogy'),
(2859, '5712', 'Szabadkígyós', 'Békés'),
(2860, '6080', 'Szabadszállás', 'Bács-Kiskun'),
(2861, '7951', 'Szabadszentkirály', 'Baranya'),
(2862, '7544', 'Szabás', 'Somogy'),
(2863, '4467', 'Szabolcs', 'Szabolcs-Szatmár-Bereg'),
(2864, '4547', 'Szabolcsbáka', 'Szabolcs-Szatmár-Bereg'),
(2865, '4496', 'Szabolcsveresmart', 'Szabolcs-Szatmár-Bereg'),
(2866, '2111', 'Szada', 'Pest'),
(2867, '7383', 'Szágy', 'Baranya'),
(2868, '7753', 'Szajk', 'Baranya'),
(2869, '3334', 'Szajla', 'Heves'),
(2870, '5081', 'Szajol', 'Jász-Nagykun-Szolnok'),
(2871, '3786', 'Szakácsi', 'Borsod-Abaúj-Zemplén'),
(2872, '7071', 'Szakadát', 'Tolna'),
(2873, '3596', 'Szakáld', 'Borsod-Abaúj-Zemplén'),
(2874, '7192', 'Szakály', 'Tolna'),
(2875, '7213', 'Szakcs', 'Tolna'),
(2876, '6336', 'Szakmár', 'Bács-Kiskun'),
(2877, '9934', 'Szaknyér', 'Vas'),
(2878, '4234', 'Szakoly', 'Szabolcs-Szatmár-Bereg'),
(2879, '9474', 'Szakony', 'Győr-Moson-Sopron'),
(2880, '9983', 'Szakonyfalu', 'Vas'),
(2881, '2856', 'Szákszend', 'Komárom-Esztergom'),
(2882, '9942', 'Szalafő', 'Vas'),
(2883, '7811', 'Szalánta', 'Baranya'),
(2884, '8341', 'Szalapa', 'Zala'),
(2885, '3863', 'Szalaszend', 'Borsod-Abaúj-Zemplén'),
(2886, '7334', 'Szalatnak', 'Baranya'),
(2887, '7121', 'Szálka', 'Tolna'),
(2888, '6086', 'Szalkszentmárton', 'Bács-Kiskun'),
(2889, '3163', 'Szalmatercs', 'Nógrád'),
(2890, '3754', 'Szalonna', 'Borsod-Abaúj-Zemplén'),
(2891, '4767', 'Szamosangyalos', 'Szabolcs-Szatmár-Bereg'),
(2892, '4745', 'Szamosbecs', 'Szabolcs-Szatmár-Bereg'),
(2893, '4721', 'Szamoskér', 'Szabolcs-Szatmár-Bereg'),
(2894, '4735', 'Szamossályi', 'Szabolcs-Szatmár-Bereg'),
(2895, '4824', 'Szamosszeg', 'Szabolcs-Szatmár-Bereg'),
(2896, '4746', 'Szamostatárfalva', 'Szabolcs-Szatmár-Bereg'),
(2897, '4734', 'Szamosújlak', 'Szabolcs-Szatmár-Bereg'),
(2898, '2697', 'Szanda', 'Nógrád'),
(2899, '6131', 'Szank', 'Bács-Kiskun'),
(2900, '8622', 'Szántód', 'Somogy'),
(2901, '9317', 'Szany', 'Győr-Moson-Sopron'),
(2902, '8423', 'Szápár', 'Veszprém'),
(2903, '7843', 'Szaporca', 'Baranya'),
(2904, '2066', 'Szár', 'Fejér'),
(2905, '7184', 'Szárász', 'Baranya'),
(2906, '7063', 'Szárazd', 'Tolna'),
(2907, '9353', 'Szárföld', 'Győr-Moson-Sopron'),
(2908, '2067', 'Szárliget', 'Komárom-Esztergom'),
(2909, '5540', 'Szarvas', 'Békés'),
(2910, '3051', 'Szarvasgede', 'Nógrád'),
(2911, '9913', 'Szarvaskend', 'Vas'),
(2912, '5053', 'Szászberek', 'Jász-Nagykun-Szolnok'),
(2913, '3821', 'Szászfa', 'Borsod-Abaúj-Zemplén'),
(2914, '7349', 'Szászvár', 'Baranya'),
(2915, '4945', 'Szatmárcseke', 'Szabolcs-Szatmár-Bereg'),
(2916, '2656', 'Szátok', 'Nógrád'),
(2917, '9938', 'Szatta', 'Vas'),
(2918, '6763', 'Szatymaz', 'Csongrád'),
(2919, '7813', 'Szava', 'Baranya'),
(2920, '2440', 'Százhalombatta', 'Pest'),
(2921, '7725', 'Szebény', 'Baranya'),
(2922, '2692', 'Szécsénke', 'Nógrád'),
(2923, '3170', 'Szécsény', 'Nógrád'),
(2924, '3135', 'Szécsényfelfalu', 'Nógrád'),
(2925, '8879', 'Szécsisziget', 'Zala'),
(2926, '7751', 'Szederkény', 'Baranya'),
(2927, '7056', 'Szedres', 'Tolna'),
(2928, '6757', 'Szeged', 'Csongrád'),
(2929, '6791', 'Szeged', 'Csongrád'),
(2930, '6710', 'Szeged', 'Csongrád'),
(2931, '6771', 'Szeged', 'Csongrád'),
(2932, '6753', 'Szeged', 'Csongrád'),
(2933, '6700', 'Szeged', 'Csongrád'),
(2934, '6720', 'Szeged', 'Csongrád'),
(2935, '6721', 'Szeged', 'Csongrád'),
(2936, '6722', 'Szeged', 'Csongrád'),
(2937, '6723', 'Szeged', 'Csongrád'),
(2938, '6724', 'Szeged', 'Csongrád'),
(2939, '6725', 'Szeged', 'Csongrád'),
(2940, '6726', 'Szeged', 'Csongrád'),
(2941, '6727', 'Szeged', 'Csongrád'),
(2942, '6728', 'Szeged', 'Csongrád'),
(2943, '6729', 'Szeged', 'Csongrád'),
(2944, '8732', 'Szegerdő', 'Somogy'),
(2945, '5520', 'Szeghalom', 'Békés'),
(2946, '3918', 'Szegi', 'Borsod-Abaúj-Zemplén'),
(2947, '3918', 'Szegilong', 'Borsod-Abaúj-Zemplén'),
(2948, '6635', 'Szegvár', 'Csongrád'),
(2949, '4534', 'Székely', 'Szabolcs-Szatmár-Bereg'),
(2950, '7737', 'Székelyszabar', 'Baranya'),
(2951, '8019', 'Székesfehérvár', 'Fejér'),
(2952, '8000', 'Székesfehérvár', 'Fejér'),
(2953, '6821', 'Székkutas', 'Csongrád'),
(2954, '7100', 'Szekszárd', 'Tolna'),
(2955, '9622', 'Szeleste', 'Vas'),
(2956, '5476', 'Szelevény', 'Jász-Nagykun-Szolnok'),
(2957, '7661', 'Szellő', 'Baranya'),
(2958, '7763', 'Szemely', 'Baranya'),
(2959, '9685', 'Szemenye', 'Vas'),
(2960, '3866', 'Szemere', 'Borsod-Abaúj-Zemplén'),
(2961, '2640', 'Szendehely', 'Nógrád'),
(2962, '3752', 'Szendrő', 'Borsod-Abaúj-Zemplén'),
(2963, '3751', 'Szendrőlád', 'Borsod-Abaúj-Zemplén'),
(2964, '7477', 'Szenna', 'Somogy'),
(2965, '8849', 'Szenta', 'Somogy'),
(2966, '8272', 'Szentantalfa', 'Veszprém'),
(2967, '7472', 'Szentbalázs', 'Somogy'),
(2968, '8281', 'Szentbékkálla', 'Veszprém'),
(2969, '7918', 'Szentborbás', 'Somogy'),
(2970, '7913', 'Szentdénes', 'Baranya'),
(2971, '3259', 'Szentdomonkos', 'Heves'),
(2972, '2655', 'Szente', 'Nógrád'),
(2973, '7915', 'Szentegát', 'Baranya'),
(2974, '2000', 'Szentendre', 'Pest'),
(2975, '6600', 'Szentes', 'Csongrád'),
(2976, '8444', 'Szentgál', 'Veszprém'),
(2977, '7465', 'Szentgáloskér', 'Somogy'),
(2978, '9981', 'Szentgotthárd', 'Vas'),
(2979, '9955', 'Szentgotthárd', 'Vas'),
(2980, '9970', 'Szentgotthárd', 'Vas'),
(2981, '8393', 'Szentgyörgyvár', 'Zala'),
(2982, '8975', 'Szentgyörgyvölgy', 'Zala'),
(2983, '8475', 'Szentimrefalva', 'Veszprém'),
(2984, '3418', 'Szentistván', 'Borsod-Abaúj-Zemplén'),
(2985, '3844', 'Szentistvánbaksa', 'Borsod-Abaúj-Zemplén'),
(2986, '8272', 'Szentjakabfa', 'Veszprém'),
(2987, '7681', 'Szentkatalin', 'Baranya'),
(2988, '6031', 'Szentkirály', 'Bács-Kiskun'),
(2989, '8225', 'Szentkirályszabadja', 'Veszprém'),
(2990, '8947', 'Szentkozmadombja', 'Zala'),
(2991, '7936', 'Szentlászló', 'Baranya'),
(2992, '8893', 'Szentliszló', 'Zala'),
(2993, '7940', 'Szentlőrinc', 'Baranya'),
(2994, '2255', 'Szentlőrinckáta', 'Pest'),
(2995, '8872', 'Szentmargitfalva', 'Zala'),
(2996, '2254', 'Szentmártonkáta', 'Pest'),
(2997, '9799', 'Szentpéterfa', 'Vas'),
(2998, '8953', 'Szentpéterfölde', 'Zala'),
(2999, '4121', 'Szentpéterszeg', 'Hajdú-Bihar'),
(3000, '8762', 'Szentpéterúr', 'Zala'),
(3001, '8717', 'Szenyér', 'Somogy'),
(3002, '8861', 'Szepetnek', 'Zala'),
(3003, '9125', 'Szerecseny', 'Győr-Moson-Sopron'),
(3004, '6512', 'Szeremle', 'Bács-Kiskun'),
(3005, '3900', 'Szerencs', 'Borsod-Abaúj-Zemplén'),
(3006, '4162', 'Szerep', 'Hajdú-Bihar'),
(3007, '4163', 'Szerep', 'Hajdú-Bihar'),
(3008, '9523', 'Szergény', 'Vas'),
(3009, '2321', 'Szigetbecse', 'Pest'),
(3010, '2317', 'Szigetcsép', 'Pest'),
(3011, '2315', 'Szigethalom', 'Pest'),
(3012, '2015', 'Szigetmonostor', 'Pest'),
(3013, '2318', 'Szigetszentmárton', 'Pest'),
(3014, '2310', 'Szigetszentmiklós', 'Pest'),
(3015, '2319', 'Szigetújfalu', 'Pest'),
(3016, '7900', 'Szigetvár', 'Baranya'),
(3017, '8264', 'Szigliget', 'Veszprém'),
(3018, '3377', 'Szihalom', 'Heves'),
(3019, '8969', 'Szijártóháza', 'Zala'),
(3020, '3800', 'Szikszó', 'Borsod-Abaúj-Zemplén'),
(3021, '9326', 'Szil', 'Győr-Moson-Sopron'),
(3022, '7664', 'Szilágy', 'Baranya'),
(3023, '3125', 'Szilaspogony', 'Nógrád'),
(3024, '9312', 'Szilsárkány', 'Győr-Moson-Sopron'),
(3025, '8986', 'Szilvágy', 'Zala'),
(3026, '7811', 'Szilvás', 'Baranya'),
(3027, '7477', 'Szilvásszentmárton', 'Heves'),
(3028, '3348', 'Szilvásvárad', 'Somogy'),
(3029, '3761', 'Szin', 'Borsod-Abaúj-Zemplén'),
(3030, '3761', 'Szinpetri', 'Borsod-Abaúj-Zemplén'),
(3031, '3044', 'Szirák', 'Nógrád'),
(3032, '3711', 'Szirmabesenyő', 'Borsod-Abaúj-Zemplén'),
(3033, '2628', 'Szob', 'Pest'),
(3034, '8452', 'Szőc', 'Pest'),
(3035, '9935', 'Szőce', 'Somogy'),
(3036, '2134', 'Sződ', 'Jász-Nagykun-Szolnok'),
(3037, '2133', 'Sződliget', 'Jász-Nagykun-Szolnok'),
(3038, '3762', 'Szögliget', 'Vas'),
(3039, '7833', 'Szőke', 'Vas'),
(3040, '7763', 'Szőkéd', 'Vas'),
(3041, '8736', 'Szőkedencs', 'Komárom-Esztergom'),
(3042, '2624', 'Szokolya', 'Borsod-Abaúj-Zemplén'),
(3043, '8625', 'Szólád', 'Komárom-Esztergom'),
(3044, '5008', 'Szolnok', 'Somogy'),
(3045, '5000', 'Szolnok', 'Veszprém'),
(3046, '3757', 'Szőlősardó', 'Vas'),
(3047, '8692', 'Szőlősgyörök', 'Pest'),
(3048, '9707', 'Szombathely', 'Pest'),
(3049, '9719', 'Szombathely', 'Borsod-Abaúj-Zemplén'),
(3050, '9700', 'Szombathely', 'Baranya'),
(3051, '2896', 'Szomód', 'Baranya'),
(3052, '3411', 'Szomolya', 'Somogy'),
(3053, '2822', 'Szomor', 'Borsod-Abaúj-Zemplén'),
(3054, '7976', 'Szörény', 'Somogy'),
(3055, '7285', 'Szorosad', 'Baranya'),
(3056, '3341', 'Szúcs', 'Heves'),
(3057, '3034', 'Szűcsi', 'Nógrád'),
(3058, '2699', 'Szügy', 'Borsod-Abaúj-Zemplén'),
(3059, '3154', 'Szuha', 'Borsod-Abaúj-Zemplén'),
(3060, '3726', 'Szuhafő', 'Borsod-Abaúj-Zemplén'),
(3061, '3731', 'Szuhakálló', 'Baranya'),
(3062, '3734', 'Szuhogy', 'Somogy'),
(3063, '7932', 'Szulimán', 'Nógrád'),
(3064, '7539', 'Szulok', 'Heves'),
(3065, '7735', 'Szűr', 'Nógrád'),
(3066, '3064', 'Szurdokpüspöki', 'Baranya'),
(3067, '8660', 'Tab', 'Somogy'),
(3068, '8088', 'Tabajd', 'Fejér'),
(3069, '6224', 'Tabdi', 'Bács-Kiskun'),
(3070, '2381', 'Táborfalva', 'Pest'),
(3071, '8121', 'Tác', 'Fejér'),
(3072, '8272', 'Tagyon', 'Veszprém'),
(3073, '2022', 'Tahitótfalu', 'Pest'),
(3074, '2021', 'Tahitótfalu', 'Pest'),
(3075, '8541', 'Takácsi', 'Veszprém'),
(3076, '4845', 'Tákos', 'Szabolcs-Szatmár-Bereg'),
(3077, '2335', 'Taksony', 'Pest'),
(3078, '3926', 'Taktabáj', 'Borsod-Abaúj-Zemplén'),
(3079, '3922', 'Taktaharkány', 'Borsod-Abaúj-Zemplén'),
(3080, '3924', 'Taktakenéz', 'Borsod-Abaúj-Zemplén'),
(3081, '3921', 'Taktaszada', 'Borsod-Abaúj-Zemplén'),
(3082, '8295', 'Taliándörögd', 'Veszprém'),
(3083, '3907', 'Tállya', 'Borsod-Abaúj-Zemplén'),
(3084, '7091', 'Tamási', 'Tolna'),
(3085, '7090', 'Tamási', 'Tolna'),
(3086, '9762', 'Tanakajd', 'Vas'),
(3087, '9095', 'Táp', 'Győr-Moson-Sopron'),
(3088, '2764', 'Tápióbicske', 'Pest'),
(3089, '2767', 'Tápiógyörgye', 'Pest'),
(3090, '2253', 'Tápióság', 'Pest'),
(3091, '2251', 'Tápiószecső', 'Pest'),
(3092, '2766', 'Tápiószele', 'Pest'),
(3093, '2711', 'Tápiószentmárton', 'Pest'),
(3094, '2769', 'Tápiószőlős', 'Pest'),
(3095, '9761', 'Táplánszentkereszt', 'Vas'),
(3096, '8297', 'Tapolca', 'Veszprém'),
(3097, '8300', 'Tapolca', 'Veszprém'),
(3098, '8718', 'Tapsony', 'Somogy'),
(3099, '9094', 'Tápszentmiklós', 'Győr-Moson-Sopron'),
(3100, '3073', 'Tar', 'Nógrád'),
(3101, '7514', 'Tarany', 'Somogy'),
(3102, '3915', 'Tarcal', 'Borsod-Abaúj-Zemplén'),
(3103, '3416', 'Tard', 'Borsod-Abaúj-Zemplén'),
(3104, '3644', 'Tardona', 'Borsod-Abaúj-Zemplén'),
(3105, '2834', 'Tardos', 'Komárom-Esztergom'),
(3106, '5641', 'Tarhos', 'Békés'),
(3107, '2831', 'Tarján', 'Komárom-Esztergom'),
(3108, '9092', 'Tarjánpuszta', 'Győr-Moson-Sopron'),
(3109, '2945', 'Tárkány', 'Komárom-Esztergom'),
(3110, '3369', 'Tarnabod', 'Heves'),
(3111, '3258', 'Tarnalelesz', 'Heves'),
(3112, '3284', 'Tarnaméra', 'Heves'),
(3113, '3294', 'Tarnaörs', 'Heves'),
(3114, '3331', 'Tarnaszentmária', 'Heves'),
(3115, '3382', 'Tarnaszentmiklós', 'Heves'),
(3116, '3283', 'Tarnazsadány', 'Heves'),
(3117, '2461', 'Tárnok', 'Pest'),
(3118, '9165', 'Tárnokréti', 'Győr-Moson-Sopron'),
(3119, '4931', 'Tarpa', 'Szabolcs-Szatmár-Bereg'),
(3120, '7362', 'Tarrós', 'Baranya'),
(3121, '8696', 'Táska', 'Somogy'),
(3122, '6098', 'Tass', 'Bács-Kiskun'),
(3123, '7261', 'Taszár', 'Somogy'),
(3124, '2534', 'Tát', 'Komárom-Esztergom'),
(3125, '2835', 'Tata', 'Komárom-Esztergom'),
(3126, '2890', 'Tata', 'Komárom-Esztergom'),
(3127, '2800', 'Tatabánya', 'Komárom-Esztergom'),
(3128, '6451', 'Tataháza', 'Bács-Kiskun'),
(3129, '2375', 'Tatárszentgyörgy', 'Pest'),
(3130, '6236', 'Tázlár', 'Bács-Kiskun'),
(3131, '4243', 'Téglás', 'Hajdú-Bihar'),
(3132, '7381', 'Tékes', 'Baranya'),
(3133, '7973', 'Teklafalu', 'Baranya'),
(3134, '9812', 'Telekes', 'Vas'),
(3135, '5675', 'Telekgerendás', 'Békés'),
(3136, '8626', 'Teleki', 'Somogy'),
(3137, '2089', 'Telki', 'Pest'),
(3138, '3896', 'Telkibánya', 'Borsod-Abaúj-Zemplén'),
(3139, '7054', 'Tengelic', 'Tolna'),
(3140, '7834', 'Tengeri', 'Baranya'),
(3141, '8668', 'Tengőd', 'Somogy'),
(3142, '3359', 'Tenk', 'Heves'),
(3143, '9111', 'Tényő', 'Győr-Moson-Sopron'),
(3144, '4132', 'Tépe', 'Hajdú-Bihar'),
(3145, '4342', 'Terem', 'Szabolcs-Szatmár-Bereg'),
(3146, '2696', 'Terény', 'Nógrád'),
(3147, '2652', 'Tereske', 'Nógrád'),
(3148, '3757', 'Teresztenye', 'Borsod-Abaúj-Zemplén'),
(3149, '3334', 'Terpes', 'Heves'),
(3150, '8109', 'Tés', 'Veszprém'),
(3151, '2635', 'Tésa', 'Pest'),
(3152, '7843', 'Tésenfa', 'Baranya'),
(3153, '7834', 'Téseny', 'Baranya'),
(3154, '8991', 'Teskánd', 'Zala'),
(3155, '9100', 'Tét', 'Győr-Moson-Sopron'),
(3156, '4184', 'Tetétlen', 'Hajdú-Bihar'),
(3157, '7181', 'Tevel', 'Tolna'),
(3158, '3423', 'Tibolddaróc', 'Borsod-Abaúj-Zemplén'),
(3159, '4353', 'Tiborszállás', 'Szabolcs-Szatmár-Bereg'),
(3160, '8237', 'Tihany', 'Veszprém'),
(3161, '8731', 'Tikos', 'Somogy'),
(3162, '8782', 'Tilaj', 'Zala'),
(3163, '4466', 'Timár', 'Szabolcs-Szatmár-Bereg'),
(3164, '2086', 'Tinnye', 'Pest'),
(3165, '4833', 'Tiszaadony', 'Szabolcs-Szatmár-Bereg'),
(3166, '6066', 'Tiszaalpár', 'Bács-Kiskun'),
(3167, '6067', 'Tiszaalpár', 'Bács-Kiskun'),
(3168, '3465', 'Tiszabábolna', 'Borsod-Abaúj-Zemplén'),
(3169, '4951', 'Tiszabecs', 'Szabolcs-Szatmár-Bereg'),
(3170, '4474', 'Tiszabercel', 'Szabolcs-Szatmár-Bereg'),
(3171, '4624', 'Tiszabezdéd', 'Szabolcs-Szatmár-Bereg'),
(3172, '5232', 'Tiszabő', 'Jász-Nagykun-Szolnok'),
(3173, '5235', 'Tiszabura', 'Jász-Nagykun-Szolnok'),
(3174, '4947', 'Tiszacsécse', 'Szabolcs-Szatmár-Bereg'),
(3175, '4066', 'Tiszacsege', 'Hajdú-Bihar'),
(3176, '3972', 'Tiszacsermely', 'Borsod-Abaúj-Zemplén'),
(3177, '4455', 'Tiszadada', 'Szabolcs-Szatmár-Bereg'),
(3178, '5243', 'Tiszaderzs', 'Jász-Nagykun-Szolnok'),
(3179, '4456', 'Tiszadob', 'Szabolcs-Szatmár-Bereg'),
(3180, '3466', 'Tiszadorogma', 'Borsod-Abaúj-Zemplén'),
(3181, '4446', 'Tiszaeszlár', 'Szabolcs-Szatmár-Bereg'),
(3182, '4464', 'Tiszaeszlár', 'Szabolcs-Szatmár-Bereg'),
(3183, '5461', 'Tiszaföldvár', 'Jász-Nagykun-Szolnok'),
(3184, '5430', 'Tiszaföldvár', 'Jász-Nagykun-Szolnok'),
(3185, '5359', 'Tiszafüred', 'Jász-Nagykun-Szolnok'),
(3186, '5358', 'Tiszafüred', 'Jász-Nagykun-Szolnok'),
(3187, '5244', 'Tiszafüred', 'Jász-Nagykun-Szolnok'),
(3188, '5350', 'Tiszafüred', 'Jász-Nagykun-Szolnok'),
(3189, '5233', 'Tiszagyenda', 'Jász-Nagykun-Szolnok'),
(3190, '4097', 'Tiszagyulaháza', 'Hajdú-Bihar'),
(3191, '5361', 'Tiszaigar', 'Jász-Nagykun-Szolnok'),
(3192, '5464', 'Tiszainoka', 'Jász-Nagykun-Szolnok'),
(3193, '5094', 'Tiszajenő', 'Jász-Nagykun-Szolnok'),
(3194, '4493', 'Tiszakanyár', 'Szabolcs-Szatmár-Bereg'),
(3195, '3971', 'Tiszakarád', 'Borsod-Abaúj-Zemplén'),
(3196, '6062', 'Tiszakécske', 'Bács-Kiskun'),
(3197, '6060', 'Tiszakécske', 'Bács-Kiskun'),
(3198, '4834', 'Tiszakerecseny', 'Szabolcs-Szatmár-Bereg'),
(3199, '3458', 'Tiszakeszi', 'Borsod-Abaúj-Zemplén'),
(3200, '4946', 'Tiszakóród', 'Szabolcs-Szatmár-Bereg'),
(3201, '5472', 'Tiszakürt', 'Jász-Nagykun-Szolnok'),
(3202, '5471', 'Tiszakürt', 'Jász-Nagykun-Szolnok'),
(3203, '3929', 'Tiszaladány', 'Borsod-Abaúj-Zemplén'),
(3204, '4447', 'Tiszalök', 'Szabolcs-Szatmár-Bereg'),
(3205, '4450', 'Tiszalök', 'Szabolcs-Szatmár-Bereg'),
(3206, '3565', 'Tiszalúc', 'Borsod-Abaúj-Zemplén'),
(3207, '4645', 'Tiszamogyorós', 'Szabolcs-Szatmár-Bereg'),
(3208, '4463', 'Tiszanagyfalu', 'Szabolcs-Szatmár-Bereg'),
(3209, '3385', 'Tiszanána', 'Heves'),
(3210, '5362', 'Tiszaörs', 'Jász-Nagykun-Szolnok'),
(3211, '3587', 'Tiszapalkonya', 'Borsod-Abaúj-Zemplén'),
(3212, '5211', 'Tiszapüspöki', 'Jász-Nagykun-Szolnok'),
(3213, '4503', 'Tiszarád', 'Szabolcs-Szatmár-Bereg'),
(3214, '5234', 'Tiszaroff', 'Jász-Nagykun-Szolnok'),
(3215, '5474', 'Tiszasas', 'Jász-Nagykun-Szolnok'),
(3216, '5061', 'Tiszasüly', 'Jász-Nagykun-Szolnok'),
(3217, '4831', 'Tiszaszalka', 'Szabolcs-Szatmár-Bereg'),
(3218, '5323', 'Tiszaszentimre', 'Jász-Nagykun-Szolnok'),
(3219, '5322', 'Tiszaszentimre', 'Jász-Nagykun-Szolnok'),
(3220, '4628', 'Tiszaszentmárton', 'Szabolcs-Szatmár-Bereg'),
(3221, '6756', 'Tiszasziget', 'Csongrád'),
(3222, '3928', 'Tiszatardos', 'Borsod-Abaúj-Zemplén'),
(3223, '3589', 'Tiszatarján', 'Borsod-Abaúj-Zemplén'),
(3224, '4486', 'Tiszatelek', 'Szabolcs-Szatmár-Bereg'),
(3225, '4487', 'Tiszatelek', 'Szabolcs-Szatmár-Bereg'),
(3226, '5082', 'Tiszatenyő', 'Jász-Nagykun-Szolnok'),
(3227, '6064', 'Tiszaug', 'Bács-Kiskun'),
(3228, '3580', 'Tiszaújváros', 'Borsod-Abaúj-Zemplén'),
(3229, '3464', 'Tiszavalk', 'Borsod-Abaúj-Zemplén'),
(3230, '5095', 'Tiszavárkony', 'Jász-Nagykun-Szolnok'),
(3231, '5092', 'Tiszavárkony', 'Jász-Nagykun-Szolnok'),
(3232, '4440', 'Tiszavasvári', 'Szabolcs-Szatmár-Bereg'),
(3233, '4832', 'Tiszavid', 'Szabolcs-Szatmár-Bereg'),
(3234, '4969', 'Tisztaberek', 'Szabolcs-Szatmár-Bereg'),
(3235, '4921', 'Tivadar', 'Szabolcs-Szatmár-Bereg'),
(3236, '2252', 'Tóalmás', 'Pest'),
(3237, '3354', 'Tófalu', 'Heves'),
(3238, '8946', 'Tófej', 'Zala'),
(3239, '7348', 'Tófű', 'Baranya'),
(3240, '2073', 'Tök', 'Borsod-Abaúj-Zemplén'),
(3241, '3910', 'Tokaj', 'Komárom-Esztergom'),
(3242, '2531', 'Tokod', 'Komárom-Esztergom'),
(3243, '2532', 'Tokodaltáró', 'Vas'),
(3244, '2316', 'Tököl', 'Borsod-Abaúj-Zemplén'),
(3245, '9561', 'Tokorcs', 'Hajdú-Bihar'),
(3246, '3934', 'Tolcsva', 'Nógrád'),
(3247, '4117', 'Told', 'Tolna'),
(3248, '2657', 'Tolmács', 'Tolna'),
(3249, '7131', 'Tolna', 'Tolna'),
(3250, '7130', 'Tolna', 'Jász-Nagykun-Szolnok'),
(3251, '7083', 'Tolnanémedi', 'Borsod-Abaúj-Zemplén'),
(3252, '9086', 'Töltéstava', 'Bács-Kiskun'),
(3253, '5324', 'Tomajmonostora', 'Vas'),
(3254, '3787', 'Tomor', 'Fejér'),
(3255, '9738', 'Tömörd', 'Zala'),
(3256, '6646', 'Tömörkény', 'Baranya'),
(3257, '6422', 'Tompa', 'Vas'),
(3258, '9662', 'Tompaládony', 'Borsod-Abaúj-Zemplén'),
(3259, '2463', 'Tordas', 'Borsod-Abaúj-Zemplén'),
(3260, '8876', 'Tormafölde', 'Borsod-Abaúj-Zemplén'),
(3261, '7383', 'Tormás', 'Borsod-Abaúj-Zemplén'),
(3262, '9736', 'Tormásliget', 'Borsod-Abaúj-Zemplén'),
(3263, '3765', 'Tornabarakony', 'Zala'),
(3264, '3761', 'Tornakápolna', 'Borsod-Abaúj-Zemplén'),
(3265, '3767', 'Tornanádaska', 'Szabolcs-Szatmár-Bereg'),
(3266, '3765', 'Tornaszentandrás', 'Vas'),
(3267, '3769', 'Tornaszentjakab', 'Somogy'),
(3268, '8877', 'Tornyiszentmiklós', 'Jász-Nagykun-Szolnok'),
(3269, '3877', 'Tornyosnémeti', 'Békés'),
(3270, '4642', 'Tornyospálca', 'Baranya'),
(3271, '2045', 'Törökbálint', 'Zala'),
(3272, '7285', 'Törökkoppány', 'Zala'),
(3273, '5212', 'Törökszentmiklós', 'Somogy'),
(3274, '5200', 'Törökszentmiklós', 'Veszprém'),
(3275, '9791', 'Torony', 'Pest'),
(3276, '2747', 'Törtel', 'Pest'),
(3277, '8660', 'Torvaj', 'Győr-Moson-Sopron'),
(3278, '5091', 'Tószeg', 'Vas'),
(3279, '5940', 'Tótkomlós', 'Csongrád'),
(3280, '7981', 'Tótszentgyörgy', 'Pest'),
(3281, '8865', 'Tótszentmárton', 'Somogy'),
(3282, '8864', 'Tótszerdahely', 'Jász-Nagykun-Szolnok'),
(3283, '7755', 'Töttös', 'Jász-Nagykun-Szolnok'),
(3284, '7918', 'Tótújfalu', 'Pest'),
(3285, '8246', 'Tótvázsony', 'Baranya'),
(3286, '3724', 'Trizs', 'Borsod-Abaúj-Zemplén'),
(3287, '4731', 'Tunyogmatolcs', 'Szabolcs-Szatmár-Bereg'),
(3288, '2194', 'Tura', 'Pest'),
(3289, '4944', 'Túristvándi', 'Szabolcs-Szatmár-Bereg'),
(3290, '8796', 'Türje', 'Jász-Nagykun-Szolnok'),
(3291, '5420', 'Túrkeve', 'Baranya'),
(3292, '7811', 'Túrony', 'Szabolcs-Szatmár-Bereg'),
(3293, '4968', 'Túrricse', 'Szabolcs-Szatmár-Bereg'),
(3294, '8477', 'Tüskevár', 'Zala'),
(3295, '4623', 'Tuzsér', 'Veszprém'),
(3296, '4762', 'Tyukod', 'Szabolcs-Szatmár-Bereg'),
(3297, '7718', 'Udvar', 'Baranya'),
(3298, '7066', 'Udvari', 'Tolna'),
(3299, '8564', 'Ugod', 'Veszprém'),
(3300, '2066', 'Újbarok', 'Fejér'),
(3301, '3716', 'Újcsanálos', 'Borsod-Abaúj-Zemplén'),
(3302, '4491', 'Újdombrád', 'Szabolcs-Szatmár-Bereg'),
(3303, '4244', 'Újfehértó', 'Szabolcs-Szatmár-Bereg'),
(3304, '2367', 'Újhartyán', 'Pest'),
(3305, '4146', 'Újiráz', 'Hajdú-Bihar'),
(3306, '7095', 'Újireg', 'Tolna'),
(3307, '4635', 'Újkenéz', 'Szabolcs-Szatmár-Bereg'),
(3308, '9472', 'Újkér', 'Győr-Moson-Sopron'),
(3309, '5661', 'Újkígyós', 'Békés'),
(3310, '2724', 'Újlengyel', 'Pest'),
(3311, '4288', 'Újléta', 'Hajdú-Bihar'),
(3312, '3387', 'Újlőrincfalva', 'Heves'),
(3313, '7766', 'Újpetre', 'Baranya'),
(3314, '9244', 'Újrónafő', 'Győr-Moson-Sopron'),
(3315, '6320', 'Újsolt', 'Bács-Kiskun'),
(3316, '5727', 'Újszalonta', 'Békés'),
(3317, '5052', 'Újszász', 'Jász-Nagykun-Szolnok'),
(3318, '6754', 'Újszentiván', 'Csongrád'),
(3319, '4065', 'Újszentmargita', 'Hajdú-Bihar'),
(3320, '2768', 'Újszilvás', 'Pest'),
(3321, '6337', 'Újtelek', 'Bács-Kiskun'),
(3322, '4096', 'Újtikos', 'Hajdú-Bihar'),
(3323, '8778', 'Újudvar', 'Zala'),
(3324, '7436', 'Újvárfalva', 'Somogy'),
(3325, '8347', 'Ukk', 'Veszprém'),
(3326, '6794', 'Üllés', 'Győr-Moson-Sopron'),
(3327, '2225', 'Üllő', 'Komárom-Esztergom'),
(3328, '9464', 'Und', 'Borsod-Abaúj-Zemplén'),
(3329, '2528', 'Úny', 'Szabolcs-Szatmár-Bereg'),
(3330, '3622', 'Uppony', 'Vas'),
(3331, '4763', 'Ura', 'Fejér'),
(3332, '9651', 'Uraiújfalu', 'Pest'),
(3333, '8142', 'Úrhida', 'Veszprém'),
(3334, '2244', 'Úri', 'Szabolcs-Szatmár-Bereg'),
(3335, '8409', 'Úrkút', 'Bács-Kiskun'),
(3336, '2096', 'Üröm', 'Veszprém'),
(3337, '4952', 'Uszka', 'Csongrád'),
(3338, '6332', 'Uszód', 'Pest'),
(3339, '8321', 'Uzsa', 'Pest'),
(3340, '2600', 'Vác', 'Pest'),
(3341, '2167', 'Vácduka', 'Pest'),
(3342, '2184', 'Vácegres', 'Pest'),
(3343, '2164', 'Váchartyán', 'Pest'),
(3344, '2185', 'Váckisújfalu', 'Pest'),
(3345, '2163', 'Vácrátót', 'Pest'),
(3346, '2115', 'Vácszentlászló', 'Pest'),
(3347, '3636', 'Vadna', 'Borsod-Abaúj-Zemplén'),
(3348, '9346', 'Vadosfa', 'Győr-Moson-Sopron'),
(3349, '9327', 'Vág', 'Győr-Moson-Sopron'),
(3350, '3992', 'Vágáshuta', 'Borsod-Abaúj-Zemplén'),
(3351, '4562', 'Vaja', 'Szabolcs-Szatmár-Bereg'),
(3352, '3961', 'Vajdácska', 'Borsod-Abaúj-Zemplén'),
(3353, '7838', 'Vajszló', 'Baranya'),
(3354, '7041', 'Vajta', 'Fejér'),
(3355, '2473', 'Vál', 'Fejér'),
(3356, '2114', 'Valkó', 'Pest'),
(3357, '8885', 'Valkonya', 'Zala'),
(3358, '4351', 'Vállaj', 'Szabolcs-Szatmár-Bereg'),
(3359, '8316', 'Vállus', 'Zala'),
(3360, '4936', 'Vámosatya', 'Szabolcs-Szatmár-Bereg'),
(3361, '9665', 'Vámoscsalád', 'Vas'),
(3362, '3291', 'Vámosgyörk', 'Heves'),
(3363, '2635', 'Vámosmikola', 'Pest'),
(3364, '4966', 'Vámosoroszi', 'Szabolcs-Szatmár-Bereg'),
(3365, '4287', 'Vámospércs', 'Hajdú-Bihar'),
(3366, '9061', 'Vámosszabadi', 'Borsod-Abaúj-Zemplén'),
(3367, '3941', 'Vámosújfalu', 'Győr-Moson-Sopron'),
(3368, '4119', 'Váncsod', 'Hajdú-Bihar'),
(3369, '2688', 'Vanyarc', 'Nógrád'),
(3370, '8552', 'Vanyola', 'Veszprém'),
(3371, '7973', 'Várad', 'Baranya'),
(3372, '7354', 'Váralja', 'Tolna'),
(3373, '8723', 'Varászló', 'Somogy'),
(3374, '3254', 'Váraszó', 'Heves'),
(3375, '9243', 'Várbalog', 'Győr-Moson-Sopron'),
(3376, '3778', 'Varbó', 'Borsod-Abaúj-Zemplén'),
(3377, '3756', 'Varbóc', 'Borsod-Abaúj-Zemplén'),
(3378, '7442', 'Várda', 'Somogy'),
(3379, '7146', 'Várdomb', 'Tolna'),
(3380, '8891', 'Várfölde', 'Zala'),
(3381, '7370', 'Varga', 'Baranya'),
(3382, '2824', 'Várgesztes', 'Komárom-Esztergom'),
(3383, '8523', 'Várkesző', 'Veszprém'),
(3384, '7214', 'Várong', 'Tolna'),
(3385, '6033', 'Városföld', 'Bács-Kiskun'),
(3386, '8445', 'Városlőd', 'Veszprém'),
(3387, '8103', 'Várpalota', 'Veszprém'),
(3388, '8104', 'Várpalota', 'Veszprém'),
(3389, '8100', 'Várpalota', 'Veszprém'),
(3390, '7067', 'Varsád', 'Tolna'),
(3391, '3178', 'Varsány', 'Nógrád'),
(3392, '8316', 'Várvölgy', 'Zala'),
(3393, '2211', 'Vasad', 'Pest'),
(3394, '9921', 'Vasalja', 'Vas'),
(3395, '7926', 'Vásárosbéc', 'Baranya'),
(3396, '7362', 'Vásárosdombó', 'Baranya'),
(3397, '9343', 'Vásárosfalu', 'Győr-Moson-Sopron'),
(3398, '9552', 'Vásárosmiske', 'Vas'),
(3399, '4803', 'Vásárosnamény', 'Szabolcs-Szatmár-Bereg'),
(3400, '4804', 'Vásárosnamény', 'Szabolcs-Szatmár-Bereg'),
(3401, '4800', 'Vásárosnamény', 'Szabolcs-Szatmár-Bereg'),
(3402, '9744', 'Vasasszonyfa', 'Vas'),
(3403, '8914', 'Vasboldogasszony', 'Zala'),
(3404, '9661', 'Vasegerszeg', 'Vas'),
(3405, '9674', 'Vashosszúfalu', 'Vas'),
(3406, '9795', 'Vaskeresztes', 'Vas'),
(3407, '6521', 'Vaskút', 'Bács-Kiskun'),
(3408, '4502', 'Vasmegyer', 'Szabolcs-Szatmár-Bereg'),
(3409, '8998', 'Vaspör', 'Zala'),
(3410, '9741', 'Vassurány', 'Vas'),
(3411, '8245', 'Vászoly', 'Veszprém'),
(3412, '9763', 'Vasszécseny', 'Vas'),
(3413, '9953', 'Vasszentmihály', 'Vas'),
(3414, '9747', 'Vasszilvágy', 'Vas'),
(3415, '9800', 'Vasvár', 'Vas'),
(3416, '8542', 'Vaszar', 'Veszprém'),
(3417, '9748', 'Vát', 'Vas'),
(3418, '3431', 'Vatta', 'Borsod-Abaúj-Zemplén'),
(3419, '7370', 'Vázsnok', 'Baranya'),
(3420, '3265', 'Vécs', 'Heves'),
(3421, '2220', 'Vecsés', 'Pest'),
(3422, '5811', 'Végegyháza', 'Békés'),
(3423, '7838', 'Vejti', 'Baranya'),
(3424, '7333', 'Vékény', 'Baranya'),
(3425, '4143', 'Vekerd', 'Hajdú-Bihar'),
(3426, '9726', 'Velem', 'Vas'),
(3427, '9946', 'Velemér', 'Vas'),
(3428, '2481', 'Velence', 'Fejér'),
(3429, '7951', 'Velény', 'Baranya'),
(3430, '7726', 'Véménd', 'Baranya'),
(3431, '9062', 'Vének', 'Győr-Moson-Sopron'),
(3432, '9751', 'Vép', 'Vas'),
(3433, '2477', 'Vereb', 'Fejér'),
(3434, '2112', 'Veresegyház', 'Pest'),
(3435, '2621', 'Verőce', 'Pest'),
(3436, '3351', 'Verpelét', 'Heves'),
(3437, '2174', 'Verseg', 'Pest'),
(3438, '7752', 'Versend', 'Baranya'),
(3439, '8089', 'Vértesacsa', 'Fejér'),
(3440, '8085', 'Vértesboglár', 'Fejér'),
(3441, '2859', 'Vérteskethely', 'Komárom-Esztergom'),
(3442, '2823', 'Vértessomló', 'Komárom-Esztergom'),
(3443, '2833', 'Vértestolna', 'Komárom-Esztergom'),
(3444, '2837', 'Vértesszőlős', 'Komárom-Esztergom'),
(3445, '8721', 'Vése', 'Somogy'),
(3446, '9352', 'Veszkény', 'Győr-Moson-Sopron'),
(3447, '8412', 'Veszprém', 'Veszprém'),
(3448, '8411', 'Veszprém', 'Veszprém'),
(3449, '8200', 'Veszprém', 'Veszprém'),
(3450, '8248', 'Veszprémfajsz', 'Veszprém'),
(3451, '8475', 'Veszprémgalsa', 'Veszprém'),
(3452, '8438', 'Veszprémvarsány', 'Veszprém'),
(3453, '5530', 'Vésztő', 'Békés'),
(3454, '5093', 'Vezseny', 'Jász-Nagykun-Szolnok'),
(3455, '8484', 'Vid', 'Veszprém'),
(3456, '8294', 'Vigántpetend', 'Veszprém'),
(3457, '7773', 'Villány', 'Baranya'),
(3458, '7772', 'Villánykövesd', 'Baranya'),
(3459, '3891', 'Vilmány', 'Borsod-Abaúj-Zemplén'),
(3460, '8194', 'Vilonya', 'Veszprém'),
(3461, '3991', 'Vilyvitány', 'Borsod-Abaúj-Zemplén'),
(3462, '9535', 'Vinár', 'Veszprém'),
(3463, '8354', 'Vindornyafok', 'Zala'),
(3464, '8353', 'Vindornyalak', 'Zala'),
(3465, '8355', 'Vindornyaszőlős', 'Zala'),
(3466, '2026', 'Visegrád', 'Pest'),
(3467, '2025', 'Visegrád', 'Pest'),
(3468, '7533', 'Visnye', 'Somogy'),
(3469, '3272', 'Visonta', 'Heves'),
(3470, '3271', 'Visonta', 'Heves'),
(3471, '3956', 'Viss', 'Borsod-Abaúj-Zemplén'),
(3472, '8681', 'Visz', 'Somogy'),
(3473, '9932', 'Viszák', 'Vas'),
(3474, '3825', 'Viszló', 'Borsod-Abaúj-Zemplén'),
(3475, '3293', 'Visznek', 'Heves'),
(3476, '9371', 'Vitnyéd', 'Győr-Moson-Sopron'),
(3477, '7588', 'Vízvár', 'Somogy'),
(3478, '3128', 'Vizslás', 'Nógrád'),
(3479, '3888', 'Vizsoly', 'Borsod-Abaúj-Zemplén'),
(3480, '7768', 'Vokány', 'Baranya'),
(3481, '8314', 'Vonyarcvashegy', 'Zala'),
(3482, '8931', 'Vöckönd', 'Zala'),
(3483, '9462', 'Völcsej', 'Győr-Moson-Sopron'),
(3484, '9516', 'Vönöck', 'Vas'),
(3485, '8291', 'Vöröstó', 'Veszprém'),
(3486, '8711', 'Vörs', 'Somogy'),
(3487, '3124', 'Zabar', 'Nógrád'),
(3488, '7976', 'Zádor', 'Baranya'),
(3489, '3726', 'Zádorfalva', 'Borsod-Abaúj-Zemplén'),
(3490, '5051', 'Zagyvarékas', 'Jász-Nagykun-Szolnok'),
(3491, '3031', 'Zagyvaszántó', 'Heves'),
(3492, '4625', 'Záhony', 'Szabolcs-Szatmár-Bereg'),
(3493, '8868', 'Zajk', 'Zala'),
(3494, '4974', 'Zajta', 'Szabolcs-Szatmár-Bereg'),
(3495, '8853', 'Zákány', 'Somogy'),
(3496, '6787', 'Zákányszék', 'Csongrád'),
(3497, '8660', 'Zala', 'Somogy'),
(3498, '8741', 'Zalaapáti', 'Zala'),
(3499, '8971', 'Zalabaksa', 'Zala'),
(3500, '8798', 'Zalabér', 'Zala'),
(3501, '8992', 'Zalaboldogfa', 'Zala'),
(3502, '8782', 'Zalacsány', 'Zala'),
(3503, '8996', 'Zalacséb', 'Zala'),
(3504, '8900', 'Zalaegerszeg', 'Zala'),
(3505, '8344', 'Zalaerdőd', 'Veszprém'),
(3506, '8349', 'Zalagyömörő', 'Veszprém'),
(3507, '8308', 'Zalahaláp', 'Veszprém'),
(3508, '8997', 'Zalaháshágy', 'Zala'),
(3509, '8761', 'Zalaigrice', 'Zala'),
(3510, '8932', 'Zalaistvánd', 'Zala'),
(3511, '8749', 'Zalakaros', 'Zala'),
(3512, '8751', 'Zalakomár', 'Zala'),
(3513, '8752', 'Zalakomár', 'Zala'),
(3514, '8354', 'Zalaköveskút', 'Zala'),
(3515, '8999', 'Zalalövő', 'Zala'),
(3516, '8348', 'Zalameggyes', 'Veszprém'),
(3517, '8747', 'Zalamerenye', 'Zala'),
(3518, '8756', 'Zalasárszeg', 'Zala'),
(3519, '8743', 'Zalaszabar', 'Zala'),
(3520, '8353', 'Zalaszántó', 'Zala'),
(3521, '8476', 'Zalaszegvár', 'Veszprém'),
(3522, '8772', 'Zalaszentbalázs', 'Zala'),
(3523, '8795', 'Zalaszentgrót', 'Zala'),
(3524, '8793', 'Zalaszentgrót', 'Zala'),
(3525, '8785', 'Zalaszentgrót', 'Zala'),
(3526, '8789', 'Zalaszentgrót', 'Zala'),
(3527, '8790', 'Zalaszentgrót', 'Zala'),
(3528, '8994', 'Zalaszentgyörgy', 'Zala'),
(3529, '8921', 'Zalaszentiván', 'Zala'),
(3530, '8827', 'Zalaszentjakab', 'Zala'),
(3531, '8788', 'Zalaszentlászló', 'Zala'),
(3532, '8921', 'Zalaszentlőrinc', 'Zala'),
(3533, '8764', 'Zalaszentmárton', 'Zala'),
(3534, '8936', 'Zalaszentmihály', 'Zala'),
(3535, '8969', 'Zalaszombatfa', 'Zala'),
(3536, '7839', 'Zaláta', 'Baranya'),
(3537, '8947', 'Zalatárnok', 'Zala'),
(3538, '8822', 'Zalaújlak', 'Zala'),
(3539, '8392', 'Zalavár', 'Zala'),
(3540, '8792', 'Zalavég', 'Zala'),
(3541, '3957', 'Zalkod', 'Borsod-Abaúj-Zemplén'),
(3542, '8621', 'Zamárdi', 'Somogy'),
(3543, '8081', 'Zámoly', 'Fejér'),
(3544, '8251', 'Zánka', 'Veszprém'),
(3545, '3296', 'Zaránk', 'Heves'),
(3546, '7182', 'Závod', 'Tolna'),
(3547, '8957', 'Zebecke', 'Zala'),
(3548, '2627', 'Zebegény', 'Pest'),
(3549, '3977', 'Zemplénagárd', 'Borsod-Abaúj-Zemplén'),
(3550, '7720', 'Zengővárkony', 'Baranya'),
(3551, '8112', 'Zichyújfalu', 'Fejér'),
(3552, '8672', 'Zics', 'Somogy'),
(3553, '3794', 'Ziliz', 'Borsod-Abaúj-Zemplén'),
(3554, '7471', 'Zimány', 'Somogy'),
(3555, '8420', 'Zirc', 'Veszprém'),
(3556, '7671', 'Zók', 'Baranya'),
(3557, '7173', 'Zomba', 'Tolna'),
(3558, '5537', 'Zsadány', 'Békés'),
(3559, '4142', 'Zsáka', 'Hajdú-Bihar'),
(3560, '2072', 'Zsámbék', 'Pest'),
(3561, '2116', 'Zsámbok', 'Pest'),
(3562, '6411', 'Zsana', 'Bács-Kiskun'),
(3563, '4961', 'Zsarolyán', 'Szabolcs-Szatmár-Bereg'),
(3564, '9346', 'Zsebeháza', 'Győr-Moson-Sopron'),
(3565, '9635', 'Zsédeny', 'Vas'),
(3566, '7477', 'Zselickisfalud', 'Somogy'),
(3567, '7400', 'Zselickislak', 'Somogy'),
(3568, '7474', 'Zselicszentpál', 'Somogy'),
(3569, '9766', 'Zsennye', 'Vas'),
(3570, '9476', 'Zsira', 'Győr-Moson-Sopron'),
(3571, '6792', 'Zsombó', 'Csongrád'),
(3572, '3897', 'Zsujta', 'Borsod-Abaúj-Zemplén'),
(3573, '4627', 'Zsurk', 'Szabolcs-Szatmár-Bereg'),
(3574, '3723', 'Zubogy', 'Borsod-Abaúj-Zemplén');

--
-- Indexek a kiírt táblákhoz
--

--
-- A tábla indexei `cache`
--
ALTER TABLE `cache`
  ADD PRIMARY KEY (`key`);

--
-- A tábla indexei `cache_locks`
--
ALTER TABLE `cache_locks`
  ADD PRIMARY KEY (`key`);

--
-- A tábla indexei `cimkek`
--
ALTER TABLE `cimkek`
  ADD PRIMARY KEY (`id`),
  ADD UNIQUE KEY `cimkek_nev_unique` (`nev`);

--
-- A tábla indexei `felhasznaloadatok`
--
ALTER TABLE `felhasznaloadatok`
  ADD PRIMARY KEY (`felhasznalo_id`),
  ADD KEY `felhasznaloadatok_varos_foreign` (`varos`);

--
-- A tábla indexei `felhasznalok`
--
ALTER TABLE `felhasznalok`
  ADD PRIMARY KEY (`id`),
  ADD UNIQUE KEY `felhasznalok_felhasz_nev_unique` (`felhasz_nev`),
  ADD UNIQUE KEY `felhasznalok_email_unique` (`email`),
  ADD KEY `felhasznalok_profilkep_id_foreign` (`profilKep_id`);

--
-- A tábla indexei `jelentesek`
--
ALTER TABLE `jelentesek`
  ADD PRIMARY KEY (`id`),
  ADD KEY `jelentesek_bejelento_id_foreign` (`bejelento_id`),
  ADD KEY `jelentesek_poszt_id_foreign` (`poszt_id`),
  ADD KEY `jelentesek_komment_id_foreign` (`komment_id`),
  ADD KEY `jelentesek_kezelo_admin_id_foreign` (`kezelo_admin_id`),
  ADD KEY `jelentesek_statusz_created_at_index` (`statusz`,`created_at`),
  ADD KEY `jelentesek_tipus_index` (`tipus`);

--
-- A tábla indexei `kategoriak`
--
ALTER TABLE `kategoriak`
  ADD PRIMARY KEY (`id`),
  ADD UNIQUE KEY `kategoriak_nev_unique` (`nev`),
  ADD KEY `kategoriak_fo_kategoria_id_foreign` (`fo_kategoria_id`);

--
-- A tábla indexei `kedvencek`
--
ALTER TABLE `kedvencek`
  ADD PRIMARY KEY (`felhasznalo_id`,`termek_id`),
  ADD KEY `kedvencek_termek_id_foreign` (`termek_id`);

--
-- A tábla indexei `kepek`
--
ALTER TABLE `kepek`
  ADD PRIMARY KEY (`id`),
  ADD UNIQUE KEY `kepek_url_link_unique` (`url_Link`);

--
-- A tábla indexei `kommentek`
--
ALTER TABLE `kommentek`
  ADD PRIMARY KEY (`id`),
  ADD KEY `kommentek_poszt_id_foreign` (`poszt_id`),
  ADD KEY `kommentek_kommentelo_foreign` (`kommentelo`),
  ADD KEY `kommentek_elozetes_komment_id_foreign` (`elozetes_komment_id`);

--
-- A tábla indexei `migrations`
--
ALTER TABLE `migrations`
  ADD PRIMARY KEY (`id`);

--
-- A tábla indexei `password_reset_tokens`
--
ALTER TABLE `password_reset_tokens`
  ADD PRIMARY KEY (`email`);

--
-- A tábla indexei `personal_access_tokens`
--
ALTER TABLE `personal_access_tokens`
  ADD PRIMARY KEY (`id`),
  ADD UNIQUE KEY `personal_access_tokens_token_unique` (`token`),
  ADD KEY `personal_access_tokens_tokenable_type_tokenable_id_index` (`tokenable_type`,`tokenable_id`),
  ADD KEY `personal_access_tokens_expires_at_index` (`expires_at`);

--
-- A tábla indexei `posztcimkek`
--
ALTER TABLE `posztcimkek`
  ADD PRIMARY KEY (`poszt_id`,`cimke_id`),
  ADD KEY `posztcimkek_cimke_id_foreign` (`cimke_id`);

--
-- A tábla indexei `posztkepek`
--
ALTER TABLE `posztkepek`
  ADD PRIMARY KEY (`poszt_id`,`kep_id`),
  ADD KEY `posztkepek_kep_id_foreign` (`kep_id`);

--
-- A tábla indexei `posztok`
--
ALTER TABLE `posztok`
  ADD PRIMARY KEY (`id`),
  ADD KEY `posztok_szerzo_id_foreign` (`szerzo_id`),
  ADD KEY `posztok_fo_kep_id_foreign` (`fo_kep_id`);

--
-- A tábla indexei `posztreakciok`
--
ALTER TABLE `posztreakciok`
  ADD PRIMARY KEY (`poszt_id`,`felhasznalo_id`),
  ADD KEY `posztreakciok_felhasznalo_id_foreign` (`felhasznalo_id`);

--
-- A tábla indexei `rendelesek`
--
ALTER TABLE `rendelesek`
  ADD PRIMARY KEY (`id`),
  ADD KEY `rendelesek_szallitasi_varos_id_foreign` (`szallitasi_varos_id`),
  ADD KEY `rendelesek_felhasznalo_id_foreign` (`felhasznalo_id`);

--
-- A tábla indexei `rendelttermekek`
--
ALTER TABLE `rendelttermekek`
  ADD PRIMARY KEY (`id`),
  ADD KEY `rendelttermekek_rendeles_id_foreign` (`rendeles_id`),
  ADD KEY `rendelttermekek_termek_id_foreign` (`termek_id`),
  ADD KEY `rendelttermekek_szin_id_foreign` (`szin_id`);

--
-- A tábla indexei `sessions`
--
ALTER TABLE `sessions`
  ADD PRIMARY KEY (`id`),
  ADD KEY `sessions_user_id_index` (`user_id`),
  ADD KEY `sessions_last_activity_index` (`last_activity`);

--
-- A tábla indexei `szinek`
--
ALTER TABLE `szinek`
  ADD PRIMARY KEY (`id`),
  ADD UNIQUE KEY `szinek_nev_unique` (`nev`),
  ADD UNIQUE KEY `szinek_hex_kod_unique` (`hex_kod`);

--
-- A tábla indexei `termekek`
--
ALTER TABLE `termekek`
  ADD PRIMARY KEY (`id`),
  ADD KEY `termekek_kategoria_id_foreign` (`kategoria_id`),
  ADD KEY `termekek_fo_kep_id_foreign` (`fo_kep_id`);

--
-- A tábla indexei `termekkategoriak`
--
ALTER TABLE `termekkategoriak`
  ADD PRIMARY KEY (`termek_id`,`kategoria_id`),
  ADD KEY `termekkategoriak_kategoria_id_foreign` (`kategoria_id`);

--
-- A tábla indexei `termekkepek`
--
ALTER TABLE `termekkepek`
  ADD PRIMARY KEY (`termek_id`,`kep_id`),
  ADD KEY `termekkepek_kep_id_foreign` (`kep_id`);

--
-- A tábla indexei `termekszinek`
--
ALTER TABLE `termekszinek`
  ADD PRIMARY KEY (`termek_id`,`szin_id`),
  ADD KEY `termekszinek_szin_id_foreign` (`szin_id`);

--
-- A tábla indexei `varosok`
--
ALTER TABLE `varosok`
  ADD PRIMARY KEY (`id`);

--
-- A kiírt táblák AUTO_INCREMENT értéke
--

--
-- AUTO_INCREMENT a táblához `cimkek`
--
ALTER TABLE `cimkek`
  MODIFY `id` int UNSIGNED NOT NULL AUTO_INCREMENT, AUTO_INCREMENT=19;

--
-- AUTO_INCREMENT a táblához `felhasznalok`
--
ALTER TABLE `felhasznalok`
  MODIFY `id` int UNSIGNED NOT NULL AUTO_INCREMENT, AUTO_INCREMENT=64;

--
-- AUTO_INCREMENT a táblához `jelentesek`
--
ALTER TABLE `jelentesek`
  MODIFY `id` bigint UNSIGNED NOT NULL AUTO_INCREMENT, AUTO_INCREMENT=58;

--
-- AUTO_INCREMENT a táblához `kategoriak`
--
ALTER TABLE `kategoriak`
  MODIFY `id` int UNSIGNED NOT NULL AUTO_INCREMENT, AUTO_INCREMENT=26;

--
-- AUTO_INCREMENT a táblához `kepek`
--
ALTER TABLE `kepek`
  MODIFY `id` int UNSIGNED NOT NULL AUTO_INCREMENT, AUTO_INCREMENT=135;

--
-- AUTO_INCREMENT a táblához `kommentek`
--
ALTER TABLE `kommentek`
  MODIFY `id` int UNSIGNED NOT NULL AUTO_INCREMENT, AUTO_INCREMENT=30;

--
-- AUTO_INCREMENT a táblához `migrations`
--
ALTER TABLE `migrations`
  MODIFY `id` int UNSIGNED NOT NULL AUTO_INCREMENT, AUTO_INCREMENT=27;

--
-- AUTO_INCREMENT a táblához `personal_access_tokens`
--
ALTER TABLE `personal_access_tokens`
  MODIFY `id` bigint UNSIGNED NOT NULL AUTO_INCREMENT;

--
-- AUTO_INCREMENT a táblához `posztok`
--
ALTER TABLE `posztok`
  MODIFY `id` int UNSIGNED NOT NULL AUTO_INCREMENT, AUTO_INCREMENT=13;

--
-- AUTO_INCREMENT a táblához `rendelesek`
--
ALTER TABLE `rendelesek`
  MODIFY `id` int UNSIGNED NOT NULL AUTO_INCREMENT, AUTO_INCREMENT=31;

--
-- AUTO_INCREMENT a táblához `rendelttermekek`
--
ALTER TABLE `rendelttermekek`
  MODIFY `id` int UNSIGNED NOT NULL AUTO_INCREMENT, AUTO_INCREMENT=31;

--
-- AUTO_INCREMENT a táblához `szinek`
--
ALTER TABLE `szinek`
  MODIFY `id` int UNSIGNED NOT NULL AUTO_INCREMENT, AUTO_INCREMENT=101;

--
-- AUTO_INCREMENT a táblához `termekek`
--
ALTER TABLE `termekek`
  MODIFY `id` int UNSIGNED NOT NULL AUTO_INCREMENT, AUTO_INCREMENT=33;

--
-- AUTO_INCREMENT a táblához `varosok`
--
ALTER TABLE `varosok`
  MODIFY `id` int UNSIGNED NOT NULL AUTO_INCREMENT, AUTO_INCREMENT=3575;

--
-- Megkötések a kiírt táblákhoz
--

--
-- Megkötések a táblához `felhasznaloadatok`
--
ALTER TABLE `felhasznaloadatok`
  ADD CONSTRAINT `felhasznaloadatok_felhasznalo_id_foreign` FOREIGN KEY (`felhasznalo_id`) REFERENCES `felhasznalok` (`id`) ON DELETE CASCADE,
  ADD CONSTRAINT `felhasznaloadatok_varos_foreign` FOREIGN KEY (`varos`) REFERENCES `varosok` (`id`) ON DELETE SET NULL;

--
-- Megkötések a táblához `felhasznalok`
--
ALTER TABLE `felhasznalok`
  ADD CONSTRAINT `felhasznalok_profilkep_id_foreign` FOREIGN KEY (`profilKep_id`) REFERENCES `kepek` (`id`);

--
-- Megkötések a táblához `jelentesek`
--
ALTER TABLE `jelentesek`
  ADD CONSTRAINT `jelentesek_bejelento_id_foreign` FOREIGN KEY (`bejelento_id`) REFERENCES `felhasznalok` (`id`) ON DELETE SET NULL,
  ADD CONSTRAINT `jelentesek_kezelo_admin_id_foreign` FOREIGN KEY (`kezelo_admin_id`) REFERENCES `felhasznalok` (`id`) ON DELETE SET NULL,
  ADD CONSTRAINT `jelentesek_komment_id_foreign` FOREIGN KEY (`komment_id`) REFERENCES `kommentek` (`id`) ON DELETE CASCADE,
  ADD CONSTRAINT `jelentesek_poszt_id_foreign` FOREIGN KEY (`poszt_id`) REFERENCES `posztok` (`id`) ON DELETE CASCADE;

--
-- Megkötések a táblához `kategoriak`
--
ALTER TABLE `kategoriak`
  ADD CONSTRAINT `kategoriak_fo_kategoria_id_foreign` FOREIGN KEY (`fo_kategoria_id`) REFERENCES `kategoriak` (`id`) ON DELETE SET NULL;

--
-- Megkötések a táblához `kedvencek`
--
ALTER TABLE `kedvencek`
  ADD CONSTRAINT `kedvencek_felhasznalo_id_foreign` FOREIGN KEY (`felhasznalo_id`) REFERENCES `felhasznalok` (`id`),
  ADD CONSTRAINT `kedvencek_termek_id_foreign` FOREIGN KEY (`termek_id`) REFERENCES `termekek` (`id`);

--
-- Megkötések a táblához `kommentek`
--
ALTER TABLE `kommentek`
  ADD CONSTRAINT `kommentek_elozetes_komment_id_foreign` FOREIGN KEY (`elozetes_komment_id`) REFERENCES `kommentek` (`id`) ON DELETE SET NULL,
  ADD CONSTRAINT `kommentek_kommentelo_foreign` FOREIGN KEY (`kommentelo`) REFERENCES `felhasznalok` (`id`) ON DELETE SET NULL,
  ADD CONSTRAINT `kommentek_poszt_id_foreign` FOREIGN KEY (`poszt_id`) REFERENCES `posztok` (`id`) ON DELETE CASCADE;

--
-- Megkötések a táblához `posztcimkek`
--
ALTER TABLE `posztcimkek`
  ADD CONSTRAINT `posztcimkek_cimke_id_foreign` FOREIGN KEY (`cimke_id`) REFERENCES `cimkek` (`id`) ON DELETE CASCADE,
  ADD CONSTRAINT `posztcimkek_poszt_id_foreign` FOREIGN KEY (`poszt_id`) REFERENCES `posztok` (`id`) ON DELETE CASCADE;

--
-- Megkötések a táblához `posztkepek`
--
ALTER TABLE `posztkepek`
  ADD CONSTRAINT `posztkepek_kep_id_foreign` FOREIGN KEY (`kep_id`) REFERENCES `kepek` (`id`) ON DELETE CASCADE,
  ADD CONSTRAINT `posztkepek_poszt_id_foreign` FOREIGN KEY (`poszt_id`) REFERENCES `posztok` (`id`) ON DELETE CASCADE;

--
-- Megkötések a táblához `posztok`
--
ALTER TABLE `posztok`
  ADD CONSTRAINT `posztok_fo_kep_id_foreign` FOREIGN KEY (`fo_kep_id`) REFERENCES `kepek` (`id`) ON DELETE SET NULL,
  ADD CONSTRAINT `posztok_szerzo_id_foreign` FOREIGN KEY (`szerzo_id`) REFERENCES `felhasznalok` (`id`) ON DELETE SET NULL;

--
-- Megkötések a táblához `posztreakciok`
--
ALTER TABLE `posztreakciok`
  ADD CONSTRAINT `posztreakciok_felhasznalo_id_foreign` FOREIGN KEY (`felhasznalo_id`) REFERENCES `felhasznalok` (`id`) ON DELETE CASCADE,
  ADD CONSTRAINT `posztreakciok_poszt_id_foreign` FOREIGN KEY (`poszt_id`) REFERENCES `posztok` (`id`) ON DELETE CASCADE;

--
-- Megkötések a táblához `rendelesek`
--
ALTER TABLE `rendelesek`
  ADD CONSTRAINT `rendelesek_felhasznalo_id_foreign` FOREIGN KEY (`felhasznalo_id`) REFERENCES `felhasznalok` (`id`) ON DELETE SET NULL,
  ADD CONSTRAINT `rendelesek_szallitasi_varos_id_foreign` FOREIGN KEY (`szallitasi_varos_id`) REFERENCES `varosok` (`id`) ON DELETE SET NULL;

--
-- Megkötések a táblához `rendelttermekek`
--
ALTER TABLE `rendelttermekek`
  ADD CONSTRAINT `rendelttermekek_rendeles_id_foreign` FOREIGN KEY (`rendeles_id`) REFERENCES `rendelesek` (`id`) ON DELETE CASCADE,
  ADD CONSTRAINT `rendelttermekek_szin_id_foreign` FOREIGN KEY (`szin_id`) REFERENCES `szinek` (`id`) ON DELETE CASCADE,
  ADD CONSTRAINT `rendelttermekek_termek_id_foreign` FOREIGN KEY (`termek_id`) REFERENCES `termekek` (`id`) ON DELETE CASCADE;

--
-- Megkötések a táblához `termekek`
--
ALTER TABLE `termekek`
  ADD CONSTRAINT `termekek_fo_kep_id_foreign` FOREIGN KEY (`fo_kep_id`) REFERENCES `kepek` (`id`) ON DELETE SET NULL,
  ADD CONSTRAINT `termekek_kategoria_id_foreign` FOREIGN KEY (`kategoria_id`) REFERENCES `kategoriak` (`id`) ON DELETE CASCADE;

--
-- Megkötések a táblához `termekkategoriak`
--
ALTER TABLE `termekkategoriak`
  ADD CONSTRAINT `termekkategoriak_kategoria_id_foreign` FOREIGN KEY (`kategoria_id`) REFERENCES `kategoriak` (`id`) ON DELETE CASCADE,
  ADD CONSTRAINT `termekkategoriak_termek_id_foreign` FOREIGN KEY (`termek_id`) REFERENCES `termekek` (`id`) ON DELETE CASCADE;

--
-- Megkötések a táblához `termekkepek`
--
ALTER TABLE `termekkepek`
  ADD CONSTRAINT `termekkepek_kep_id_foreign` FOREIGN KEY (`kep_id`) REFERENCES `kepek` (`id`) ON DELETE CASCADE,
  ADD CONSTRAINT `termekkepek_termek_id_foreign` FOREIGN KEY (`termek_id`) REFERENCES `termekek` (`id`) ON DELETE CASCADE;

--
-- Megkötések a táblához `termekszinek`
--
ALTER TABLE `termekszinek`
  ADD CONSTRAINT `termekszinek_szin_id_foreign` FOREIGN KEY (`szin_id`) REFERENCES `szinek` (`id`),
  ADD CONSTRAINT `termekszinek_termek_id_foreign` FOREIGN KEY (`termek_id`) REFERENCES `termekek` (`id`);
COMMIT;

/*!40101 SET CHARACTER_SET_CLIENT=@OLD_CHARACTER_SET_CLIENT */;
/*!40101 SET CHARACTER_SET_RESULTS=@OLD_CHARACTER_SET_RESULTS */;
/*!40101 SET COLLATION_CONNECTION=@OLD_COLLATION_CONNECTION */;
